INSERT INTO category(categoryID, categoryName)VALUES(1,'Política');INSERT INTO category(categoryID, categoryName)VALUES(2,'Sociedade');INSERT INTO category(categoryID, categoryName)VALUES(3,'Local');INSERT INTO category(categoryID, categoryName)VALUES(4,'Economia');INSERT INTO category(categoryID, categoryName)VALUES(5,'Mundo');INSERT INTO category(categoryID, categoryName)VALUES(6,'Desporto');INSERT INTO category(categoryID, categoryName)VALUES(7,'Cultura');INSERT INTO category(categoryID, categoryName)VALUES(8,'Ciência');INSERT INTO category(categoryID, categoryName)VALUES(9,'Tecnologia');INSERT INTO category(categoryID, categoryName)VALUES(10,'Opinião');INSERT INTO topic(topicID, topicName, accepted)VALUES(1,''For','FALSE');INSERT INTO category_topics(topicID, categoryID)VALUES(1,4);INSERT INTO category_topics(topicID, categoryID)VALUES(1,7);INSERT INTO category_topics(topicID, categoryID)VALUES(1,9);INSERT INTO topic(topicID, topicName, accepted)VALUES(2,'dried','FALSE');INSERT INTO category_topics(topicID, categoryID)VALUES(2,3);INSERT INTO topic(topicID, topicName, accepted)VALUES(3,'whoso','FALSE');INSERT INTO category_topics(topicID, categoryID)VALUES(3,2);INSERT INTO category_topics(topicID, categoryID)VALUES(3,7);INSERT INTO category_topics(topicID, categoryID)VALUES(3,9);INSERT INTO topic(topicID, topicName, accepted)VALUES(4,'entertainments','FALSE');INSERT INTO category_topics(topicID, categoryID)VALUES(4,4);INSERT INTO category_topics(topicID, categoryID)VALUES(4,5);INSERT INTO category_topics(topicID, categoryID)VALUES(4,7);INSERT INTO category_topics(topicID, categoryID)VALUES(4,10);INSERT INTO topic(topicID, topicName, accepted)VALUES(5,'soldats','FALSE');INSERT INTO category_topics(topicID, categoryID)VALUES(5,2);INSERT INTO category_topics(topicID, categoryID)VALUES(5,3);INSERT INTO topic(topicID, topicName, accepted)VALUES(6,'racontant','FALSE');INSERT INTO category_topics(topicID, categoryID)VALUES(6,3);INSERT INTO category_topics(topicID, categoryID)VALUES(6,6);INSERT INTO category_topics(topicID, categoryID)VALUES(6,5);INSERT INTO topic(topicID, topicName, accepted)VALUES(7,'bouquet','FALSE');INSERT INTO category_topics(topicID, categoryID)VALUES(7,4);INSERT INTO category_topics(topicID, categoryID)VALUES(7,10);INSERT INTO topic(topicID, topicName, accepted)VALUES(8,'Armande','TRUE');INSERT INTO category_topics(topicID, categoryID)VALUES(8,2);INSERT INTO category_topics(topicID, categoryID)VALUES(8,3);INSERT INTO category_topics(topicID, categoryID)VALUES(8,10);INSERT INTO topic(topicID, topicName, accepted)VALUES(9,'highway','FALSE');INSERT INTO category_topics(topicID, categoryID)VALUES(9,3);INSERT INTO category_topics(topicID, categoryID)VALUES(9,9);INSERT INTO topic(topicID, topicName, accepted)VALUES(10,'attendre','TRUE');INSERT INTO category_topics(topicID, categoryID)VALUES(10,3);INSERT INTO category_topics(topicID, categoryID)VALUES(10,7);INSERT INTO topic(topicID, topicName, accepted)VALUES(11,'jouissait','FALSE');INSERT INTO category_topics(topicID, categoryID)VALUES(11,4);INSERT INTO category_topics(topicID, categoryID)VALUES(11,5);INSERT INTO category_topics(topicID, categoryID)VALUES(11,9);INSERT INTO topic(topicID, topicName, accepted)VALUES(12,'palmy','TRUE');INSERT INTO category_topics(topicID, categoryID)VALUES(12,6);INSERT INTO category_topics(topicID, categoryID)VALUES(12,5);INSERT INTO topic(topicID, topicName, accepted)VALUES(13,'reckon','TRUE');INSERT INTO category_topics(topicID, categoryID)VALUES(13,6);INSERT INTO category_topics(topicID, categoryID)VALUES(13,4);INSERT INTO topic(topicID, topicName, accepted)VALUES(14,'authenticated','TRUE');INSERT INTO category_topics(topicID, categoryID)VALUES(14,5);INSERT INTO category_topics(topicID, categoryID)VALUES(14,10);INSERT INTO topic(topicID, topicName, accepted)VALUES(15,'emit','TRUE');INSERT INTO category_topics(topicID, categoryID)VALUES(15,4);INSERT INTO topic(topicID, topicName, accepted)VALUES(16,'mistresses','TRUE');INSERT INTO category_topics(topicID, categoryID)VALUES(16,2);INSERT INTO category_topics(topicID, categoryID)VALUES(16,3);INSERT INTO category_topics(topicID, categoryID)VALUES(16,10);INSERT INTO topic(topicID, topicName, accepted)VALUES(17,'cheated','FALSE');INSERT INTO category_topics(topicID, categoryID)VALUES(17,3);INSERT INTO category_topics(topicID, categoryID)VALUES(17,6);INSERT INTO category_topics(topicID, categoryID)VALUES(17,4);INSERT INTO category_topics(topicID, categoryID)VALUES(17,5);INSERT INTO category_topics(topicID, categoryID)VALUES(17,10);INSERT INTO topic(topicID, topicName, accepted)VALUES(18,'Angeles','TRUE');INSERT INTO category_topics(topicID, categoryID)VALUES(18,2);INSERT INTO category_topics(topicID, categoryID)VALUES(18,8);INSERT INTO category_topics(topicID, categoryID)VALUES(18,10);INSERT INTO topic(topicID, topicName, accepted)VALUES(19,'surreptitious','FALSE');INSERT INTO category_topics(topicID, categoryID)VALUES(19,2);INSERT INTO category_topics(topicID, categoryID)VALUES(19,3);INSERT INTO category_topics(topicID, categoryID)VALUES(19,6);INSERT INTO category_topics(topicID, categoryID)VALUES(19,10);INSERT INTO topic(topicID, topicName, accepted)VALUES(20,'spiritless','TRUE');INSERT INTO category_topics(topicID, categoryID)VALUES(20,2);INSERT INTO topic(topicID, topicName, accepted)VALUES(21,'engage','TRUE');INSERT INTO category_topics(topicID, categoryID)VALUES(21,3);INSERT INTO category_topics(topicID, categoryID)VALUES(21,4);INSERT INTO topic(topicID, topicName, accepted)VALUES(22,'commandment','FALSE');INSERT INTO category_topics(topicID, categoryID)VALUES(22,4);INSERT INTO category_topics(topicID, categoryID)VALUES(22,7);INSERT INTO category_topics(topicID, categoryID)VALUES(22,8);INSERT INTO topic(topicID, topicName, accepted)VALUES(23,'Longwood','TRUE');INSERT INTO category_topics(topicID, categoryID)VALUES(23,3);INSERT INTO category_topics(topicID, categoryID)VALUES(23,6);INSERT INTO category_topics(topicID, categoryID)VALUES(23,10);INSERT INTO topic(topicID, topicName, accepted)VALUES(24,'lurched','TRUE');INSERT INTO category_topics(topicID, categoryID)VALUES(24,3);INSERT INTO category_topics(topicID, categoryID)VALUES(24,5);INSERT INTO category_topics(topicID, categoryID)VALUES(24,9);INSERT INTO category_topics(topicID, categoryID)VALUES(24,10);INSERT INTO topic(topicID, topicName, accepted)VALUES(25,'Externally','TRUE');INSERT INTO category_topics(topicID, categoryID)VALUES(25,3);INSERT INTO category_topics(topicID, categoryID)VALUES(25,5);INSERT INTO category_topics(topicID, categoryID)VALUES(25,7);INSERT INTO category_topics(topicID, categoryID)VALUES(25,8);INSERT INTO topic(topicID, topicName, accepted)VALUES(26,'fostered','TRUE');INSERT INTO category_topics(topicID, categoryID)VALUES(26,3);INSERT INTO category_topics(topicID, categoryID)VALUES(26,7);INSERT INTO topic(topicID, topicName, accepted)VALUES(27,'tiam','TRUE');INSERT INTO category_topics(topicID, categoryID)VALUES(27,3);INSERT INTO category_topics(topicID, categoryID)VALUES(27,6);INSERT INTO category_topics(topicID, categoryID)VALUES(27,4);INSERT INTO category_topics(topicID, categoryID)VALUES(27,7);INSERT INTO topic(topicID, topicName, accepted)VALUES(28,'brightening','TRUE');INSERT INTO category_topics(topicID, categoryID)VALUES(28,7);INSERT INTO category_topics(topicID, categoryID)VALUES(28,9);INSERT INTO topic(topicID, topicName, accepted)VALUES(29,'Noah's','TRUE');INSERT INTO category_topics(topicID, categoryID)VALUES(29,7);INSERT INTO category_topics(topicID, categoryID)VALUES(29,9);INSERT INTO topic(topicID, topicName, accepted)VALUES(30,'halberds','TRUE');INSERT INTO category_topics(topicID, categoryID)VALUES(30,7);INSERT INTO category_topics(topicID, categoryID)VALUES(30,10);INSERT INTO topic(topicID, topicName, accepted)VALUES(31,'solches','TRUE');INSERT INTO category_topics(topicID, categoryID)VALUES(31,4);INSERT INTO category_topics(topicID, categoryID)VALUES(31,7);INSERT INTO category_topics(topicID, categoryID)VALUES(31,10);INSERT INTO topic(topicID, topicName, accepted)VALUES(32,'Alger','TRUE');INSERT INTO category_topics(topicID, categoryID)VALUES(32,2);INSERT INTO category_topics(topicID, categoryID)VALUES(32,4);INSERT INTO category_topics(topicID, categoryID)VALUES(32,9);INSERT INTO topic(topicID, topicName, accepted)VALUES(33,'nella','TRUE');INSERT INTO category_topics(topicID, categoryID)VALUES(33,2);INSERT INTO category_topics(topicID, categoryID)VALUES(33,6);INSERT INTO category_topics(topicID, categoryID)VALUES(33,4);INSERT INTO category_topics(topicID, categoryID)VALUES(33,7);INSERT INTO topic(topicID, topicName, accepted)VALUES(34,'Outlines','FALSE');INSERT INTO category_topics(topicID, categoryID)VALUES(34,7);INSERT INTO topic(topicID, topicName, accepted)VALUES(35,'whatsoever','FALSE');INSERT INTO category_topics(topicID, categoryID)VALUES(35,7);INSERT INTO topic(topicID, topicName, accepted)VALUES(36,'neater','TRUE');INSERT INTO category_topics(topicID, categoryID)VALUES(36,3);INSERT INTO category_topics(topicID, categoryID)VALUES(36,4);INSERT INTO category_topics(topicID, categoryID)VALUES(36,8);INSERT INTO category_topics(topicID, categoryID)VALUES(36,9);INSERT INTO topic(topicID, topicName, accepted)VALUES(37,'rike','FALSE');INSERT INTO category_topics(topicID, categoryID)VALUES(37,6);INSERT INTO category_topics(topicID, categoryID)VALUES(37,4);INSERT INTO category_topics(topicID, categoryID)VALUES(37,5);INSERT INTO category_topics(topicID, categoryID)VALUES(37,7);INSERT INTO topic(topicID, topicName, accepted)VALUES(38,'ees','TRUE');INSERT INTO category_topics(topicID, categoryID)VALUES(38,4);INSERT INTO category_topics(topicID, categoryID)VALUES(38,5);INSERT INTO category_topics(topicID, categoryID)VALUES(38,8);INSERT INTO category_topics(topicID, categoryID)VALUES(38,10);INSERT INTO topic(topicID, topicName, accepted)VALUES(39,'between','FALSE');INSERT INTO category_topics(topicID, categoryID)VALUES(39,3);INSERT INTO category_topics(topicID, categoryID)VALUES(39,4);INSERT INTO category_topics(topicID, categoryID)VALUES(39,5);INSERT INTO category_topics(topicID, categoryID)VALUES(39,8);INSERT INTO topic(topicID, topicName, accepted)VALUES(40,'jusqu'en','FALSE');INSERT INTO category_topics(topicID, categoryID)VALUES(40,3);INSERT INTO category_topics(topicID, categoryID)VALUES(40,5);INSERT INTO category_topics(topicID, categoryID)VALUES(40,10);INSERT INTO topic(topicID, topicName, accepted)VALUES(41,'archiepiscopal','FALSE');INSERT INTO category_topics(topicID, categoryID)VALUES(41,3);INSERT INTO category_topics(topicID, categoryID)VALUES(41,7);INSERT INTO category_topics(topicID, categoryID)VALUES(41,8);INSERT INTO topic(topicID, topicName, accepted)VALUES(42,'Jonathan's','FALSE');INSERT INTO category_topics(topicID, categoryID)VALUES(42,6);INSERT INTO category_topics(topicID, categoryID)VALUES(42,4);INSERT INTO category_topics(topicID, categoryID)VALUES(42,9);INSERT INTO topic(topicID, topicName, accepted)VALUES(43,'Falten','FALSE');INSERT INTO category_topics(topicID, categoryID)VALUES(43,3);INSERT INTO category_topics(topicID, categoryID)VALUES(43,6);INSERT INTO category_topics(topicID, categoryID)VALUES(43,5);INSERT INTO topic(topicID, topicName, accepted)VALUES(44,'Mechanics','FALSE');INSERT INTO category_topics(topicID, categoryID)VALUES(44,6);INSERT INTO category_topics(topicID, categoryID)VALUES(44,9);INSERT INTO topic(topicID, topicName, accepted)VALUES(45,'bunch','TRUE');INSERT INTO category_topics(topicID, categoryID)VALUES(45,6);INSERT INTO category_topics(topicID, categoryID)VALUES(45,4);INSERT INTO category_topics(topicID, categoryID)VALUES(45,10);INSERT INTO topic(topicID, topicName, accepted)VALUES(46,'dejaba','TRUE');INSERT INTO category_topics(topicID, categoryID)VALUES(46,2);INSERT INTO category_topics(topicID, categoryID)VALUES(46,3);INSERT INTO category_topics(topicID, categoryID)VALUES(46,6);INSERT INTO category_topics(topicID, categoryID)VALUES(46,4);INSERT INTO category_topics(topicID, categoryID)VALUES(46,8);INSERT INTO category_topics(topicID, categoryID)VALUES(46,9);INSERT INTO topic(topicID, topicName, accepted)VALUES(47,'rahaa','FALSE');INSERT INTO category_topics(topicID, categoryID)VALUES(47,4);INSERT INTO category_topics(topicID, categoryID)VALUES(47,8);INSERT INTO topic(topicID, topicName, accepted)VALUES(48,'minulta','TRUE');INSERT INTO category_topics(topicID, categoryID)VALUES(48,3);INSERT INTO category_topics(topicID, categoryID)VALUES(48,6);INSERT INTO category_topics(topicID, categoryID)VALUES(48,4);INSERT INTO category_topics(topicID, categoryID)VALUES(48,7);INSERT INTO category_topics(topicID, categoryID)VALUES(48,9);INSERT INTO topic(topicID, topicName, accepted)VALUES(49,'regiones','TRUE');INSERT INTO category_topics(topicID, categoryID)VALUES(49,9);INSERT INTO topic(topicID, topicName, accepted)VALUES(50,'paar','TRUE');INSERT INTO category_topics(topicID, categoryID)VALUES(50,5);INSERT INTO category_topics(topicID, categoryID)VALUES(50,8);INSERT INTO topic(topicID, topicName, accepted)VALUES(51,'LI','TRUE');INSERT INTO category_topics(topicID, categoryID)VALUES(51,2);INSERT INTO topic(topicID, topicName, accepted)VALUES(52,'eilanden','FALSE');INSERT INTO category_topics(topicID, categoryID)VALUES(52,3);INSERT INTO category_topics(topicID, categoryID)VALUES(52,4);INSERT INTO category_topics(topicID, categoryID)VALUES(52,5);INSERT INTO category_topics(topicID, categoryID)VALUES(52,7);INSERT INTO category_topics(topicID, categoryID)VALUES(52,10);INSERT INTO topic(topicID, topicName, accepted)VALUES(53,'Bernal','FALSE');INSERT INTO category_topics(topicID, categoryID)VALUES(53,2);INSERT INTO category_topics(topicID, categoryID)VALUES(53,3);INSERT INTO category_topics(topicID, categoryID)VALUES(53,6);INSERT INTO category_topics(topicID, categoryID)VALUES(53,4);INSERT INTO category_topics(topicID, categoryID)VALUES(53,9);INSERT INTO topic(topicID, topicName, accepted)VALUES(54,'Masai','FALSE');INSERT INTO category_topics(topicID, categoryID)VALUES(54,5);INSERT INTO topic(topicID, topicName, accepted)VALUES(55,'Dad','FALSE');INSERT INTO category_topics(topicID, categoryID)VALUES(55,2);INSERT INTO category_topics(topicID, categoryID)VALUES(55,10);INSERT INTO topic(topicID, topicName, accepted)VALUES(56,'précieux','TRUE');INSERT INTO category_topics(topicID, categoryID)VALUES(56,2);INSERT INTO category_topics(topicID, categoryID)VALUES(56,3);INSERT INTO category_topics(topicID, categoryID)VALUES(56,7);INSERT INTO category_topics(topicID, categoryID)VALUES(56,8);INSERT INTO topic(topicID, topicName, accepted)VALUES(57,'honteuse','TRUE');INSERT INTO category_topics(topicID, categoryID)VALUES(57,6);INSERT INTO category_topics(topicID, categoryID)VALUES(57,4);INSERT INTO category_topics(topicID, categoryID)VALUES(57,9);INSERT INTO topic(topicID, topicName, accepted)VALUES(58,'AWAY','TRUE');INSERT INTO category_topics(topicID, categoryID)VALUES(58,2);INSERT INTO category_topics(topicID, categoryID)VALUES(58,6);INSERT INTO category_topics(topicID, categoryID)VALUES(58,4);INSERT INTO category_topics(topicID, categoryID)VALUES(58,5);INSERT INTO category_topics(topicID, categoryID)VALUES(58,7);INSERT INTO topic(topicID, topicName, accepted)VALUES(59,'impeached','TRUE');INSERT INTO category_topics(topicID, categoryID)VALUES(59,6);INSERT INTO category_topics(topicID, categoryID)VALUES(59,10);INSERT INTO topic(topicID, topicName, accepted)VALUES(60,'savored','FALSE');INSERT INTO category_topics(topicID, categoryID)VALUES(60,7);INSERT INTO topic(topicID, topicName, accepted)VALUES(61,'blushes','FALSE');INSERT INTO category_topics(topicID, categoryID)VALUES(61,3);INSERT INTO category_topics(topicID, categoryID)VALUES(61,4);INSERT INTO category_topics(topicID, categoryID)VALUES(61,5);INSERT INTO category_topics(topicID, categoryID)VALUES(61,7);INSERT INTO category_topics(topicID, categoryID)VALUES(61,8);INSERT INTO topic(topicID, topicName, accepted)VALUES(62,'clucking','TRUE');INSERT INTO category_topics(topicID, categoryID)VALUES(62,5);INSERT INTO category_topics(topicID, categoryID)VALUES(62,8);INSERT INTO category_topics(topicID, categoryID)VALUES(62,10);INSERT INTO topic(topicID, topicName, accepted)VALUES(63,'trudging','FALSE');INSERT INTO category_topics(topicID, categoryID)VALUES(63,4);INSERT INTO category_topics(topicID, categoryID)VALUES(63,9);INSERT INTO category_topics(topicID, categoryID)VALUES(63,10);INSERT INTO topic(topicID, topicName, accepted)VALUES(64,'can.'','TRUE');INSERT INTO category_topics(topicID, categoryID)VALUES(64,4);INSERT INTO category_topics(topicID, categoryID)VALUES(64,9);INSERT INTO topic(topicID, topicName, accepted)VALUES(65,'CHAPEL','FALSE');INSERT INTO category_topics(topicID, categoryID)VALUES(65,2);INSERT INTO category_topics(topicID, categoryID)VALUES(65,4);INSERT INTO category_topics(topicID, categoryID)VALUES(65,8);INSERT INTO topic(topicID, topicName, accepted)VALUES(66,'Talpey','FALSE');INSERT INTO category_topics(topicID, categoryID)VALUES(66,7);INSERT INTO topic(topicID, topicName, accepted)VALUES(67,'tow','TRUE');INSERT INTO category_topics(topicID, categoryID)VALUES(67,4);INSERT INTO category_topics(topicID, categoryID)VALUES(67,9);INSERT INTO topic(topicID, topicName, accepted)VALUES(68,'purgation','TRUE');INSERT INTO category_topics(topicID, categoryID)VALUES(68,2);INSERT INTO category_topics(topicID, categoryID)VALUES(68,6);INSERT INTO category_topics(topicID, categoryID)VALUES(68,5);INSERT INTO category_topics(topicID, categoryID)VALUES(68,7);INSERT INTO category_topics(topicID, categoryID)VALUES(68,10);INSERT INTO topic(topicID, topicName, accepted)VALUES(69,'worshiping','FALSE');INSERT INTO category_topics(topicID, categoryID)VALUES(69,2);INSERT INTO category_topics(topicID, categoryID)VALUES(69,6);INSERT INTO category_topics(topicID, categoryID)VALUES(69,4);INSERT INTO topic(topicID, topicName, accepted)VALUES(70,'examines','TRUE');INSERT INTO category_topics(topicID, categoryID)VALUES(70,3);INSERT INTO category_topics(topicID, categoryID)VALUES(70,5);INSERT INTO category_topics(topicID, categoryID)VALUES(70,7);INSERT INTO category_topics(topicID, categoryID)VALUES(70,10);INSERT INTO topic(topicID, topicName, accepted)VALUES(71,'London's','FALSE');INSERT INTO category_topics(topicID, categoryID)VALUES(71,6);INSERT INTO category_topics(topicID, categoryID)VALUES(71,4);INSERT INTO category_topics(topicID, categoryID)VALUES(71,7);INSERT INTO category_topics(topicID, categoryID)VALUES(71,10);INSERT INTO topic(topicID, topicName, accepted)VALUES(72,'Croly','TRUE');INSERT INTO category_topics(topicID, categoryID)VALUES(72,6);INSERT INTO category_topics(topicID, categoryID)VALUES(72,7);INSERT INTO topic(topicID, topicName, accepted)VALUES(73,'opportune','FALSE');INSERT INTO category_topics(topicID, categoryID)VALUES(73,6);INSERT INTO category_topics(topicID, categoryID)VALUES(73,4);INSERT INTO category_topics(topicID, categoryID)VALUES(73,7);INSERT INTO category_topics(topicID, categoryID)VALUES(73,9);INSERT INTO topic(topicID, topicName, accepted)VALUES(74,'complied','TRUE');INSERT INTO category_topics(topicID, categoryID)VALUES(74,6);INSERT INTO category_topics(topicID, categoryID)VALUES(74,5);INSERT INTO category_topics(topicID, categoryID)VALUES(74,9);INSERT INTO topic(topicID, topicName, accepted)VALUES(75,'Inferno','FALSE');INSERT INTO category_topics(topicID, categoryID)VALUES(75,7);INSERT INTO category_topics(topicID, categoryID)VALUES(75,9);INSERT INTO topic(topicID, topicName, accepted)VALUES(76,'Frank','FALSE');INSERT INTO category_topics(topicID, categoryID)VALUES(76,6);INSERT INTO topic(topicID, topicName, accepted)VALUES(77,'Lamas','TRUE');INSERT INTO category_topics(topicID, categoryID)VALUES(77,5);INSERT INTO category_topics(topicID, categoryID)VALUES(77,9);INSERT INTO topic(topicID, topicName, accepted)VALUES(78,'Grimaud','TRUE');INSERT INTO category_topics(topicID, categoryID)VALUES(78,4);INSERT INTO category_topics(topicID, categoryID)VALUES(78,5);INSERT INTO category_topics(topicID, categoryID)VALUES(78,9);INSERT INTO topic(topicID, topicName, accepted)VALUES(79,'crude','FALSE');INSERT INTO category_topics(topicID, categoryID)VALUES(79,2);INSERT INTO category_topics(topicID, categoryID)VALUES(79,3);INSERT INTO category_topics(topicID, categoryID)VALUES(79,5);INSERT INTO category_topics(topicID, categoryID)VALUES(79,7);INSERT INTO topic(topicID, topicName, accepted)VALUES(80,'LIVES','FALSE');INSERT INTO category_topics(topicID, categoryID)VALUES(80,2);INSERT INTO category_topics(topicID, categoryID)VALUES(80,3);INSERT INTO category_topics(topicID, categoryID)VALUES(80,4);INSERT INTO category_topics(topicID, categoryID)VALUES(80,7);INSERT INTO topic(topicID, topicName, accepted)VALUES(81,'pettishly','FALSE');INSERT INTO category_topics(topicID, categoryID)VALUES(81,3);INSERT INTO category_topics(topicID, categoryID)VALUES(81,6);INSERT INTO category_topics(topicID, categoryID)VALUES(81,8);INSERT INTO category_topics(topicID, categoryID)VALUES(81,10);INSERT INTO topic(topicID, topicName, accepted)VALUES(82,'Kranke','FALSE');INSERT INTO category_topics(topicID, categoryID)VALUES(82,2);INSERT INTO category_topics(topicID, categoryID)VALUES(82,3);INSERT INTO category_topics(topicID, categoryID)VALUES(82,8);INSERT INTO topic(topicID, topicName, accepted)VALUES(83,'dual','FALSE');INSERT INTO category_topics(topicID, categoryID)VALUES(83,2);INSERT INTO category_topics(topicID, categoryID)VALUES(83,5);INSERT INTO category_topics(topicID, categoryID)VALUES(83,7);INSERT INTO category_topics(topicID, categoryID)VALUES(83,10);INSERT INTO topic(topicID, topicName, accepted)VALUES(84,'benefits','FALSE');INSERT INTO category_topics(topicID, categoryID)VALUES(84,2);INSERT INTO category_topics(topicID, categoryID)VALUES(84,3);INSERT INTO category_topics(topicID, categoryID)VALUES(84,6);INSERT INTO category_topics(topicID, categoryID)VALUES(84,4);INSERT INTO category_topics(topicID, categoryID)VALUES(84,5);INSERT INTO category_topics(topicID, categoryID)VALUES(84,7);INSERT INTO category_topics(topicID, categoryID)VALUES(84,10);INSERT INTO topic(topicID, topicName, accepted)VALUES(85,'referring','TRUE');INSERT INTO category_topics(topicID, categoryID)VALUES(85,2);INSERT INTO category_topics(topicID, categoryID)VALUES(85,6);INSERT INTO category_topics(topicID, categoryID)VALUES(85,9);INSERT INTO topic(topicID, topicName, accepted)VALUES(86,'twang','FALSE');INSERT INTO category_topics(topicID, categoryID)VALUES(86,6);INSERT INTO category_topics(topicID, categoryID)VALUES(86,5);INSERT INTO category_topics(topicID, categoryID)VALUES(86,7);INSERT INTO topic(topicID, topicName, accepted)VALUES(87,'bag','TRUE');INSERT INTO category_topics(topicID, categoryID)VALUES(87,5);INSERT INTO category_topics(topicID, categoryID)VALUES(87,7);INSERT INTO topic(topicID, topicName, accepted)VALUES(88,'vulgar','TRUE');INSERT INTO category_topics(topicID, categoryID)VALUES(88,2);INSERT INTO category_topics(topicID, categoryID)VALUES(88,3);INSERT INTO category_topics(topicID, categoryID)VALUES(88,7);INSERT INTO topic(topicID, topicName, accepted)VALUES(89,'puddles','TRUE');INSERT INTO category_topics(topicID, categoryID)VALUES(89,5);INSERT INTO category_topics(topicID, categoryID)VALUES(89,8);INSERT INTO topic(topicID, topicName, accepted)VALUES(90,'Exact','TRUE');INSERT INTO category_topics(topicID, categoryID)VALUES(90,3);INSERT INTO category_topics(topicID, categoryID)VALUES(90,7);INSERT INTO category_topics(topicID, categoryID)VALUES(90,9);INSERT INTO topic(topicID, topicName, accepted)VALUES(91,'culpa','TRUE');INSERT INTO category_topics(topicID, categoryID)VALUES(91,2);INSERT INTO category_topics(topicID, categoryID)VALUES(91,6);INSERT INTO category_topics(topicID, categoryID)VALUES(91,7);INSERT INTO category_topics(topicID, categoryID)VALUES(91,9);INSERT INTO topic(topicID, topicName, accepted)VALUES(92,'mori','TRUE');INSERT INTO category_topics(topicID, categoryID)VALUES(92,2);INSERT INTO category_topics(topicID, categoryID)VALUES(92,6);INSERT INTO category_topics(topicID, categoryID)VALUES(92,4);INSERT INTO category_topics(topicID, categoryID)VALUES(92,9);INSERT INTO topic(topicID, topicName, accepted)VALUES(93,'hideousness','TRUE');INSERT INTO category_topics(topicID, categoryID)VALUES(93,6);INSERT INTO category_topics(topicID, categoryID)VALUES(93,4);INSERT INTO category_topics(topicID, categoryID)VALUES(93,7);INSERT INTO topic(topicID, topicName, accepted)VALUES(94,'neighbor','FALSE');INSERT INTO category_topics(topicID, categoryID)VALUES(94,6);INSERT INTO category_topics(topicID, categoryID)VALUES(94,4);INSERT INTO category_topics(topicID, categoryID)VALUES(94,9);INSERT INTO topic(topicID, topicName, accepted)VALUES(95,'allons','TRUE');INSERT INTO category_topics(topicID, categoryID)VALUES(95,3);INSERT INTO category_topics(topicID, categoryID)VALUES(95,4);INSERT INTO category_topics(topicID, categoryID)VALUES(95,10);INSERT INTO topic(topicID, topicName, accepted)VALUES(96,'Bragg's','TRUE');INSERT INTO category_topics(topicID, categoryID)VALUES(96,6);INSERT INTO category_topics(topicID, categoryID)VALUES(96,9);INSERT INTO topic(topicID, topicName, accepted)VALUES(97,'muesst','FALSE');INSERT INTO category_topics(topicID, categoryID)VALUES(97,6);INSERT INTO category_topics(topicID, categoryID)VALUES(97,8);INSERT INTO category_topics(topicID, categoryID)VALUES(97,10);INSERT INTO topic(topicID, topicName, accepted)VALUES(98,'moralische','FALSE');INSERT INTO category_topics(topicID, categoryID)VALUES(98,2);INSERT INTO category_topics(topicID, categoryID)VALUES(98,5);INSERT INTO category_topics(topicID, categoryID)VALUES(98,9);INSERT INTO topic(topicID, topicName, accepted)VALUES(99,'Wilhelm','FALSE');INSERT INTO category_topics(topicID, categoryID)VALUES(99,3);INSERT INTO category_topics(topicID, categoryID)VALUES(99,4);INSERT INTO category_topics(topicID, categoryID)VALUES(99,5);INSERT INTO category_topics(topicID, categoryID)VALUES(99,9);INSERT INTO topic(topicID, topicName, accepted)VALUES(100,'Versprechen','FALSE');INSERT INTO category_topics(topicID, categoryID)VALUES(100,4);INSERT INTO category_topics(topicID, categoryID)VALUES(100,5);INSERT INTO category_topics(topicID, categoryID)VALUES(100,10);INSERT INTO publisher(userID, nome, email, publishPassword, creationDate, nfriends, profilePic, bio, publisherPosts, reputation, banned)VALUES(1,'ChristeenSchilling','christeenschilling@gmail.com','1036a6b41cfc6bc024652e9562ae2fabc5d3333c52492776c03783990c361b80','2024-9-8 11:43:30',10,'','Hi, my name is ChristeenSchilling',0,0,'FALSE');INSERT INTO feed_topic(publisherID, topicID)VALUES(1,9);INSERT INTO feed_topic(publisherID, topicID)VALUES(1,37);INSERT INTO feed_topic(publisherID, topicID)VALUES(1,12);INSERT INTO feed_topic(publisherID, topicID)VALUES(1,71);INSERT INTO feed_topic(publisherID, topicID)VALUES(1,21);INSERT INTO feed_topic(publisherID, topicID)VALUES(1,59);INSERT INTO feed_topic(publisherID, topicID)VALUES(1,90);INSERT INTO feed_topic(publisherID, topicID)VALUES(1,90);INSERT INTO feed_topic(publisherID, topicID)VALUES(1,79);INSERT INTO feed_topic(publisherID, topicID)VALUES(1,65);INSERT INTO feed_topic(publisherID, topicID)VALUES(1,57);INSERT INTO feed_topic(publisherID, topicID)VALUES(1,49);INSERT INTO feed_topic(publisherID, topicID)VALUES(1,14);INSERT INTO feed_topic(publisherID, topicID)VALUES(1,19);INSERT INTO feed_topic(publisherID, topicID)VALUES(1,61);INSERT INTO feed_topic(publisherID, topicID)VALUES(1,83);INSERT INTO feed_topic(publisherID, topicID)VALUES(1,29);INSERT INTO feed_topic(publisherID, topicID)VALUES(1,22);INSERT INTO feed_topic(publisherID, topicID)VALUES(1,58);INSERT INTO feed_topic(publisherID, topicID)VALUES(1,5);INSERT INTO feed_topic(publisherID, topicID)VALUES(1,51);INSERT INTO feed_topic(publisherID, topicID)VALUES(1,2);INSERT INTO feed_topic(publisherID, topicID)VALUES(1,52);INSERT INTO feed_topic(publisherID, topicID)VALUES(1,21);INSERT INTO feed_topic(publisherID, topicID)VALUES(1,2);INSERT INTO feed_topic(publisherID, topicID)VALUES(1,82);INSERT INTO feed_topic(publisherID, topicID)VALUES(1,88);INSERT INTO feed_topic(publisherID, topicID)VALUES(1,14);INSERT INTO feed_topic(publisherID, topicID)VALUES(1,9);INSERT INTO feed_topic(publisherID, topicID)VALUES(1,6);INSERT INTO feed_topic(publisherID, topicID)VALUES(1,63);INSERT INTO feed_topic(publisherID, topicID)VALUES(1,13);INSERT INTO feed_topic(publisherID, topicID)VALUES(1,65);INSERT INTO feed_topic(publisherID, topicID)VALUES(1,77);INSERT INTO feed_topic(publisherID, topicID)VALUES(1,61);INSERT INTO feed_topic(publisherID, topicID)VALUES(1,16);INSERT INTO feed_topic(publisherID, topicID)VALUES(1,55);INSERT INTO feed_topic(publisherID, topicID)VALUES(1,51);INSERT INTO feed_topic(publisherID, topicID)VALUES(1,18);INSERT INTO feed_topic(publisherID, topicID)VALUES(1,87);INSERT INTO feed_topic(publisherID, topicID)VALUES(1,82);INSERT INTO feed_topic(publisherID, topicID)VALUES(1,76);INSERT INTO feed_topic(publisherID, topicID)VALUES(1,68);INSERT INTO feed_topic(publisherID, topicID)VALUES(1,41);INSERT INTO feed_topic(publisherID, topicID)VALUES(1,11);INSERT INTO feed_topic(publisherID, topicID)VALUES(1,93);INSERT INTO feed_topic(publisherID, topicID)VALUES(1,67);INSERT INTO feed_topic(publisherID, topicID)VALUES(1,92);INSERT INTO feed_topic(publisherID, topicID)VALUES(1,49);INSERT INTO feed_topic(publisherID, topicID)VALUES(1,74);INSERT INTO feed_topic(publisherID, topicID)VALUES(1,15);INSERT INTO feed_topic(publisherID, topicID)VALUES(1,54);INSERT INTO feed_topic(publisherID, topicID)VALUES(1,80);INSERT INTO feed_topic(publisherID, topicID)VALUES(1,86);INSERT INTO feed_topic(publisherID, topicID)VALUES(1,49);INSERT INTO feed_topic(publisherID, topicID)VALUES(1,49);INSERT INTO feed_topic(publisherID, topicID)VALUES(1,80);INSERT INTO feed_topic(publisherID, topicID)VALUES(1,32);INSERT INTO feed_topic(publisherID, topicID)VALUES(1,5);INSERT INTO feed_topic(publisherID, topicID)VALUES(1,14);INSERT INTO feed_topic(publisherID, topicID)VALUES(1,62);INSERT INTO feed_topic(publisherID, topicID)VALUES(1,93);INSERT INTO feed_topic(publisherID, topicID)VALUES(1,17);INSERT INTO feed_topic(publisherID, topicID)VALUES(1,44);INSERT INTO feed_topic(publisherID, topicID)VALUES(1,20);INSERT INTO feed_topic(publisherID, topicID)VALUES(1,70);INSERT INTO feed_topic(publisherID, topicID)VALUES(1,69);INSERT INTO feed_topic(publisherID, topicID)VALUES(1,15);INSERT INTO feed_topic(publisherID, topicID)VALUES(1,60);INSERT INTO feed_topic(publisherID, topicID)VALUES(1,79);INSERT INTO feed_topic(publisherID, topicID)VALUES(1,21);INSERT INTO feed_topic(publisherID, topicID)VALUES(1,1);INSERT INTO feed_topic(publisherID, topicID)VALUES(1,57);INSERT INTO feed_topic(publisherID, topicID)VALUES(1,80);INSERT INTO feed_topic(publisherID, topicID)VALUES(1,90);INSERT INTO feed_topic(publisherID, topicID)VALUES(1,2);INSERT INTO feed_topic(publisherID, topicID)VALUES(1,59);INSERT INTO feed_topic(publisherID, topicID)VALUES(1,7);INSERT INTO feed_topic(publisherID, topicID)VALUES(1,26);INSERT INTO feed_topic(publisherID, topicID)VALUES(1,27);INSERT INTO feed_topic(publisherID, topicID)VALUES(1,7);INSERT INTO feed_topic(publisherID, topicID)VALUES(1,64);INSERT INTO feed_topic(publisherID, topicID)VALUES(1,51);INSERT INTO feed_topic(publisherID, topicID)VALUES(1,57);INSERT INTO feed_topic(publisherID, topicID)VALUES(1,18);INSERT INTO feed_topic(publisherID, topicID)VALUES(1,42);INSERT INTO feed_topic(publisherID, topicID)VALUES(1,11);INSERT INTO feed_topic(publisherID, topicID)VALUES(1,76);INSERT INTO feed_topic(publisherID, topicID)VALUES(1,30);INSERT INTO feed_topic(publisherID, topicID)VALUES(1,46);INSERT INTO feed_topic(publisherID, topicID)VALUES(1,77);INSERT INTO feed_topic(publisherID, topicID)VALUES(1,50);INSERT INTO feed_topic(publisherID, topicID)VALUES(1,17);INSERT INTO feed_topic(publisherID, topicID)VALUES(1,1);INSERT INTO feed_topic(publisherID, topicID)VALUES(1,30);INSERT INTO feed_topic(publisherID, topicID)VALUES(1,43);INSERT INTO feed_topic(publisherID, topicID)VALUES(1,68);INSERT INTO feed_topic(publisherID, topicID)VALUES(1,29);INSERT INTO feed_topic(publisherID, topicID)VALUES(1,1);INSERT INTO feed_topic(publisherID, topicID)VALUES(1,17);INSERT INTO publisher(userID, nome, email, publishPassword, creationDate, nfriends, profilePic, bio, publisherPosts, reputation, banned)VALUES(2,'JammieSwell','jammieswell@gmail.com','c44387cd44c7d34cca504d7b2b5c5d678559cd5c7d3b566036459249ed4dfe48','2023-11-8 22:57:38',10,'','Hi, my name is JammieSwell',0,0,'FALSE');INSERT INTO feed_topic(publisherID, topicID)VALUES(2,78);INSERT INTO feed_topic(publisherID, topicID)VALUES(2,87);INSERT INTO feed_topic(publisherID, topicID)VALUES(2,51);INSERT INTO feed_topic(publisherID, topicID)VALUES(2,60);INSERT INTO feed_topic(publisherID, topicID)VALUES(2,17);INSERT INTO feed_topic(publisherID, topicID)VALUES(2,2);INSERT INTO feed_topic(publisherID, topicID)VALUES(2,13);INSERT INTO feed_topic(publisherID, topicID)VALUES(2,61);INSERT INTO feed_topic(publisherID, topicID)VALUES(2,48);INSERT INTO feed_topic(publisherID, topicID)VALUES(2,85);INSERT INTO feed_topic(publisherID, topicID)VALUES(2,36);INSERT INTO feed_topic(publisherID, topicID)VALUES(2,26);INSERT INTO feed_topic(publisherID, topicID)VALUES(2,34);INSERT INTO feed_topic(publisherID, topicID)VALUES(2,93);INSERT INTO feed_topic(publisherID, topicID)VALUES(2,81);INSERT INTO feed_topic(publisherID, topicID)VALUES(2,51);INSERT INTO feed_topic(publisherID, topicID)VALUES(2,87);INSERT INTO feed_topic(publisherID, topicID)VALUES(2,23);INSERT INTO feed_topic(publisherID, topicID)VALUES(2,27);INSERT INTO feed_topic(publisherID, topicID)VALUES(2,2);INSERT INTO feed_topic(publisherID, topicID)VALUES(2,8);INSERT INTO feed_topic(publisherID, topicID)VALUES(2,88);INSERT INTO feed_topic(publisherID, topicID)VALUES(2,30);INSERT INTO feed_topic(publisherID, topicID)VALUES(2,75);INSERT INTO feed_topic(publisherID, topicID)VALUES(2,46);INSERT INTO feed_topic(publisherID, topicID)VALUES(2,91);INSERT INTO feed_topic(publisherID, topicID)VALUES(2,99);INSERT INTO feed_topic(publisherID, topicID)VALUES(2,34);INSERT INTO feed_topic(publisherID, topicID)VALUES(2,76);INSERT INTO feed_topic(publisherID, topicID)VALUES(2,97);INSERT INTO feed_topic(publisherID, topicID)VALUES(2,33);INSERT INTO feed_topic(publisherID, topicID)VALUES(2,20);INSERT INTO feed_topic(publisherID, topicID)VALUES(2,58);INSERT INTO feed_topic(publisherID, topicID)VALUES(2,16);INSERT INTO feed_topic(publisherID, topicID)VALUES(2,91);INSERT INTO feed_topic(publisherID, topicID)VALUES(2,38);INSERT INTO feed_topic(publisherID, topicID)VALUES(2,95);INSERT INTO feed_topic(publisherID, topicID)VALUES(2,64);INSERT INTO feed_topic(publisherID, topicID)VALUES(2,75);INSERT INTO feed_topic(publisherID, topicID)VALUES(2,43);INSERT INTO feed_topic(publisherID, topicID)VALUES(2,76);INSERT INTO feed_topic(publisherID, topicID)VALUES(2,79);INSERT INTO feed_topic(publisherID, topicID)VALUES(2,61);INSERT INTO feed_topic(publisherID, topicID)VALUES(2,96);INSERT INTO feed_topic(publisherID, topicID)VALUES(2,87);INSERT INTO feed_topic(publisherID, topicID)VALUES(2,75);INSERT INTO feed_topic(publisherID, topicID)VALUES(2,81);INSERT INTO feed_topic(publisherID, topicID)VALUES(2,11);INSERT INTO feed_topic(publisherID, topicID)VALUES(2,94);INSERT INTO feed_topic(publisherID, topicID)VALUES(2,13);INSERT INTO feed_topic(publisherID, topicID)VALUES(2,22);INSERT INTO feed_topic(publisherID, topicID)VALUES(2,25);INSERT INTO feed_topic(publisherID, topicID)VALUES(2,57);INSERT INTO feed_topic(publisherID, topicID)VALUES(2,49);INSERT INTO feed_topic(publisherID, topicID)VALUES(2,34);INSERT INTO feed_topic(publisherID, topicID)VALUES(2,17);INSERT INTO feed_topic(publisherID, topicID)VALUES(2,6);INSERT INTO feed_topic(publisherID, topicID)VALUES(2,44);INSERT INTO feed_topic(publisherID, topicID)VALUES(2,98);INSERT INTO feed_topic(publisherID, topicID)VALUES(2,99);INSERT INTO feed_topic(publisherID, topicID)VALUES(2,49);INSERT INTO feed_topic(publisherID, topicID)VALUES(2,23);INSERT INTO feed_topic(publisherID, topicID)VALUES(2,28);INSERT INTO feed_topic(publisherID, topicID)VALUES(2,50);INSERT INTO feed_topic(publisherID, topicID)VALUES(2,2);INSERT INTO feed_topic(publisherID, topicID)VALUES(2,80);INSERT INTO feed_topic(publisherID, topicID)VALUES(2,16);INSERT INTO feed_topic(publisherID, topicID)VALUES(2,69);INSERT INTO feed_topic(publisherID, topicID)VALUES(2,86);INSERT INTO feed_topic(publisherID, topicID)VALUES(2,55);INSERT INTO feed_topic(publisherID, topicID)VALUES(2,51);INSERT INTO feed_topic(publisherID, topicID)VALUES(2,39);INSERT INTO feed_topic(publisherID, topicID)VALUES(2,46);INSERT INTO feed_topic(publisherID, topicID)VALUES(2,8);INSERT INTO feed_topic(publisherID, topicID)VALUES(2,35);INSERT INTO feed_topic(publisherID, topicID)VALUES(2,67);INSERT INTO feed_topic(publisherID, topicID)VALUES(2,79);INSERT INTO feed_topic(publisherID, topicID)VALUES(2,81);INSERT INTO feed_topic(publisherID, topicID)VALUES(2,85);INSERT INTO feed_topic(publisherID, topicID)VALUES(2,42);INSERT INTO feed_topic(publisherID, topicID)VALUES(2,38);INSERT INTO feed_topic(publisherID, topicID)VALUES(2,57);INSERT INTO feed_topic(publisherID, topicID)VALUES(2,61);INSERT INTO feed_topic(publisherID, topicID)VALUES(2,25);INSERT INTO feed_topic(publisherID, topicID)VALUES(2,10);INSERT INTO feed_topic(publisherID, topicID)VALUES(2,40);INSERT INTO feed_topic(publisherID, topicID)VALUES(2,77);INSERT INTO feed_topic(publisherID, topicID)VALUES(2,100);INSERT INTO feed_topic(publisherID, topicID)VALUES(2,100);INSERT INTO feed_topic(publisherID, topicID)VALUES(2,35);INSERT INTO feed_topic(publisherID, topicID)VALUES(2,10);INSERT INTO feed_topic(publisherID, topicID)VALUES(2,25);INSERT INTO feed_topic(publisherID, topicID)VALUES(2,87);INSERT INTO feed_topic(publisherID, topicID)VALUES(2,18);INSERT INTO feed_topic(publisherID, topicID)VALUES(2,5);INSERT INTO feed_topic(publisherID, topicID)VALUES(2,61);INSERT INTO feed_topic(publisherID, topicID)VALUES(2,31);INSERT INTO feed_topic(publisherID, topicID)VALUES(2,35);INSERT INTO feed_topic(publisherID, topicID)VALUES(2,73);INSERT INTO feed_topic(publisherID, topicID)VALUES(2,69);INSERT INTO publisher(userID, nome, email, publishPassword, creationDate, nfriends, profilePic, bio, publisherPosts, reputation, banned)VALUES(3,'FarrisMioni','farrismioni@gmail.com','82fdab0997df76c6388b55272663929a24bdba91ff06a67acda79f4ec2c79cd5','2023-5-5 4:6:12',7,'','Hi, my name is FarrisMioni',0,0,'FALSE');INSERT INTO feed_topic(publisherID, topicID)VALUES(3,96);INSERT INTO feed_topic(publisherID, topicID)VALUES(3,93);INSERT INTO feed_topic(publisherID, topicID)VALUES(3,20);INSERT INTO feed_topic(publisherID, topicID)VALUES(3,94);INSERT INTO feed_topic(publisherID, topicID)VALUES(3,19);INSERT INTO feed_topic(publisherID, topicID)VALUES(3,80);INSERT INTO feed_topic(publisherID, topicID)VALUES(3,62);INSERT INTO feed_topic(publisherID, topicID)VALUES(3,5);INSERT INTO feed_topic(publisherID, topicID)VALUES(3,33);INSERT INTO feed_topic(publisherID, topicID)VALUES(3,94);INSERT INTO feed_topic(publisherID, topicID)VALUES(3,5);INSERT INTO feed_topic(publisherID, topicID)VALUES(3,64);INSERT INTO feed_topic(publisherID, topicID)VALUES(3,3);INSERT INTO feed_topic(publisherID, topicID)VALUES(3,90);INSERT INTO feed_topic(publisherID, topicID)VALUES(3,62);INSERT INTO feed_topic(publisherID, topicID)VALUES(3,12);INSERT INTO feed_topic(publisherID, topicID)VALUES(3,18);INSERT INTO feed_topic(publisherID, topicID)VALUES(3,4);INSERT INTO feed_topic(publisherID, topicID)VALUES(3,3);INSERT INTO feed_topic(publisherID, topicID)VALUES(3,38);INSERT INTO feed_topic(publisherID, topicID)VALUES(3,49);INSERT INTO feed_topic(publisherID, topicID)VALUES(3,14);INSERT INTO feed_topic(publisherID, topicID)VALUES(3,97);INSERT INTO feed_topic(publisherID, topicID)VALUES(3,90);INSERT INTO feed_topic(publisherID, topicID)VALUES(3,13);INSERT INTO feed_topic(publisherID, topicID)VALUES(3,21);INSERT INTO feed_topic(publisherID, topicID)VALUES(3,38);INSERT INTO feed_topic(publisherID, topicID)VALUES(3,71);INSERT INTO feed_topic(publisherID, topicID)VALUES(3,83);INSERT INTO feed_topic(publisherID, topicID)VALUES(3,80);INSERT INTO feed_topic(publisherID, topicID)VALUES(3,32);INSERT INTO feed_topic(publisherID, topicID)VALUES(3,17);INSERT INTO feed_topic(publisherID, topicID)VALUES(3,55);INSERT INTO feed_topic(publisherID, topicID)VALUES(3,9);INSERT INTO feed_topic(publisherID, topicID)VALUES(3,55);INSERT INTO feed_topic(publisherID, topicID)VALUES(3,33);INSERT INTO feed_topic(publisherID, topicID)VALUES(3,19);INSERT INTO feed_topic(publisherID, topicID)VALUES(3,69);INSERT INTO feed_topic(publisherID, topicID)VALUES(3,4);INSERT INTO feed_topic(publisherID, topicID)VALUES(3,14);INSERT INTO feed_topic(publisherID, topicID)VALUES(3,82);INSERT INTO feed_topic(publisherID, topicID)VALUES(3,86);INSERT INTO feed_topic(publisherID, topicID)VALUES(3,8);INSERT INTO feed_topic(publisherID, topicID)VALUES(3,51);INSERT INTO feed_topic(publisherID, topicID)VALUES(3,30);INSERT INTO feed_topic(publisherID, topicID)VALUES(3,59);INSERT INTO feed_topic(publisherID, topicID)VALUES(3,17);INSERT INTO feed_topic(publisherID, topicID)VALUES(3,7);INSERT INTO feed_topic(publisherID, topicID)VALUES(3,28);INSERT INTO feed_topic(publisherID, topicID)VALUES(3,93);INSERT INTO feed_topic(publisherID, topicID)VALUES(3,24);INSERT INTO feed_topic(publisherID, topicID)VALUES(3,8);INSERT INTO feed_topic(publisherID, topicID)VALUES(3,17);INSERT INTO feed_topic(publisherID, topicID)VALUES(3,22);INSERT INTO feed_topic(publisherID, topicID)VALUES(3,65);INSERT INTO feed_topic(publisherID, topicID)VALUES(3,93);INSERT INTO feed_topic(publisherID, topicID)VALUES(3,4);INSERT INTO feed_topic(publisherID, topicID)VALUES(3,12);INSERT INTO feed_topic(publisherID, topicID)VALUES(3,53);INSERT INTO feed_topic(publisherID, topicID)VALUES(3,87);INSERT INTO feed_topic(publisherID, topicID)VALUES(3,45);INSERT INTO feed_topic(publisherID, topicID)VALUES(3,54);INSERT INTO feed_topic(publisherID, topicID)VALUES(3,21);INSERT INTO feed_topic(publisherID, topicID)VALUES(3,26);INSERT INTO feed_topic(publisherID, topicID)VALUES(3,85);INSERT INTO feed_topic(publisherID, topicID)VALUES(3,80);INSERT INTO feed_topic(publisherID, topicID)VALUES(3,3);INSERT INTO feed_topic(publisherID, topicID)VALUES(3,93);INSERT INTO feed_topic(publisherID, topicID)VALUES(3,55);INSERT INTO feed_topic(publisherID, topicID)VALUES(3,26);INSERT INTO feed_topic(publisherID, topicID)VALUES(3,16);INSERT INTO feed_topic(publisherID, topicID)VALUES(3,30);INSERT INTO feed_topic(publisherID, topicID)VALUES(3,1);INSERT INTO feed_topic(publisherID, topicID)VALUES(3,79);INSERT INTO feed_topic(publisherID, topicID)VALUES(3,46);INSERT INTO feed_topic(publisherID, topicID)VALUES(3,33);INSERT INTO feed_topic(publisherID, topicID)VALUES(3,2);INSERT INTO feed_topic(publisherID, topicID)VALUES(3,44);INSERT INTO feed_topic(publisherID, topicID)VALUES(3,44);INSERT INTO feed_topic(publisherID, topicID)VALUES(3,4);INSERT INTO feed_topic(publisherID, topicID)VALUES(3,13);INSERT INTO feed_topic(publisherID, topicID)VALUES(3,46);INSERT INTO feed_topic(publisherID, topicID)VALUES(3,8);INSERT INTO feed_topic(publisherID, topicID)VALUES(3,58);INSERT INTO feed_topic(publisherID, topicID)VALUES(3,72);INSERT INTO feed_topic(publisherID, topicID)VALUES(3,72);INSERT INTO feed_topic(publisherID, topicID)VALUES(3,97);INSERT INTO feed_topic(publisherID, topicID)VALUES(3,51);INSERT INTO feed_topic(publisherID, topicID)VALUES(3,5);INSERT INTO feed_topic(publisherID, topicID)VALUES(3,72);INSERT INTO feed_topic(publisherID, topicID)VALUES(3,80);INSERT INTO feed_topic(publisherID, topicID)VALUES(3,22);INSERT INTO feed_topic(publisherID, topicID)VALUES(3,12);INSERT INTO feed_topic(publisherID, topicID)VALUES(3,88);INSERT INTO feed_topic(publisherID, topicID)VALUES(3,33);INSERT INTO feed_topic(publisherID, topicID)VALUES(3,43);INSERT INTO feed_topic(publisherID, topicID)VALUES(3,19);INSERT INTO feed_topic(publisherID, topicID)VALUES(3,51);INSERT INTO feed_topic(publisherID, topicID)VALUES(3,31);INSERT INTO feed_topic(publisherID, topicID)VALUES(3,91);INSERT INTO publisher(userID, nome, email, publishPassword, creationDate, nfriends, profilePic, bio, publisherPosts, reputation, banned)VALUES(4,'OctaviusZorko','octaviuszorko@gmail.com','56d0a506e49ac0ee7b6ca3673b0f0a6f6672c97d0e3b25d95bcf178759be8ff7','2023-7-22 3:32:42',10,'','Hi, my name is OctaviusZorko',0,0,'FALSE');INSERT INTO feed_topic(publisherID, topicID)VALUES(4,66);INSERT INTO feed_topic(publisherID, topicID)VALUES(4,55);INSERT INTO feed_topic(publisherID, topicID)VALUES(4,32);INSERT INTO feed_topic(publisherID, topicID)VALUES(4,6);INSERT INTO feed_topic(publisherID, topicID)VALUES(4,47);INSERT INTO feed_topic(publisherID, topicID)VALUES(4,38);INSERT INTO feed_topic(publisherID, topicID)VALUES(4,63);INSERT INTO feed_topic(publisherID, topicID)VALUES(4,64);INSERT INTO feed_topic(publisherID, topicID)VALUES(4,58);INSERT INTO feed_topic(publisherID, topicID)VALUES(4,82);INSERT INTO feed_topic(publisherID, topicID)VALUES(4,2);INSERT INTO feed_topic(publisherID, topicID)VALUES(4,76);INSERT INTO feed_topic(publisherID, topicID)VALUES(4,76);INSERT INTO feed_topic(publisherID, topicID)VALUES(4,92);INSERT INTO feed_topic(publisherID, topicID)VALUES(4,99);INSERT INTO feed_topic(publisherID, topicID)VALUES(4,9);INSERT INTO feed_topic(publisherID, topicID)VALUES(4,20);INSERT INTO feed_topic(publisherID, topicID)VALUES(4,23);INSERT INTO feed_topic(publisherID, topicID)VALUES(4,67);INSERT INTO feed_topic(publisherID, topicID)VALUES(4,57);INSERT INTO feed_topic(publisherID, topicID)VALUES(4,7);INSERT INTO feed_topic(publisherID, topicID)VALUES(4,67);INSERT INTO feed_topic(publisherID, topicID)VALUES(4,43);INSERT INTO feed_topic(publisherID, topicID)VALUES(4,63);INSERT INTO feed_topic(publisherID, topicID)VALUES(4,10);INSERT INTO feed_topic(publisherID, topicID)VALUES(4,44);INSERT INTO feed_topic(publisherID, topicID)VALUES(4,80);INSERT INTO feed_topic(publisherID, topicID)VALUES(4,25);INSERT INTO feed_topic(publisherID, topicID)VALUES(4,38);INSERT INTO feed_topic(publisherID, topicID)VALUES(4,46);INSERT INTO feed_topic(publisherID, topicID)VALUES(4,78);INSERT INTO feed_topic(publisherID, topicID)VALUES(4,16);INSERT INTO feed_topic(publisherID, topicID)VALUES(4,22);INSERT INTO feed_topic(publisherID, topicID)VALUES(4,68);INSERT INTO feed_topic(publisherID, topicID)VALUES(4,18);INSERT INTO feed_topic(publisherID, topicID)VALUES(4,83);INSERT INTO feed_topic(publisherID, topicID)VALUES(4,15);INSERT INTO feed_topic(publisherID, topicID)VALUES(4,76);INSERT INTO feed_topic(publisherID, topicID)VALUES(4,29);INSERT INTO feed_topic(publisherID, topicID)VALUES(4,58);INSERT INTO feed_topic(publisherID, topicID)VALUES(4,84);INSERT INTO feed_topic(publisherID, topicID)VALUES(4,40);INSERT INTO feed_topic(publisherID, topicID)VALUES(4,21);INSERT INTO feed_topic(publisherID, topicID)VALUES(4,49);INSERT INTO feed_topic(publisherID, topicID)VALUES(4,56);INSERT INTO feed_topic(publisherID, topicID)VALUES(4,36);INSERT INTO feed_topic(publisherID, topicID)VALUES(4,74);INSERT INTO feed_topic(publisherID, topicID)VALUES(4,55);INSERT INTO feed_topic(publisherID, topicID)VALUES(4,65);INSERT INTO feed_topic(publisherID, topicID)VALUES(4,95);INSERT INTO feed_topic(publisherID, topicID)VALUES(4,39);INSERT INTO feed_topic(publisherID, topicID)VALUES(4,81);INSERT INTO feed_topic(publisherID, topicID)VALUES(4,60);INSERT INTO feed_topic(publisherID, topicID)VALUES(4,21);INSERT INTO feed_topic(publisherID, topicID)VALUES(4,78);INSERT INTO feed_topic(publisherID, topicID)VALUES(4,71);INSERT INTO feed_topic(publisherID, topicID)VALUES(4,92);INSERT INTO feed_topic(publisherID, topicID)VALUES(4,40);INSERT INTO feed_topic(publisherID, topicID)VALUES(4,58);INSERT INTO feed_topic(publisherID, topicID)VALUES(4,59);INSERT INTO feed_topic(publisherID, topicID)VALUES(4,86);INSERT INTO feed_topic(publisherID, topicID)VALUES(4,5);INSERT INTO feed_topic(publisherID, topicID)VALUES(4,88);INSERT INTO feed_topic(publisherID, topicID)VALUES(4,5);INSERT INTO feed_topic(publisherID, topicID)VALUES(4,65);INSERT INTO feed_topic(publisherID, topicID)VALUES(4,2);INSERT INTO feed_topic(publisherID, topicID)VALUES(4,65);INSERT INTO feed_topic(publisherID, topicID)VALUES(4,82);INSERT INTO feed_topic(publisherID, topicID)VALUES(4,6);INSERT INTO feed_topic(publisherID, topicID)VALUES(4,57);INSERT INTO feed_topic(publisherID, topicID)VALUES(4,28);INSERT INTO feed_topic(publisherID, topicID)VALUES(4,79);INSERT INTO feed_topic(publisherID, topicID)VALUES(4,13);INSERT INTO feed_topic(publisherID, topicID)VALUES(4,15);INSERT INTO feed_topic(publisherID, topicID)VALUES(4,32);INSERT INTO feed_topic(publisherID, topicID)VALUES(4,97);INSERT INTO feed_topic(publisherID, topicID)VALUES(4,26);INSERT INTO feed_topic(publisherID, topicID)VALUES(4,37);INSERT INTO feed_topic(publisherID, topicID)VALUES(4,37);INSERT INTO feed_topic(publisherID, topicID)VALUES(4,50);INSERT INTO feed_topic(publisherID, topicID)VALUES(4,84);INSERT INTO feed_topic(publisherID, topicID)VALUES(4,95);INSERT INTO feed_topic(publisherID, topicID)VALUES(4,20);INSERT INTO feed_topic(publisherID, topicID)VALUES(4,86);INSERT INTO feed_topic(publisherID, topicID)VALUES(4,56);INSERT INTO feed_topic(publisherID, topicID)VALUES(4,17);INSERT INTO feed_topic(publisherID, topicID)VALUES(4,96);INSERT INTO feed_topic(publisherID, topicID)VALUES(4,12);INSERT INTO feed_topic(publisherID, topicID)VALUES(4,7);INSERT INTO feed_topic(publisherID, topicID)VALUES(4,63);INSERT INTO feed_topic(publisherID, topicID)VALUES(4,15);INSERT INTO feed_topic(publisherID, topicID)VALUES(4,30);INSERT INTO feed_topic(publisherID, topicID)VALUES(4,100);INSERT INTO feed_topic(publisherID, topicID)VALUES(4,100);INSERT INTO feed_topic(publisherID, topicID)VALUES(4,6);INSERT INTO feed_topic(publisherID, topicID)VALUES(4,80);INSERT INTO feed_topic(publisherID, topicID)VALUES(4,45);INSERT INTO feed_topic(publisherID, topicID)VALUES(4,66);INSERT INTO feed_topic(publisherID, topicID)VALUES(4,63);INSERT INTO feed_topic(publisherID, topicID)VALUES(4,66);INSERT INTO publisher(userID, nome, email, publishPassword, creationDate, nfriends, profilePic, bio, publisherPosts, reputation, banned)VALUES(5,'MargeneKraeger','margenekraeger@gmail.com','f502928d5f3b65759a8e71271ab78038f289e6ba0ad2fffda12344b97a8f2cc0','2024-9-4 9:32:23',10,'','Hi, my name is MargeneKraeger',0,0,'FALSE');INSERT INTO feed_topic(publisherID, topicID)VALUES(5,99);INSERT INTO feed_topic(publisherID, topicID)VALUES(5,42);INSERT INTO feed_topic(publisherID, topicID)VALUES(5,12);INSERT INTO feed_topic(publisherID, topicID)VALUES(5,35);INSERT INTO feed_topic(publisherID, topicID)VALUES(5,71);INSERT INTO feed_topic(publisherID, topicID)VALUES(5,11);INSERT INTO feed_topic(publisherID, topicID)VALUES(5,72);INSERT INTO feed_topic(publisherID, topicID)VALUES(5,12);INSERT INTO feed_topic(publisherID, topicID)VALUES(5,8);INSERT INTO feed_topic(publisherID, topicID)VALUES(5,24);INSERT INTO feed_topic(publisherID, topicID)VALUES(5,37);INSERT INTO feed_topic(publisherID, topicID)VALUES(5,60);INSERT INTO feed_topic(publisherID, topicID)VALUES(5,38);INSERT INTO feed_topic(publisherID, topicID)VALUES(5,26);INSERT INTO feed_topic(publisherID, topicID)VALUES(5,55);INSERT INTO feed_topic(publisherID, topicID)VALUES(5,81);INSERT INTO feed_topic(publisherID, topicID)VALUES(5,7);INSERT INTO feed_topic(publisherID, topicID)VALUES(5,8);INSERT INTO feed_topic(publisherID, topicID)VALUES(5,14);INSERT INTO feed_topic(publisherID, topicID)VALUES(5,4);INSERT INTO feed_topic(publisherID, topicID)VALUES(5,83);INSERT INTO feed_topic(publisherID, topicID)VALUES(5,62);INSERT INTO feed_topic(publisherID, topicID)VALUES(5,42);INSERT INTO feed_topic(publisherID, topicID)VALUES(5,66);INSERT INTO feed_topic(publisherID, topicID)VALUES(5,58);INSERT INTO feed_topic(publisherID, topicID)VALUES(5,5);INSERT INTO feed_topic(publisherID, topicID)VALUES(5,12);INSERT INTO feed_topic(publisherID, topicID)VALUES(5,35);INSERT INTO feed_topic(publisherID, topicID)VALUES(5,98);INSERT INTO feed_topic(publisherID, topicID)VALUES(5,6);INSERT INTO feed_topic(publisherID, topicID)VALUES(5,36);INSERT INTO feed_topic(publisherID, topicID)VALUES(5,81);INSERT INTO feed_topic(publisherID, topicID)VALUES(5,85);INSERT INTO feed_topic(publisherID, topicID)VALUES(5,24);INSERT INTO feed_topic(publisherID, topicID)VALUES(5,5);INSERT INTO feed_topic(publisherID, topicID)VALUES(5,12);INSERT INTO feed_topic(publisherID, topicID)VALUES(5,59);INSERT INTO feed_topic(publisherID, topicID)VALUES(5,7);INSERT INTO feed_topic(publisherID, topicID)VALUES(5,67);INSERT INTO feed_topic(publisherID, topicID)VALUES(5,50);INSERT INTO feed_topic(publisherID, topicID)VALUES(5,81);INSERT INTO feed_topic(publisherID, topicID)VALUES(5,57);INSERT INTO feed_topic(publisherID, topicID)VALUES(5,35);INSERT INTO feed_topic(publisherID, topicID)VALUES(5,72);INSERT INTO feed_topic(publisherID, topicID)VALUES(5,54);INSERT INTO feed_topic(publisherID, topicID)VALUES(5,60);INSERT INTO feed_topic(publisherID, topicID)VALUES(5,35);INSERT INTO feed_topic(publisherID, topicID)VALUES(5,89);INSERT INTO feed_topic(publisherID, topicID)VALUES(5,79);INSERT INTO feed_topic(publisherID, topicID)VALUES(5,66);INSERT INTO feed_topic(publisherID, topicID)VALUES(5,78);INSERT INTO feed_topic(publisherID, topicID)VALUES(5,41);INSERT INTO feed_topic(publisherID, topicID)VALUES(5,11);INSERT INTO feed_topic(publisherID, topicID)VALUES(5,2);INSERT INTO feed_topic(publisherID, topicID)VALUES(5,28);INSERT INTO feed_topic(publisherID, topicID)VALUES(5,26);INSERT INTO feed_topic(publisherID, topicID)VALUES(5,90);INSERT INTO feed_topic(publisherID, topicID)VALUES(5,21);INSERT INTO feed_topic(publisherID, topicID)VALUES(5,2);INSERT INTO feed_topic(publisherID, topicID)VALUES(5,58);INSERT INTO feed_topic(publisherID, topicID)VALUES(5,11);INSERT INTO feed_topic(publisherID, topicID)VALUES(5,91);INSERT INTO feed_topic(publisherID, topicID)VALUES(5,16);INSERT INTO feed_topic(publisherID, topicID)VALUES(5,89);INSERT INTO feed_topic(publisherID, topicID)VALUES(5,51);INSERT INTO feed_topic(publisherID, topicID)VALUES(5,91);INSERT INTO feed_topic(publisherID, topicID)VALUES(5,8);INSERT INTO feed_topic(publisherID, topicID)VALUES(5,70);INSERT INTO feed_topic(publisherID, topicID)VALUES(5,92);INSERT INTO feed_topic(publisherID, topicID)VALUES(5,39);INSERT INTO feed_topic(publisherID, topicID)VALUES(5,16);INSERT INTO feed_topic(publisherID, topicID)VALUES(5,87);INSERT INTO feed_topic(publisherID, topicID)VALUES(5,48);INSERT INTO feed_topic(publisherID, topicID)VALUES(5,77);INSERT INTO feed_topic(publisherID, topicID)VALUES(5,61);INSERT INTO feed_topic(publisherID, topicID)VALUES(5,24);INSERT INTO feed_topic(publisherID, topicID)VALUES(5,30);INSERT INTO feed_topic(publisherID, topicID)VALUES(5,99);INSERT INTO feed_topic(publisherID, topicID)VALUES(5,71);INSERT INTO feed_topic(publisherID, topicID)VALUES(5,60);INSERT INTO feed_topic(publisherID, topicID)VALUES(5,38);INSERT INTO feed_topic(publisherID, topicID)VALUES(5,74);INSERT INTO feed_topic(publisherID, topicID)VALUES(5,45);INSERT INTO feed_topic(publisherID, topicID)VALUES(5,26);INSERT INTO feed_topic(publisherID, topicID)VALUES(5,30);INSERT INTO feed_topic(publisherID, topicID)VALUES(5,20);INSERT INTO feed_topic(publisherID, topicID)VALUES(5,88);INSERT INTO feed_topic(publisherID, topicID)VALUES(5,33);INSERT INTO feed_topic(publisherID, topicID)VALUES(5,75);INSERT INTO feed_topic(publisherID, topicID)VALUES(5,83);INSERT INTO feed_topic(publisherID, topicID)VALUES(5,33);INSERT INTO feed_topic(publisherID, topicID)VALUES(5,42);INSERT INTO feed_topic(publisherID, topicID)VALUES(5,68);INSERT INTO feed_topic(publisherID, topicID)VALUES(5,49);INSERT INTO feed_topic(publisherID, topicID)VALUES(5,84);INSERT INTO feed_topic(publisherID, topicID)VALUES(5,6);INSERT INTO feed_topic(publisherID, topicID)VALUES(5,57);INSERT INTO feed_topic(publisherID, topicID)VALUES(5,53);INSERT INTO feed_topic(publisherID, topicID)VALUES(5,54);INSERT INTO feed_topic(publisherID, topicID)VALUES(5,40);INSERT INTO publisher(userID, nome, email, publishPassword, creationDate, nfriends, profilePic, bio, publisherPosts, reputation, banned)VALUES(6,'RosellaBartold','rosellabartold@gmail.com','d311a126c97161cd7f5378999f7b0f8b040fe9886ae6169a43d76e712a08f68b','2023-6-16 18:18:39',10,'','Hi, my name is RosellaBartold',0,0,'FALSE');INSERT INTO feed_topic(publisherID, topicID)VALUES(6,37);INSERT INTO feed_topic(publisherID, topicID)VALUES(6,33);INSERT INTO feed_topic(publisherID, topicID)VALUES(6,29);INSERT INTO feed_topic(publisherID, topicID)VALUES(6,28);INSERT INTO feed_topic(publisherID, topicID)VALUES(6,48);INSERT INTO feed_topic(publisherID, topicID)VALUES(6,14);INSERT INTO feed_topic(publisherID, topicID)VALUES(6,94);INSERT INTO feed_topic(publisherID, topicID)VALUES(6,10);INSERT INTO feed_topic(publisherID, topicID)VALUES(6,94);INSERT INTO feed_topic(publisherID, topicID)VALUES(6,13);INSERT INTO feed_topic(publisherID, topicID)VALUES(6,99);INSERT INTO feed_topic(publisherID, topicID)VALUES(6,53);INSERT INTO feed_topic(publisherID, topicID)VALUES(6,48);INSERT INTO feed_topic(publisherID, topicID)VALUES(6,84);INSERT INTO feed_topic(publisherID, topicID)VALUES(6,56);INSERT INTO feed_topic(publisherID, topicID)VALUES(6,25);INSERT INTO feed_topic(publisherID, topicID)VALUES(6,33);INSERT INTO feed_topic(publisherID, topicID)VALUES(6,84);INSERT INTO feed_topic(publisherID, topicID)VALUES(6,79);INSERT INTO feed_topic(publisherID, topicID)VALUES(6,21);INSERT INTO feed_topic(publisherID, topicID)VALUES(6,78);INSERT INTO feed_topic(publisherID, topicID)VALUES(6,43);INSERT INTO feed_topic(publisherID, topicID)VALUES(6,72);INSERT INTO feed_topic(publisherID, topicID)VALUES(6,43);INSERT INTO feed_topic(publisherID, topicID)VALUES(6,23);INSERT INTO feed_topic(publisherID, topicID)VALUES(6,91);INSERT INTO feed_topic(publisherID, topicID)VALUES(6,100);INSERT INTO feed_topic(publisherID, topicID)VALUES(6,20);INSERT INTO feed_topic(publisherID, topicID)VALUES(6,27);INSERT INTO feed_topic(publisherID, topicID)VALUES(6,95);INSERT INTO feed_topic(publisherID, topicID)VALUES(6,22);INSERT INTO feed_topic(publisherID, topicID)VALUES(6,96);INSERT INTO feed_topic(publisherID, topicID)VALUES(6,37);INSERT INTO feed_topic(publisherID, topicID)VALUES(6,30);INSERT INTO feed_topic(publisherID, topicID)VALUES(6,17);INSERT INTO feed_topic(publisherID, topicID)VALUES(6,58);INSERT INTO feed_topic(publisherID, topicID)VALUES(6,78);INSERT INTO feed_topic(publisherID, topicID)VALUES(6,45);INSERT INTO feed_topic(publisherID, topicID)VALUES(6,28);INSERT INTO feed_topic(publisherID, topicID)VALUES(6,79);INSERT INTO feed_topic(publisherID, topicID)VALUES(6,36);INSERT INTO feed_topic(publisherID, topicID)VALUES(6,83);INSERT INTO feed_topic(publisherID, topicID)VALUES(6,82);INSERT INTO feed_topic(publisherID, topicID)VALUES(6,57);INSERT INTO feed_topic(publisherID, topicID)VALUES(6,47);INSERT INTO feed_topic(publisherID, topicID)VALUES(6,42);INSERT INTO feed_topic(publisherID, topicID)VALUES(6,11);INSERT INTO feed_topic(publisherID, topicID)VALUES(6,53);INSERT INTO feed_topic(publisherID, topicID)VALUES(6,29);INSERT INTO feed_topic(publisherID, topicID)VALUES(6,53);INSERT INTO feed_topic(publisherID, topicID)VALUES(6,45);INSERT INTO feed_topic(publisherID, topicID)VALUES(6,94);INSERT INTO feed_topic(publisherID, topicID)VALUES(6,8);INSERT INTO feed_topic(publisherID, topicID)VALUES(6,33);INSERT INTO feed_topic(publisherID, topicID)VALUES(6,76);INSERT INTO feed_topic(publisherID, topicID)VALUES(6,66);INSERT INTO feed_topic(publisherID, topicID)VALUES(6,16);INSERT INTO feed_topic(publisherID, topicID)VALUES(6,11);INSERT INTO feed_topic(publisherID, topicID)VALUES(6,45);INSERT INTO feed_topic(publisherID, topicID)VALUES(6,68);INSERT INTO feed_topic(publisherID, topicID)VALUES(6,8);INSERT INTO feed_topic(publisherID, topicID)VALUES(6,50);INSERT INTO feed_topic(publisherID, topicID)VALUES(6,51);INSERT INTO feed_topic(publisherID, topicID)VALUES(6,22);INSERT INTO feed_topic(publisherID, topicID)VALUES(6,34);INSERT INTO feed_topic(publisherID, topicID)VALUES(6,47);INSERT INTO feed_topic(publisherID, topicID)VALUES(6,31);INSERT INTO feed_topic(publisherID, topicID)VALUES(6,52);INSERT INTO feed_topic(publisherID, topicID)VALUES(6,71);INSERT INTO feed_topic(publisherID, topicID)VALUES(6,67);INSERT INTO feed_topic(publisherID, topicID)VALUES(6,86);INSERT INTO feed_topic(publisherID, topicID)VALUES(6,7);INSERT INTO feed_topic(publisherID, topicID)VALUES(6,7);INSERT INTO feed_topic(publisherID, topicID)VALUES(6,70);INSERT INTO feed_topic(publisherID, topicID)VALUES(6,99);INSERT INTO feed_topic(publisherID, topicID)VALUES(6,3);INSERT INTO feed_topic(publisherID, topicID)VALUES(6,72);INSERT INTO feed_topic(publisherID, topicID)VALUES(6,92);INSERT INTO feed_topic(publisherID, topicID)VALUES(6,17);INSERT INTO feed_topic(publisherID, topicID)VALUES(6,51);INSERT INTO feed_topic(publisherID, topicID)VALUES(6,6);INSERT INTO feed_topic(publisherID, topicID)VALUES(6,49);INSERT INTO feed_topic(publisherID, topicID)VALUES(6,81);INSERT INTO feed_topic(publisherID, topicID)VALUES(6,64);INSERT INTO feed_topic(publisherID, topicID)VALUES(6,40);INSERT INTO feed_topic(publisherID, topicID)VALUES(6,79);INSERT INTO feed_topic(publisherID, topicID)VALUES(6,95);INSERT INTO feed_topic(publisherID, topicID)VALUES(6,43);INSERT INTO feed_topic(publisherID, topicID)VALUES(6,12);INSERT INTO feed_topic(publisherID, topicID)VALUES(6,11);INSERT INTO feed_topic(publisherID, topicID)VALUES(6,26);INSERT INTO feed_topic(publisherID, topicID)VALUES(6,89);INSERT INTO feed_topic(publisherID, topicID)VALUES(6,43);INSERT INTO feed_topic(publisherID, topicID)VALUES(6,53);INSERT INTO feed_topic(publisherID, topicID)VALUES(6,92);INSERT INTO feed_topic(publisherID, topicID)VALUES(6,27);INSERT INTO feed_topic(publisherID, topicID)VALUES(6,68);INSERT INTO feed_topic(publisherID, topicID)VALUES(6,38);INSERT INTO feed_topic(publisherID, topicID)VALUES(6,84);INSERT INTO feed_topic(publisherID, topicID)VALUES(6,74);INSERT INTO propose_topic(topicID, publisherID)VALUES(7,6);INSERT INTO publisher(userID, nome, email, publishPassword, creationDate, nfriends, profilePic, bio, publisherPosts, reputation, banned)VALUES(7,'HaleyBorso','haleyborso@gmail.com','fe98a660c45d62987d933a953a67fac60c7ad4e4b388e9b0ecf82ea3ddac6d7e','2023-7-7 18:32:55',11,'','Hi, my name is HaleyBorso',0,0,'FALSE');INSERT INTO feed_topic(publisherID, topicID)VALUES(7,25);INSERT INTO feed_topic(publisherID, topicID)VALUES(7,83);INSERT INTO feed_topic(publisherID, topicID)VALUES(7,20);INSERT INTO feed_topic(publisherID, topicID)VALUES(7,55);INSERT INTO feed_topic(publisherID, topicID)VALUES(7,95);INSERT INTO feed_topic(publisherID, topicID)VALUES(7,90);INSERT INTO feed_topic(publisherID, topicID)VALUES(7,66);INSERT INTO feed_topic(publisherID, topicID)VALUES(7,72);INSERT INTO feed_topic(publisherID, topicID)VALUES(7,10);INSERT INTO feed_topic(publisherID, topicID)VALUES(7,88);INSERT INTO feed_topic(publisherID, topicID)VALUES(7,40);INSERT INTO feed_topic(publisherID, topicID)VALUES(7,45);INSERT INTO feed_topic(publisherID, topicID)VALUES(7,68);INSERT INTO feed_topic(publisherID, topicID)VALUES(7,30);INSERT INTO feed_topic(publisherID, topicID)VALUES(7,6);INSERT INTO feed_topic(publisherID, topicID)VALUES(7,89);INSERT INTO feed_topic(publisherID, topicID)VALUES(7,69);INSERT INTO feed_topic(publisherID, topicID)VALUES(7,44);INSERT INTO feed_topic(publisherID, topicID)VALUES(7,83);INSERT INTO feed_topic(publisherID, topicID)VALUES(7,99);INSERT INTO feed_topic(publisherID, topicID)VALUES(7,62);INSERT INTO feed_topic(publisherID, topicID)VALUES(7,71);INSERT INTO feed_topic(publisherID, topicID)VALUES(7,14);INSERT INTO feed_topic(publisherID, topicID)VALUES(7,70);INSERT INTO feed_topic(publisherID, topicID)VALUES(7,4);INSERT INTO feed_topic(publisherID, topicID)VALUES(7,2);INSERT INTO feed_topic(publisherID, topicID)VALUES(7,47);INSERT INTO feed_topic(publisherID, topicID)VALUES(7,69);INSERT INTO feed_topic(publisherID, topicID)VALUES(7,92);INSERT INTO feed_topic(publisherID, topicID)VALUES(7,80);INSERT INTO feed_topic(publisherID, topicID)VALUES(7,57);INSERT INTO feed_topic(publisherID, topicID)VALUES(7,38);INSERT INTO feed_topic(publisherID, topicID)VALUES(7,64);INSERT INTO feed_topic(publisherID, topicID)VALUES(7,81);INSERT INTO feed_topic(publisherID, topicID)VALUES(7,69);INSERT INTO feed_topic(publisherID, topicID)VALUES(7,65);INSERT INTO feed_topic(publisherID, topicID)VALUES(7,27);INSERT INTO feed_topic(publisherID, topicID)VALUES(7,6);INSERT INTO feed_topic(publisherID, topicID)VALUES(7,47);INSERT INTO feed_topic(publisherID, topicID)VALUES(7,77);INSERT INTO feed_topic(publisherID, topicID)VALUES(7,89);INSERT INTO feed_topic(publisherID, topicID)VALUES(7,98);INSERT INTO feed_topic(publisherID, topicID)VALUES(7,33);INSERT INTO feed_topic(publisherID, topicID)VALUES(7,72);INSERT INTO feed_topic(publisherID, topicID)VALUES(7,43);INSERT INTO feed_topic(publisherID, topicID)VALUES(7,80);INSERT INTO feed_topic(publisherID, topicID)VALUES(7,27);INSERT INTO feed_topic(publisherID, topicID)VALUES(7,87);INSERT INTO feed_topic(publisherID, topicID)VALUES(7,52);INSERT INTO feed_topic(publisherID, topicID)VALUES(7,2);INSERT INTO feed_topic(publisherID, topicID)VALUES(7,66);INSERT INTO feed_topic(publisherID, topicID)VALUES(7,50);INSERT INTO feed_topic(publisherID, topicID)VALUES(7,38);INSERT INTO feed_topic(publisherID, topicID)VALUES(7,74);INSERT INTO feed_topic(publisherID, topicID)VALUES(7,57);INSERT INTO feed_topic(publisherID, topicID)VALUES(7,3);INSERT INTO feed_topic(publisherID, topicID)VALUES(7,58);INSERT INTO feed_topic(publisherID, topicID)VALUES(7,35);INSERT INTO feed_topic(publisherID, topicID)VALUES(7,66);INSERT INTO feed_topic(publisherID, topicID)VALUES(7,62);INSERT INTO feed_topic(publisherID, topicID)VALUES(7,33);INSERT INTO feed_topic(publisherID, topicID)VALUES(7,65);INSERT INTO feed_topic(publisherID, topicID)VALUES(7,13);INSERT INTO feed_topic(publisherID, topicID)VALUES(7,75);INSERT INTO feed_topic(publisherID, topicID)VALUES(7,36);INSERT INTO feed_topic(publisherID, topicID)VALUES(7,34);INSERT INTO feed_topic(publisherID, topicID)VALUES(7,42);INSERT INTO feed_topic(publisherID, topicID)VALUES(7,63);INSERT INTO feed_topic(publisherID, topicID)VALUES(7,51);INSERT INTO feed_topic(publisherID, topicID)VALUES(7,76);INSERT INTO feed_topic(publisherID, topicID)VALUES(7,81);INSERT INTO feed_topic(publisherID, topicID)VALUES(7,15);INSERT INTO feed_topic(publisherID, topicID)VALUES(7,88);INSERT INTO feed_topic(publisherID, topicID)VALUES(7,84);INSERT INTO feed_topic(publisherID, topicID)VALUES(7,72);INSERT INTO feed_topic(publisherID, topicID)VALUES(7,98);INSERT INTO feed_topic(publisherID, topicID)VALUES(7,37);INSERT INTO feed_topic(publisherID, topicID)VALUES(7,91);INSERT INTO feed_topic(publisherID, topicID)VALUES(7,68);INSERT INTO feed_topic(publisherID, topicID)VALUES(7,79);INSERT INTO feed_topic(publisherID, topicID)VALUES(7,88);INSERT INTO feed_topic(publisherID, topicID)VALUES(7,58);INSERT INTO feed_topic(publisherID, topicID)VALUES(7,90);INSERT INTO feed_topic(publisherID, topicID)VALUES(7,53);INSERT INTO feed_topic(publisherID, topicID)VALUES(7,10);INSERT INTO feed_topic(publisherID, topicID)VALUES(7,37);INSERT INTO feed_topic(publisherID, topicID)VALUES(7,93);INSERT INTO feed_topic(publisherID, topicID)VALUES(7,42);INSERT INTO feed_topic(publisherID, topicID)VALUES(7,95);INSERT INTO feed_topic(publisherID, topicID)VALUES(7,100);INSERT INTO feed_topic(publisherID, topicID)VALUES(7,65);INSERT INTO feed_topic(publisherID, topicID)VALUES(7,21);INSERT INTO feed_topic(publisherID, topicID)VALUES(7,93);INSERT INTO feed_topic(publisherID, topicID)VALUES(7,84);INSERT INTO feed_topic(publisherID, topicID)VALUES(7,93);INSERT INTO feed_topic(publisherID, topicID)VALUES(7,10);INSERT INTO feed_topic(publisherID, topicID)VALUES(7,7);INSERT INTO feed_topic(publisherID, topicID)VALUES(7,69);INSERT INTO feed_topic(publisherID, topicID)VALUES(7,31);INSERT INTO feed_topic(publisherID, topicID)VALUES(7,26);INSERT INTO publisher(userID, nome, email, publishPassword, creationDate, nfriends, profilePic, bio, publisherPosts, reputation, banned)VALUES(8,'ChaceMcnatt','chacemcnatt@gmail.com','4517a2caf9e2e55205eca2e175c8ce917b63bc8041cc4ab0e3b161811962ef52','2024-5-28 22:25:47',8,'','Hi, my name is ChaceMcnatt',0,0,'FALSE');INSERT INTO feed_topic(publisherID, topicID)VALUES(8,8);INSERT INTO feed_topic(publisherID, topicID)VALUES(8,45);INSERT INTO feed_topic(publisherID, topicID)VALUES(8,33);INSERT INTO feed_topic(publisherID, topicID)VALUES(8,24);INSERT INTO feed_topic(publisherID, topicID)VALUES(8,18);INSERT INTO feed_topic(publisherID, topicID)VALUES(8,88);INSERT INTO feed_topic(publisherID, topicID)VALUES(8,50);INSERT INTO feed_topic(publisherID, topicID)VALUES(8,45);INSERT INTO feed_topic(publisherID, topicID)VALUES(8,72);INSERT INTO feed_topic(publisherID, topicID)VALUES(8,51);INSERT INTO feed_topic(publisherID, topicID)VALUES(8,26);INSERT INTO feed_topic(publisherID, topicID)VALUES(8,4);INSERT INTO feed_topic(publisherID, topicID)VALUES(8,81);INSERT INTO feed_topic(publisherID, topicID)VALUES(8,32);INSERT INTO feed_topic(publisherID, topicID)VALUES(8,42);INSERT INTO feed_topic(publisherID, topicID)VALUES(8,74);INSERT INTO feed_topic(publisherID, topicID)VALUES(8,61);INSERT INTO feed_topic(publisherID, topicID)VALUES(8,88);INSERT INTO feed_topic(publisherID, topicID)VALUES(8,16);INSERT INTO feed_topic(publisherID, topicID)VALUES(8,94);INSERT INTO feed_topic(publisherID, topicID)VALUES(8,42);INSERT INTO feed_topic(publisherID, topicID)VALUES(8,43);INSERT INTO feed_topic(publisherID, topicID)VALUES(8,71);INSERT INTO feed_topic(publisherID, topicID)VALUES(8,45);INSERT INTO feed_topic(publisherID, topicID)VALUES(8,84);INSERT INTO feed_topic(publisherID, topicID)VALUES(8,25);INSERT INTO feed_topic(publisherID, topicID)VALUES(8,35);INSERT INTO feed_topic(publisherID, topicID)VALUES(8,53);INSERT INTO feed_topic(publisherID, topicID)VALUES(8,10);INSERT INTO feed_topic(publisherID, topicID)VALUES(8,73);INSERT INTO feed_topic(publisherID, topicID)VALUES(8,65);INSERT INTO feed_topic(publisherID, topicID)VALUES(8,99);INSERT INTO feed_topic(publisherID, topicID)VALUES(8,22);INSERT INTO feed_topic(publisherID, topicID)VALUES(8,83);INSERT INTO feed_topic(publisherID, topicID)VALUES(8,43);INSERT INTO feed_topic(publisherID, topicID)VALUES(8,74);INSERT INTO feed_topic(publisherID, topicID)VALUES(8,43);INSERT INTO feed_topic(publisherID, topicID)VALUES(8,77);INSERT INTO feed_topic(publisherID, topicID)VALUES(8,25);INSERT INTO feed_topic(publisherID, topicID)VALUES(8,29);INSERT INTO feed_topic(publisherID, topicID)VALUES(8,92);INSERT INTO feed_topic(publisherID, topicID)VALUES(8,73);INSERT INTO feed_topic(publisherID, topicID)VALUES(8,40);INSERT INTO feed_topic(publisherID, topicID)VALUES(8,60);INSERT INTO feed_topic(publisherID, topicID)VALUES(8,80);INSERT INTO feed_topic(publisherID, topicID)VALUES(8,54);INSERT INTO feed_topic(publisherID, topicID)VALUES(8,24);INSERT INTO feed_topic(publisherID, topicID)VALUES(8,63);INSERT INTO feed_topic(publisherID, topicID)VALUES(8,50);INSERT INTO feed_topic(publisherID, topicID)VALUES(8,70);INSERT INTO feed_topic(publisherID, topicID)VALUES(8,44);INSERT INTO feed_topic(publisherID, topicID)VALUES(8,73);INSERT INTO feed_topic(publisherID, topicID)VALUES(8,67);INSERT INTO feed_topic(publisherID, topicID)VALUES(8,66);INSERT INTO feed_topic(publisherID, topicID)VALUES(8,72);INSERT INTO feed_topic(publisherID, topicID)VALUES(8,46);INSERT INTO feed_topic(publisherID, topicID)VALUES(8,50);INSERT INTO feed_topic(publisherID, topicID)VALUES(8,48);INSERT INTO feed_topic(publisherID, topicID)VALUES(8,94);INSERT INTO feed_topic(publisherID, topicID)VALUES(8,65);INSERT INTO feed_topic(publisherID, topicID)VALUES(8,88);INSERT INTO feed_topic(publisherID, topicID)VALUES(8,16);INSERT INTO feed_topic(publisherID, topicID)VALUES(8,45);INSERT INTO feed_topic(publisherID, topicID)VALUES(8,11);INSERT INTO feed_topic(publisherID, topicID)VALUES(8,33);INSERT INTO feed_topic(publisherID, topicID)VALUES(8,45);INSERT INTO feed_topic(publisherID, topicID)VALUES(8,1);INSERT INTO feed_topic(publisherID, topicID)VALUES(8,15);INSERT INTO feed_topic(publisherID, topicID)VALUES(8,16);INSERT INTO feed_topic(publisherID, topicID)VALUES(8,65);INSERT INTO feed_topic(publisherID, topicID)VALUES(8,47);INSERT INTO feed_topic(publisherID, topicID)VALUES(8,52);INSERT INTO feed_topic(publisherID, topicID)VALUES(8,91);INSERT INTO feed_topic(publisherID, topicID)VALUES(8,70);INSERT INTO feed_topic(publisherID, topicID)VALUES(8,40);INSERT INTO feed_topic(publisherID, topicID)VALUES(8,36);INSERT INTO feed_topic(publisherID, topicID)VALUES(8,99);INSERT INTO feed_topic(publisherID, topicID)VALUES(8,88);INSERT INTO feed_topic(publisherID, topicID)VALUES(8,56);INSERT INTO feed_topic(publisherID, topicID)VALUES(8,70);INSERT INTO feed_topic(publisherID, topicID)VALUES(8,12);INSERT INTO feed_topic(publisherID, topicID)VALUES(8,45);INSERT INTO feed_topic(publisherID, topicID)VALUES(8,60);INSERT INTO feed_topic(publisherID, topicID)VALUES(8,73);INSERT INTO feed_topic(publisherID, topicID)VALUES(8,40);INSERT INTO feed_topic(publisherID, topicID)VALUES(8,58);INSERT INTO feed_topic(publisherID, topicID)VALUES(8,74);INSERT INTO feed_topic(publisherID, topicID)VALUES(8,11);INSERT INTO feed_topic(publisherID, topicID)VALUES(8,20);INSERT INTO feed_topic(publisherID, topicID)VALUES(8,78);INSERT INTO feed_topic(publisherID, topicID)VALUES(8,55);INSERT INTO feed_topic(publisherID, topicID)VALUES(8,10);INSERT INTO feed_topic(publisherID, topicID)VALUES(8,84);INSERT INTO feed_topic(publisherID, topicID)VALUES(8,26);INSERT INTO feed_topic(publisherID, topicID)VALUES(8,35);INSERT INTO feed_topic(publisherID, topicID)VALUES(8,24);INSERT INTO feed_topic(publisherID, topicID)VALUES(8,12);INSERT INTO feed_topic(publisherID, topicID)VALUES(8,51);INSERT INTO feed_topic(publisherID, topicID)VALUES(8,59);INSERT INTO feed_topic(publisherID, topicID)VALUES(8,64);INSERT INTO publisher(userID, nome, email, publishPassword, creationDate, nfriends, profilePic, bio, publisherPosts, reputation, banned)VALUES(9,'JuliusSehon','juliussehon@gmail.com','25d0cd115a8b2cd7bcee9bd35fec571c78e00702b320b83a6cb41bffb27f2c90','2023-8-10 18:39:18',10,'','Hi, my name is JuliusSehon',0,0,'FALSE');INSERT INTO feed_topic(publisherID, topicID)VALUES(9,47);INSERT INTO feed_topic(publisherID, topicID)VALUES(9,61);INSERT INTO feed_topic(publisherID, topicID)VALUES(9,36);INSERT INTO feed_topic(publisherID, topicID)VALUES(9,63);INSERT INTO feed_topic(publisherID, topicID)VALUES(9,96);INSERT INTO feed_topic(publisherID, topicID)VALUES(9,43);INSERT INTO feed_topic(publisherID, topicID)VALUES(9,48);INSERT INTO feed_topic(publisherID, topicID)VALUES(9,72);INSERT INTO feed_topic(publisherID, topicID)VALUES(9,52);INSERT INTO feed_topic(publisherID, topicID)VALUES(9,25);INSERT INTO feed_topic(publisherID, topicID)VALUES(9,3);INSERT INTO feed_topic(publisherID, topicID)VALUES(9,22);INSERT INTO feed_topic(publisherID, topicID)VALUES(9,77);INSERT INTO feed_topic(publisherID, topicID)VALUES(9,66);INSERT INTO feed_topic(publisherID, topicID)VALUES(9,64);INSERT INTO feed_topic(publisherID, topicID)VALUES(9,20);INSERT INTO feed_topic(publisherID, topicID)VALUES(9,94);INSERT INTO feed_topic(publisherID, topicID)VALUES(9,32);INSERT INTO feed_topic(publisherID, topicID)VALUES(9,20);INSERT INTO feed_topic(publisherID, topicID)VALUES(9,62);INSERT INTO feed_topic(publisherID, topicID)VALUES(9,68);INSERT INTO feed_topic(publisherID, topicID)VALUES(9,14);INSERT INTO feed_topic(publisherID, topicID)VALUES(9,96);INSERT INTO feed_topic(publisherID, topicID)VALUES(9,74);INSERT INTO feed_topic(publisherID, topicID)VALUES(9,78);INSERT INTO feed_topic(publisherID, topicID)VALUES(9,80);INSERT INTO feed_topic(publisherID, topicID)VALUES(9,96);INSERT INTO feed_topic(publisherID, topicID)VALUES(9,10);INSERT INTO feed_topic(publisherID, topicID)VALUES(9,61);INSERT INTO feed_topic(publisherID, topicID)VALUES(9,7);INSERT INTO feed_topic(publisherID, topicID)VALUES(9,99);INSERT INTO feed_topic(publisherID, topicID)VALUES(9,25);INSERT INTO feed_topic(publisherID, topicID)VALUES(9,64);INSERT INTO feed_topic(publisherID, topicID)VALUES(9,26);INSERT INTO feed_topic(publisherID, topicID)VALUES(9,82);INSERT INTO feed_topic(publisherID, topicID)VALUES(9,60);INSERT INTO feed_topic(publisherID, topicID)VALUES(9,31);INSERT INTO feed_topic(publisherID, topicID)VALUES(9,68);INSERT INTO feed_topic(publisherID, topicID)VALUES(9,3);INSERT INTO feed_topic(publisherID, topicID)VALUES(9,57);INSERT INTO feed_topic(publisherID, topicID)VALUES(9,33);INSERT INTO feed_topic(publisherID, topicID)VALUES(9,91);INSERT INTO feed_topic(publisherID, topicID)VALUES(9,75);INSERT INTO feed_topic(publisherID, topicID)VALUES(9,96);INSERT INTO feed_topic(publisherID, topicID)VALUES(9,63);INSERT INTO feed_topic(publisherID, topicID)VALUES(9,100);INSERT INTO feed_topic(publisherID, topicID)VALUES(9,72);INSERT INTO feed_topic(publisherID, topicID)VALUES(9,3);INSERT INTO feed_topic(publisherID, topicID)VALUES(9,12);INSERT INTO feed_topic(publisherID, topicID)VALUES(9,41);INSERT INTO feed_topic(publisherID, topicID)VALUES(9,28);INSERT INTO feed_topic(publisherID, topicID)VALUES(9,92);INSERT INTO feed_topic(publisherID, topicID)VALUES(9,74);INSERT INTO feed_topic(publisherID, topicID)VALUES(9,84);INSERT INTO feed_topic(publisherID, topicID)VALUES(9,41);INSERT INTO feed_topic(publisherID, topicID)VALUES(9,80);INSERT INTO feed_topic(publisherID, topicID)VALUES(9,94);INSERT INTO feed_topic(publisherID, topicID)VALUES(9,70);INSERT INTO feed_topic(publisherID, topicID)VALUES(9,99);INSERT INTO feed_topic(publisherID, topicID)VALUES(9,60);INSERT INTO feed_topic(publisherID, topicID)VALUES(9,73);INSERT INTO feed_topic(publisherID, topicID)VALUES(9,98);INSERT INTO feed_topic(publisherID, topicID)VALUES(9,46);INSERT INTO feed_topic(publisherID, topicID)VALUES(9,56);INSERT INTO feed_topic(publisherID, topicID)VALUES(9,100);INSERT INTO feed_topic(publisherID, topicID)VALUES(9,94);INSERT INTO feed_topic(publisherID, topicID)VALUES(9,76);INSERT INTO feed_topic(publisherID, topicID)VALUES(9,42);INSERT INTO feed_topic(publisherID, topicID)VALUES(9,99);INSERT INTO feed_topic(publisherID, topicID)VALUES(9,94);INSERT INTO feed_topic(publisherID, topicID)VALUES(9,30);INSERT INTO feed_topic(publisherID, topicID)VALUES(9,39);INSERT INTO feed_topic(publisherID, topicID)VALUES(9,53);INSERT INTO feed_topic(publisherID, topicID)VALUES(9,10);INSERT INTO feed_topic(publisherID, topicID)VALUES(9,72);INSERT INTO feed_topic(publisherID, topicID)VALUES(9,59);INSERT INTO feed_topic(publisherID, topicID)VALUES(9,70);INSERT INTO feed_topic(publisherID, topicID)VALUES(9,40);INSERT INTO feed_topic(publisherID, topicID)VALUES(9,1);INSERT INTO feed_topic(publisherID, topicID)VALUES(9,56);INSERT INTO feed_topic(publisherID, topicID)VALUES(9,4);INSERT INTO feed_topic(publisherID, topicID)VALUES(9,19);INSERT INTO feed_topic(publisherID, topicID)VALUES(9,32);INSERT INTO feed_topic(publisherID, topicID)VALUES(9,93);INSERT INTO feed_topic(publisherID, topicID)VALUES(9,68);INSERT INTO feed_topic(publisherID, topicID)VALUES(9,99);INSERT INTO feed_topic(publisherID, topicID)VALUES(9,38);INSERT INTO feed_topic(publisherID, topicID)VALUES(9,92);INSERT INTO feed_topic(publisherID, topicID)VALUES(9,86);INSERT INTO feed_topic(publisherID, topicID)VALUES(9,23);INSERT INTO feed_topic(publisherID, topicID)VALUES(9,87);INSERT INTO feed_topic(publisherID, topicID)VALUES(9,18);INSERT INTO feed_topic(publisherID, topicID)VALUES(9,50);INSERT INTO feed_topic(publisherID, topicID)VALUES(9,26);INSERT INTO feed_topic(publisherID, topicID)VALUES(9,19);INSERT INTO feed_topic(publisherID, topicID)VALUES(9,9);INSERT INTO feed_topic(publisherID, topicID)VALUES(9,44);INSERT INTO feed_topic(publisherID, topicID)VALUES(9,56);INSERT INTO feed_topic(publisherID, topicID)VALUES(9,85);INSERT INTO feed_topic(publisherID, topicID)VALUES(9,8);INSERT INTO propose_topic(topicID, publisherID)VALUES(5,9);INSERT INTO publisher(userID, nome, email, publishPassword, creationDate, nfriends, profilePic, bio, publisherPosts, reputation, banned)VALUES(10,'ElonZieroth','elonzieroth@gmail.com','0db9c7d666c82b39b019af0f902aee65310dd6e092e4c50885e03044b5f177c2','2024-3-12 2:0:28',12,'','Hi, my name is ElonZieroth',0,0,'FALSE');INSERT INTO feed_topic(publisherID, topicID)VALUES(10,59);INSERT INTO feed_topic(publisherID, topicID)VALUES(10,28);INSERT INTO feed_topic(publisherID, topicID)VALUES(10,66);INSERT INTO feed_topic(publisherID, topicID)VALUES(10,49);INSERT INTO feed_topic(publisherID, topicID)VALUES(10,22);INSERT INTO feed_topic(publisherID, topicID)VALUES(10,67);INSERT INTO feed_topic(publisherID, topicID)VALUES(10,84);INSERT INTO feed_topic(publisherID, topicID)VALUES(10,56);INSERT INTO feed_topic(publisherID, topicID)VALUES(10,64);INSERT INTO feed_topic(publisherID, topicID)VALUES(10,13);INSERT INTO feed_topic(publisherID, topicID)VALUES(10,3);INSERT INTO feed_topic(publisherID, topicID)VALUES(10,5);INSERT INTO feed_topic(publisherID, topicID)VALUES(10,51);INSERT INTO feed_topic(publisherID, topicID)VALUES(10,38);INSERT INTO feed_topic(publisherID, topicID)VALUES(10,72);INSERT INTO feed_topic(publisherID, topicID)VALUES(10,79);INSERT INTO feed_topic(publisherID, topicID)VALUES(10,48);INSERT INTO feed_topic(publisherID, topicID)VALUES(10,32);INSERT INTO feed_topic(publisherID, topicID)VALUES(10,88);INSERT INTO feed_topic(publisherID, topicID)VALUES(10,28);INSERT INTO feed_topic(publisherID, topicID)VALUES(10,23);INSERT INTO feed_topic(publisherID, topicID)VALUES(10,40);INSERT INTO feed_topic(publisherID, topicID)VALUES(10,66);INSERT INTO feed_topic(publisherID, topicID)VALUES(10,40);INSERT INTO feed_topic(publisherID, topicID)VALUES(10,50);INSERT INTO feed_topic(publisherID, topicID)VALUES(10,57);INSERT INTO feed_topic(publisherID, topicID)VALUES(10,42);INSERT INTO feed_topic(publisherID, topicID)VALUES(10,11);INSERT INTO feed_topic(publisherID, topicID)VALUES(10,89);INSERT INTO feed_topic(publisherID, topicID)VALUES(10,90);INSERT INTO feed_topic(publisherID, topicID)VALUES(10,79);INSERT INTO feed_topic(publisherID, topicID)VALUES(10,44);INSERT INTO feed_topic(publisherID, topicID)VALUES(10,1);INSERT INTO feed_topic(publisherID, topicID)VALUES(10,38);INSERT INTO feed_topic(publisherID, topicID)VALUES(10,20);INSERT INTO feed_topic(publisherID, topicID)VALUES(10,19);INSERT INTO feed_topic(publisherID, topicID)VALUES(10,69);INSERT INTO feed_topic(publisherID, topicID)VALUES(10,23);INSERT INTO feed_topic(publisherID, topicID)VALUES(10,45);INSERT INTO feed_topic(publisherID, topicID)VALUES(10,99);INSERT INTO feed_topic(publisherID, topicID)VALUES(10,88);INSERT INTO feed_topic(publisherID, topicID)VALUES(10,6);INSERT INTO feed_topic(publisherID, topicID)VALUES(10,14);INSERT INTO feed_topic(publisherID, topicID)VALUES(10,68);INSERT INTO feed_topic(publisherID, topicID)VALUES(10,91);INSERT INTO feed_topic(publisherID, topicID)VALUES(10,53);INSERT INTO feed_topic(publisherID, topicID)VALUES(10,77);INSERT INTO feed_topic(publisherID, topicID)VALUES(10,94);INSERT INTO feed_topic(publisherID, topicID)VALUES(10,67);INSERT INTO feed_topic(publisherID, topicID)VALUES(10,8);INSERT INTO feed_topic(publisherID, topicID)VALUES(10,66);INSERT INTO feed_topic(publisherID, topicID)VALUES(10,9);INSERT INTO feed_topic(publisherID, topicID)VALUES(10,55);INSERT INTO feed_topic(publisherID, topicID)VALUES(10,26);INSERT INTO feed_topic(publisherID, topicID)VALUES(10,9);INSERT INTO feed_topic(publisherID, topicID)VALUES(10,31);INSERT INTO feed_topic(publisherID, topicID)VALUES(10,67);INSERT INTO feed_topic(publisherID, topicID)VALUES(10,17);INSERT INTO feed_topic(publisherID, topicID)VALUES(10,91);INSERT INTO feed_topic(publisherID, topicID)VALUES(10,22);INSERT INTO feed_topic(publisherID, topicID)VALUES(10,58);INSERT INTO feed_topic(publisherID, topicID)VALUES(10,95);INSERT INTO feed_topic(publisherID, topicID)VALUES(10,84);INSERT INTO feed_topic(publisherID, topicID)VALUES(10,35);INSERT INTO feed_topic(publisherID, topicID)VALUES(10,37);INSERT INTO feed_topic(publisherID, topicID)VALUES(10,38);INSERT INTO feed_topic(publisherID, topicID)VALUES(10,61);INSERT INTO feed_topic(publisherID, topicID)VALUES(10,72);INSERT INTO feed_topic(publisherID, topicID)VALUES(10,23);INSERT INTO feed_topic(publisherID, topicID)VALUES(10,78);INSERT INTO feed_topic(publisherID, topicID)VALUES(10,37);INSERT INTO feed_topic(publisherID, topicID)VALUES(10,3);INSERT INTO feed_topic(publisherID, topicID)VALUES(10,71);INSERT INTO feed_topic(publisherID, topicID)VALUES(10,34);INSERT INTO feed_topic(publisherID, topicID)VALUES(10,32);INSERT INTO feed_topic(publisherID, topicID)VALUES(10,34);INSERT INTO feed_topic(publisherID, topicID)VALUES(10,88);INSERT INTO feed_topic(publisherID, topicID)VALUES(10,22);INSERT INTO feed_topic(publisherID, topicID)VALUES(10,78);INSERT INTO feed_topic(publisherID, topicID)VALUES(10,39);INSERT INTO feed_topic(publisherID, topicID)VALUES(10,14);INSERT INTO feed_topic(publisherID, topicID)VALUES(10,66);INSERT INTO feed_topic(publisherID, topicID)VALUES(10,71);INSERT INTO feed_topic(publisherID, topicID)VALUES(10,46);INSERT INTO feed_topic(publisherID, topicID)VALUES(10,30);INSERT INTO feed_topic(publisherID, topicID)VALUES(10,52);INSERT INTO feed_topic(publisherID, topicID)VALUES(10,18);INSERT INTO feed_topic(publisherID, topicID)VALUES(10,47);INSERT INTO feed_topic(publisherID, topicID)VALUES(10,44);INSERT INTO feed_topic(publisherID, topicID)VALUES(10,91);INSERT INTO feed_topic(publisherID, topicID)VALUES(10,78);INSERT INTO feed_topic(publisherID, topicID)VALUES(10,41);INSERT INTO feed_topic(publisherID, topicID)VALUES(10,25);INSERT INTO feed_topic(publisherID, topicID)VALUES(10,93);INSERT INTO feed_topic(publisherID, topicID)VALUES(10,55);INSERT INTO feed_topic(publisherID, topicID)VALUES(10,49);INSERT INTO feed_topic(publisherID, topicID)VALUES(10,69);INSERT INTO feed_topic(publisherID, topicID)VALUES(10,79);INSERT INTO feed_topic(publisherID, topicID)VALUES(10,22);INSERT INTO feed_topic(publisherID, topicID)VALUES(10,58);INSERT INTO propose_topic(topicID, publisherID)VALUES(79,10);INSERT INTO publisher(userID, nome, email, publishPassword, creationDate, nfriends, profilePic, bio, publisherPosts, reputation, banned)VALUES(11,'MartyAscherman','martyascherman@gmail.com','08d40d1903af3343e3acbfe42b2da6958c870322f7cc1b54d4c9f3ffe158da03','2024-5-7 7:57:3',8,'','Hi, my name is MartyAscherman',0,0,'FALSE');INSERT INTO feed_topic(publisherID, topicID)VALUES(11,52);INSERT INTO feed_topic(publisherID, topicID)VALUES(11,91);INSERT INTO feed_topic(publisherID, topicID)VALUES(11,73);INSERT INTO feed_topic(publisherID, topicID)VALUES(11,58);INSERT INTO feed_topic(publisherID, topicID)VALUES(11,69);INSERT INTO feed_topic(publisherID, topicID)VALUES(11,48);INSERT INTO feed_topic(publisherID, topicID)VALUES(11,54);INSERT INTO feed_topic(publisherID, topicID)VALUES(11,84);INSERT INTO feed_topic(publisherID, topicID)VALUES(11,98);INSERT INTO feed_topic(publisherID, topicID)VALUES(11,92);INSERT INTO feed_topic(publisherID, topicID)VALUES(11,100);INSERT INTO feed_topic(publisherID, topicID)VALUES(11,48);INSERT INTO feed_topic(publisherID, topicID)VALUES(11,96);INSERT INTO feed_topic(publisherID, topicID)VALUES(11,75);INSERT INTO feed_topic(publisherID, topicID)VALUES(11,61);INSERT INTO feed_topic(publisherID, topicID)VALUES(11,57);INSERT INTO feed_topic(publisherID, topicID)VALUES(11,44);INSERT INTO feed_topic(publisherID, topicID)VALUES(11,9);INSERT INTO feed_topic(publisherID, topicID)VALUES(11,43);INSERT INTO feed_topic(publisherID, topicID)VALUES(11,49);INSERT INTO feed_topic(publisherID, topicID)VALUES(11,14);INSERT INTO feed_topic(publisherID, topicID)VALUES(11,19);INSERT INTO feed_topic(publisherID, topicID)VALUES(11,52);INSERT INTO feed_topic(publisherID, topicID)VALUES(11,74);INSERT INTO feed_topic(publisherID, topicID)VALUES(11,93);INSERT INTO feed_topic(publisherID, topicID)VALUES(11,40);INSERT INTO feed_topic(publisherID, topicID)VALUES(11,78);INSERT INTO feed_topic(publisherID, topicID)VALUES(11,92);INSERT INTO feed_topic(publisherID, topicID)VALUES(11,56);INSERT INTO feed_topic(publisherID, topicID)VALUES(11,87);INSERT INTO feed_topic(publisherID, topicID)VALUES(11,81);INSERT INTO feed_topic(publisherID, topicID)VALUES(11,92);INSERT INTO feed_topic(publisherID, topicID)VALUES(11,83);INSERT INTO feed_topic(publisherID, topicID)VALUES(11,6);INSERT INTO feed_topic(publisherID, topicID)VALUES(11,43);INSERT INTO feed_topic(publisherID, topicID)VALUES(11,25);INSERT INTO feed_topic(publisherID, topicID)VALUES(11,76);INSERT INTO feed_topic(publisherID, topicID)VALUES(11,36);INSERT INTO feed_topic(publisherID, topicID)VALUES(11,40);INSERT INTO feed_topic(publisherID, topicID)VALUES(11,16);INSERT INTO feed_topic(publisherID, topicID)VALUES(11,11);INSERT INTO feed_topic(publisherID, topicID)VALUES(11,36);INSERT INTO feed_topic(publisherID, topicID)VALUES(11,1);INSERT INTO feed_topic(publisherID, topicID)VALUES(11,18);INSERT INTO feed_topic(publisherID, topicID)VALUES(11,19);INSERT INTO feed_topic(publisherID, topicID)VALUES(11,24);INSERT INTO feed_topic(publisherID, topicID)VALUES(11,2);INSERT INTO feed_topic(publisherID, topicID)VALUES(11,28);INSERT INTO feed_topic(publisherID, topicID)VALUES(11,3);INSERT INTO feed_topic(publisherID, topicID)VALUES(11,34);INSERT INTO feed_topic(publisherID, topicID)VALUES(11,95);INSERT INTO feed_topic(publisherID, topicID)VALUES(11,31);INSERT INTO feed_topic(publisherID, topicID)VALUES(11,23);INSERT INTO feed_topic(publisherID, topicID)VALUES(11,51);INSERT INTO feed_topic(publisherID, topicID)VALUES(11,62);INSERT INTO feed_topic(publisherID, topicID)VALUES(11,35);INSERT INTO feed_topic(publisherID, topicID)VALUES(11,42);INSERT INTO feed_topic(publisherID, topicID)VALUES(11,42);INSERT INTO feed_topic(publisherID, topicID)VALUES(11,38);INSERT INTO feed_topic(publisherID, topicID)VALUES(11,74);INSERT INTO feed_topic(publisherID, topicID)VALUES(11,57);INSERT INTO feed_topic(publisherID, topicID)VALUES(11,38);INSERT INTO feed_topic(publisherID, topicID)VALUES(11,33);INSERT INTO feed_topic(publisherID, topicID)VALUES(11,98);INSERT INTO feed_topic(publisherID, topicID)VALUES(11,62);INSERT INTO feed_topic(publisherID, topicID)VALUES(11,98);INSERT INTO feed_topic(publisherID, topicID)VALUES(11,69);INSERT INTO feed_topic(publisherID, topicID)VALUES(11,10);INSERT INTO feed_topic(publisherID, topicID)VALUES(11,41);INSERT INTO feed_topic(publisherID, topicID)VALUES(11,12);INSERT INTO feed_topic(publisherID, topicID)VALUES(11,100);INSERT INTO feed_topic(publisherID, topicID)VALUES(11,88);INSERT INTO feed_topic(publisherID, topicID)VALUES(11,27);INSERT INTO feed_topic(publisherID, topicID)VALUES(11,27);INSERT INTO feed_topic(publisherID, topicID)VALUES(11,55);INSERT INTO feed_topic(publisherID, topicID)VALUES(11,55);INSERT INTO feed_topic(publisherID, topicID)VALUES(11,43);INSERT INTO feed_topic(publisherID, topicID)VALUES(11,60);INSERT INTO feed_topic(publisherID, topicID)VALUES(11,56);INSERT INTO feed_topic(publisherID, topicID)VALUES(11,98);INSERT INTO feed_topic(publisherID, topicID)VALUES(11,48);INSERT INTO feed_topic(publisherID, topicID)VALUES(11,75);INSERT INTO feed_topic(publisherID, topicID)VALUES(11,19);INSERT INTO feed_topic(publisherID, topicID)VALUES(11,78);INSERT INTO feed_topic(publisherID, topicID)VALUES(11,36);INSERT INTO feed_topic(publisherID, topicID)VALUES(11,95);INSERT INTO feed_topic(publisherID, topicID)VALUES(11,31);INSERT INTO feed_topic(publisherID, topicID)VALUES(11,33);INSERT INTO feed_topic(publisherID, topicID)VALUES(11,100);INSERT INTO feed_topic(publisherID, topicID)VALUES(11,45);INSERT INTO feed_topic(publisherID, topicID)VALUES(11,11);INSERT INTO feed_topic(publisherID, topicID)VALUES(11,14);INSERT INTO feed_topic(publisherID, topicID)VALUES(11,54);INSERT INTO feed_topic(publisherID, topicID)VALUES(11,83);INSERT INTO feed_topic(publisherID, topicID)VALUES(11,16);INSERT INTO feed_topic(publisherID, topicID)VALUES(11,100);INSERT INTO feed_topic(publisherID, topicID)VALUES(11,46);INSERT INTO feed_topic(publisherID, topicID)VALUES(11,7);INSERT INTO feed_topic(publisherID, topicID)VALUES(11,72);INSERT INTO feed_topic(publisherID, topicID)VALUES(11,3);INSERT INTO publisher(userID, nome, email, publishPassword, creationDate, nfriends, profilePic, bio, publisherPosts, reputation, banned)VALUES(12,'GlenwoodStidum','glenwoodstidum@gmail.com','39f22ee4e2e9aa381e86ac79945ee6679dd6fa770102dd99865651f364287fa9','2023-4-25 12:52:34',12,'','Hi, my name is GlenwoodStidum',0,0,'FALSE');INSERT INTO feed_topic(publisherID, topicID)VALUES(12,71);INSERT INTO feed_topic(publisherID, topicID)VALUES(12,69);INSERT INTO feed_topic(publisherID, topicID)VALUES(12,88);INSERT INTO feed_topic(publisherID, topicID)VALUES(12,30);INSERT INTO feed_topic(publisherID, topicID)VALUES(12,73);INSERT INTO feed_topic(publisherID, topicID)VALUES(12,61);INSERT INTO feed_topic(publisherID, topicID)VALUES(12,9);INSERT INTO feed_topic(publisherID, topicID)VALUES(12,89);INSERT INTO feed_topic(publisherID, topicID)VALUES(12,9);INSERT INTO feed_topic(publisherID, topicID)VALUES(12,43);INSERT INTO feed_topic(publisherID, topicID)VALUES(12,46);INSERT INTO feed_topic(publisherID, topicID)VALUES(12,31);INSERT INTO feed_topic(publisherID, topicID)VALUES(12,72);INSERT INTO feed_topic(publisherID, topicID)VALUES(12,50);INSERT INTO feed_topic(publisherID, topicID)VALUES(12,69);INSERT INTO feed_topic(publisherID, topicID)VALUES(12,70);INSERT INTO feed_topic(publisherID, topicID)VALUES(12,93);INSERT INTO feed_topic(publisherID, topicID)VALUES(12,93);INSERT INTO feed_topic(publisherID, topicID)VALUES(12,65);INSERT INTO feed_topic(publisherID, topicID)VALUES(12,54);INSERT INTO feed_topic(publisherID, topicID)VALUES(12,39);INSERT INTO feed_topic(publisherID, topicID)VALUES(12,53);INSERT INTO feed_topic(publisherID, topicID)VALUES(12,53);INSERT INTO feed_topic(publisherID, topicID)VALUES(12,43);INSERT INTO feed_topic(publisherID, topicID)VALUES(12,45);INSERT INTO feed_topic(publisherID, topicID)VALUES(12,46);INSERT INTO feed_topic(publisherID, topicID)VALUES(12,35);INSERT INTO feed_topic(publisherID, topicID)VALUES(12,51);INSERT INTO feed_topic(publisherID, topicID)VALUES(12,40);INSERT INTO feed_topic(publisherID, topicID)VALUES(12,41);INSERT INTO feed_topic(publisherID, topicID)VALUES(12,46);INSERT INTO feed_topic(publisherID, topicID)VALUES(12,54);INSERT INTO feed_topic(publisherID, topicID)VALUES(12,43);INSERT INTO feed_topic(publisherID, topicID)VALUES(12,9);INSERT INTO feed_topic(publisherID, topicID)VALUES(12,63);INSERT INTO feed_topic(publisherID, topicID)VALUES(12,83);INSERT INTO feed_topic(publisherID, topicID)VALUES(12,87);INSERT INTO feed_topic(publisherID, topicID)VALUES(12,5);INSERT INTO feed_topic(publisherID, topicID)VALUES(12,39);INSERT INTO feed_topic(publisherID, topicID)VALUES(12,24);INSERT INTO feed_topic(publisherID, topicID)VALUES(12,33);INSERT INTO feed_topic(publisherID, topicID)VALUES(12,75);INSERT INTO feed_topic(publisherID, topicID)VALUES(12,72);INSERT INTO feed_topic(publisherID, topicID)VALUES(12,7);INSERT INTO feed_topic(publisherID, topicID)VALUES(12,76);INSERT INTO feed_topic(publisherID, topicID)VALUES(12,52);INSERT INTO feed_topic(publisherID, topicID)VALUES(12,30);INSERT INTO feed_topic(publisherID, topicID)VALUES(12,94);INSERT INTO feed_topic(publisherID, topicID)VALUES(12,17);INSERT INTO feed_topic(publisherID, topicID)VALUES(12,28);INSERT INTO feed_topic(publisherID, topicID)VALUES(12,12);INSERT INTO feed_topic(publisherID, topicID)VALUES(12,18);INSERT INTO feed_topic(publisherID, topicID)VALUES(12,50);INSERT INTO feed_topic(publisherID, topicID)VALUES(12,8);INSERT INTO feed_topic(publisherID, topicID)VALUES(12,60);INSERT INTO feed_topic(publisherID, topicID)VALUES(12,80);INSERT INTO feed_topic(publisherID, topicID)VALUES(12,84);INSERT INTO feed_topic(publisherID, topicID)VALUES(12,42);INSERT INTO feed_topic(publisherID, topicID)VALUES(12,67);INSERT INTO feed_topic(publisherID, topicID)VALUES(12,22);INSERT INTO feed_topic(publisherID, topicID)VALUES(12,10);INSERT INTO feed_topic(publisherID, topicID)VALUES(12,19);INSERT INTO feed_topic(publisherID, topicID)VALUES(12,29);INSERT INTO feed_topic(publisherID, topicID)VALUES(12,84);INSERT INTO feed_topic(publisherID, topicID)VALUES(12,95);INSERT INTO feed_topic(publisherID, topicID)VALUES(12,28);INSERT INTO feed_topic(publisherID, topicID)VALUES(12,50);INSERT INTO feed_topic(publisherID, topicID)VALUES(12,64);INSERT INTO feed_topic(publisherID, topicID)VALUES(12,12);INSERT INTO feed_topic(publisherID, topicID)VALUES(12,51);INSERT INTO feed_topic(publisherID, topicID)VALUES(12,27);INSERT INTO feed_topic(publisherID, topicID)VALUES(12,10);INSERT INTO feed_topic(publisherID, topicID)VALUES(12,25);INSERT INTO feed_topic(publisherID, topicID)VALUES(12,60);INSERT INTO feed_topic(publisherID, topicID)VALUES(12,19);INSERT INTO feed_topic(publisherID, topicID)VALUES(12,69);INSERT INTO feed_topic(publisherID, topicID)VALUES(12,4);INSERT INTO feed_topic(publisherID, topicID)VALUES(12,54);INSERT INTO feed_topic(publisherID, topicID)VALUES(12,83);INSERT INTO feed_topic(publisherID, topicID)VALUES(12,17);INSERT INTO feed_topic(publisherID, topicID)VALUES(12,54);INSERT INTO feed_topic(publisherID, topicID)VALUES(12,43);INSERT INTO feed_topic(publisherID, topicID)VALUES(12,8);INSERT INTO feed_topic(publisherID, topicID)VALUES(12,63);INSERT INTO feed_topic(publisherID, topicID)VALUES(12,83);INSERT INTO feed_topic(publisherID, topicID)VALUES(12,17);INSERT INTO feed_topic(publisherID, topicID)VALUES(12,98);INSERT INTO feed_topic(publisherID, topicID)VALUES(12,66);INSERT INTO feed_topic(publisherID, topicID)VALUES(12,57);INSERT INTO feed_topic(publisherID, topicID)VALUES(12,71);INSERT INTO feed_topic(publisherID, topicID)VALUES(12,2);INSERT INTO feed_topic(publisherID, topicID)VALUES(12,17);INSERT INTO feed_topic(publisherID, topicID)VALUES(12,89);INSERT INTO feed_topic(publisherID, topicID)VALUES(12,47);INSERT INTO feed_topic(publisherID, topicID)VALUES(12,75);INSERT INTO feed_topic(publisherID, topicID)VALUES(12,1);INSERT INTO feed_topic(publisherID, topicID)VALUES(12,5);INSERT INTO feed_topic(publisherID, topicID)VALUES(12,19);INSERT INTO feed_topic(publisherID, topicID)VALUES(12,25);INSERT INTO feed_topic(publisherID, topicID)VALUES(12,23);INSERT INTO propose_topic(topicID, publisherID)VALUES(42,12);INSERT INTO publisher(userID, nome, email, publishPassword, creationDate, nfriends, profilePic, bio, publisherPosts, reputation, banned)VALUES(13,'JuliousCurrao','juliouscurrao@gmail.com','0478ff48f53a044f6f13660b82122060d0714f3c136576285188c089e3f89ad8','2024-4-7 14:44:56',6,'','Hi, my name is JuliousCurrao',0,0,'FALSE');INSERT INTO feed_topic(publisherID, topicID)VALUES(13,17);INSERT INTO feed_topic(publisherID, topicID)VALUES(13,19);INSERT INTO feed_topic(publisherID, topicID)VALUES(13,50);INSERT INTO feed_topic(publisherID, topicID)VALUES(13,15);INSERT INTO feed_topic(publisherID, topicID)VALUES(13,18);INSERT INTO feed_topic(publisherID, topicID)VALUES(13,98);INSERT INTO feed_topic(publisherID, topicID)VALUES(13,16);INSERT INTO feed_topic(publisherID, topicID)VALUES(13,98);INSERT INTO feed_topic(publisherID, topicID)VALUES(13,87);INSERT INTO feed_topic(publisherID, topicID)VALUES(13,88);INSERT INTO feed_topic(publisherID, topicID)VALUES(13,1);INSERT INTO feed_topic(publisherID, topicID)VALUES(13,51);INSERT INTO feed_topic(publisherID, topicID)VALUES(13,45);INSERT INTO feed_topic(publisherID, topicID)VALUES(13,21);INSERT INTO feed_topic(publisherID, topicID)VALUES(13,8);INSERT INTO feed_topic(publisherID, topicID)VALUES(13,16);INSERT INTO feed_topic(publisherID, topicID)VALUES(13,32);INSERT INTO feed_topic(publisherID, topicID)VALUES(13,68);INSERT INTO feed_topic(publisherID, topicID)VALUES(13,49);INSERT INTO feed_topic(publisherID, topicID)VALUES(13,29);INSERT INTO feed_topic(publisherID, topicID)VALUES(13,53);INSERT INTO feed_topic(publisherID, topicID)VALUES(13,100);INSERT INTO feed_topic(publisherID, topicID)VALUES(13,10);INSERT INTO feed_topic(publisherID, topicID)VALUES(13,62);INSERT INTO feed_topic(publisherID, topicID)VALUES(13,98);INSERT INTO feed_topic(publisherID, topicID)VALUES(13,81);INSERT INTO feed_topic(publisherID, topicID)VALUES(13,73);INSERT INTO feed_topic(publisherID, topicID)VALUES(13,36);INSERT INTO feed_topic(publisherID, topicID)VALUES(13,91);INSERT INTO feed_topic(publisherID, topicID)VALUES(13,94);INSERT INTO feed_topic(publisherID, topicID)VALUES(13,45);INSERT INTO feed_topic(publisherID, topicID)VALUES(13,74);INSERT INTO feed_topic(publisherID, topicID)VALUES(13,32);INSERT INTO feed_topic(publisherID, topicID)VALUES(13,7);INSERT INTO feed_topic(publisherID, topicID)VALUES(13,47);INSERT INTO feed_topic(publisherID, topicID)VALUES(13,40);INSERT INTO feed_topic(publisherID, topicID)VALUES(13,21);INSERT INTO feed_topic(publisherID, topicID)VALUES(13,29);INSERT INTO feed_topic(publisherID, topicID)VALUES(13,54);INSERT INTO feed_topic(publisherID, topicID)VALUES(13,27);INSERT INTO feed_topic(publisherID, topicID)VALUES(13,60);INSERT INTO feed_topic(publisherID, topicID)VALUES(13,36);INSERT INTO feed_topic(publisherID, topicID)VALUES(13,13);INSERT INTO feed_topic(publisherID, topicID)VALUES(13,94);INSERT INTO feed_topic(publisherID, topicID)VALUES(13,37);INSERT INTO feed_topic(publisherID, topicID)VALUES(13,14);INSERT INTO feed_topic(publisherID, topicID)VALUES(13,14);INSERT INTO feed_topic(publisherID, topicID)VALUES(13,89);INSERT INTO feed_topic(publisherID, topicID)VALUES(13,90);INSERT INTO feed_topic(publisherID, topicID)VALUES(13,27);INSERT INTO feed_topic(publisherID, topicID)VALUES(13,36);INSERT INTO feed_topic(publisherID, topicID)VALUES(13,81);INSERT INTO feed_topic(publisherID, topicID)VALUES(13,38);INSERT INTO feed_topic(publisherID, topicID)VALUES(13,23);INSERT INTO feed_topic(publisherID, topicID)VALUES(13,87);INSERT INTO feed_topic(publisherID, topicID)VALUES(13,72);INSERT INTO feed_topic(publisherID, topicID)VALUES(13,4);INSERT INTO feed_topic(publisherID, topicID)VALUES(13,99);INSERT INTO feed_topic(publisherID, topicID)VALUES(13,37);INSERT INTO feed_topic(publisherID, topicID)VALUES(13,41);INSERT INTO feed_topic(publisherID, topicID)VALUES(13,77);INSERT INTO feed_topic(publisherID, topicID)VALUES(13,32);INSERT INTO feed_topic(publisherID, topicID)VALUES(13,14);INSERT INTO feed_topic(publisherID, topicID)VALUES(13,77);INSERT INTO feed_topic(publisherID, topicID)VALUES(13,42);INSERT INTO feed_topic(publisherID, topicID)VALUES(13,83);INSERT INTO feed_topic(publisherID, topicID)VALUES(13,36);INSERT INTO feed_topic(publisherID, topicID)VALUES(13,37);INSERT INTO feed_topic(publisherID, topicID)VALUES(13,76);INSERT INTO feed_topic(publisherID, topicID)VALUES(13,17);INSERT INTO feed_topic(publisherID, topicID)VALUES(13,50);INSERT INTO feed_topic(publisherID, topicID)VALUES(13,39);INSERT INTO feed_topic(publisherID, topicID)VALUES(13,10);INSERT INTO feed_topic(publisherID, topicID)VALUES(13,15);INSERT INTO feed_topic(publisherID, topicID)VALUES(13,76);INSERT INTO feed_topic(publisherID, topicID)VALUES(13,94);INSERT INTO feed_topic(publisherID, topicID)VALUES(13,26);INSERT INTO feed_topic(publisherID, topicID)VALUES(13,50);INSERT INTO feed_topic(publisherID, topicID)VALUES(13,59);INSERT INTO feed_topic(publisherID, topicID)VALUES(13,26);INSERT INTO feed_topic(publisherID, topicID)VALUES(13,61);INSERT INTO feed_topic(publisherID, topicID)VALUES(13,60);INSERT INTO feed_topic(publisherID, topicID)VALUES(13,88);INSERT INTO feed_topic(publisherID, topicID)VALUES(13,44);INSERT INTO feed_topic(publisherID, topicID)VALUES(13,97);INSERT INTO feed_topic(publisherID, topicID)VALUES(13,16);INSERT INTO feed_topic(publisherID, topicID)VALUES(13,27);INSERT INTO feed_topic(publisherID, topicID)VALUES(13,39);INSERT INTO feed_topic(publisherID, topicID)VALUES(13,81);INSERT INTO feed_topic(publisherID, topicID)VALUES(13,54);INSERT INTO feed_topic(publisherID, topicID)VALUES(13,4);INSERT INTO feed_topic(publisherID, topicID)VALUES(13,66);INSERT INTO feed_topic(publisherID, topicID)VALUES(13,34);INSERT INTO feed_topic(publisherID, topicID)VALUES(13,89);INSERT INTO feed_topic(publisherID, topicID)VALUES(13,62);INSERT INTO feed_topic(publisherID, topicID)VALUES(13,8);INSERT INTO feed_topic(publisherID, topicID)VALUES(13,71);INSERT INTO feed_topic(publisherID, topicID)VALUES(13,65);INSERT INTO feed_topic(publisherID, topicID)VALUES(13,51);INSERT INTO feed_topic(publisherID, topicID)VALUES(13,59);INSERT INTO publisher(userID, nome, email, publishPassword, creationDate, nfriends, profilePic, bio, publisherPosts, reputation, banned)VALUES(14,'AlexandroDekok','alexandrodekok@gmail.com','9b111fb2b16189568f84e822a7c576bbb8ddf9743e546875e8d2592c4487714f','2024-2-23 2:18:36',6,'','Hi, my name is AlexandroDekok',0,0,'FALSE');INSERT INTO feed_topic(publisherID, topicID)VALUES(14,72);INSERT INTO feed_topic(publisherID, topicID)VALUES(14,100);INSERT INTO feed_topic(publisherID, topicID)VALUES(14,16);INSERT INTO feed_topic(publisherID, topicID)VALUES(14,81);INSERT INTO feed_topic(publisherID, topicID)VALUES(14,90);INSERT INTO feed_topic(publisherID, topicID)VALUES(14,87);INSERT INTO feed_topic(publisherID, topicID)VALUES(14,9);INSERT INTO feed_topic(publisherID, topicID)VALUES(14,46);INSERT INTO feed_topic(publisherID, topicID)VALUES(14,83);INSERT INTO feed_topic(publisherID, topicID)VALUES(14,73);INSERT INTO feed_topic(publisherID, topicID)VALUES(14,99);INSERT INTO feed_topic(publisherID, topicID)VALUES(14,35);INSERT INTO feed_topic(publisherID, topicID)VALUES(14,76);INSERT INTO feed_topic(publisherID, topicID)VALUES(14,13);INSERT INTO feed_topic(publisherID, topicID)VALUES(14,64);INSERT INTO feed_topic(publisherID, topicID)VALUES(14,34);INSERT INTO feed_topic(publisherID, topicID)VALUES(14,54);INSERT INTO feed_topic(publisherID, topicID)VALUES(14,24);INSERT INTO feed_topic(publisherID, topicID)VALUES(14,22);INSERT INTO feed_topic(publisherID, topicID)VALUES(14,24);INSERT INTO feed_topic(publisherID, topicID)VALUES(14,63);INSERT INTO feed_topic(publisherID, topicID)VALUES(14,50);INSERT INTO feed_topic(publisherID, topicID)VALUES(14,59);INSERT INTO feed_topic(publisherID, topicID)VALUES(14,27);INSERT INTO feed_topic(publisherID, topicID)VALUES(14,92);INSERT INTO feed_topic(publisherID, topicID)VALUES(14,29);INSERT INTO feed_topic(publisherID, topicID)VALUES(14,66);INSERT INTO feed_topic(publisherID, topicID)VALUES(14,47);INSERT INTO feed_topic(publisherID, topicID)VALUES(14,13);INSERT INTO feed_topic(publisherID, topicID)VALUES(14,89);INSERT INTO feed_topic(publisherID, topicID)VALUES(14,42);INSERT INTO feed_topic(publisherID, topicID)VALUES(14,88);INSERT INTO feed_topic(publisherID, topicID)VALUES(14,32);INSERT INTO feed_topic(publisherID, topicID)VALUES(14,12);INSERT INTO feed_topic(publisherID, topicID)VALUES(14,71);INSERT INTO feed_topic(publisherID, topicID)VALUES(14,81);INSERT INTO feed_topic(publisherID, topicID)VALUES(14,23);INSERT INTO feed_topic(publisherID, topicID)VALUES(14,63);INSERT INTO feed_topic(publisherID, topicID)VALUES(14,76);INSERT INTO feed_topic(publisherID, topicID)VALUES(14,73);INSERT INTO feed_topic(publisherID, topicID)VALUES(14,47);INSERT INTO feed_topic(publisherID, topicID)VALUES(14,58);INSERT INTO feed_topic(publisherID, topicID)VALUES(14,2);INSERT INTO feed_topic(publisherID, topicID)VALUES(14,74);INSERT INTO feed_topic(publisherID, topicID)VALUES(14,14);INSERT INTO feed_topic(publisherID, topicID)VALUES(14,19);INSERT INTO feed_topic(publisherID, topicID)VALUES(14,5);INSERT INTO feed_topic(publisherID, topicID)VALUES(14,20);INSERT INTO feed_topic(publisherID, topicID)VALUES(14,18);INSERT INTO feed_topic(publisherID, topicID)VALUES(14,81);INSERT INTO feed_topic(publisherID, topicID)VALUES(14,6);INSERT INTO feed_topic(publisherID, topicID)VALUES(14,21);INSERT INTO feed_topic(publisherID, topicID)VALUES(14,82);INSERT INTO feed_topic(publisherID, topicID)VALUES(14,32);INSERT INTO feed_topic(publisherID, topicID)VALUES(14,63);INSERT INTO feed_topic(publisherID, topicID)VALUES(14,37);INSERT INTO feed_topic(publisherID, topicID)VALUES(14,41);INSERT INTO feed_topic(publisherID, topicID)VALUES(14,23);INSERT INTO feed_topic(publisherID, topicID)VALUES(14,73);INSERT INTO feed_topic(publisherID, topicID)VALUES(14,77);INSERT INTO feed_topic(publisherID, topicID)VALUES(14,37);INSERT INTO feed_topic(publisherID, topicID)VALUES(14,48);INSERT INTO feed_topic(publisherID, topicID)VALUES(14,81);INSERT INTO feed_topic(publisherID, topicID)VALUES(14,33);INSERT INTO feed_topic(publisherID, topicID)VALUES(14,71);INSERT INTO feed_topic(publisherID, topicID)VALUES(14,62);INSERT INTO feed_topic(publisherID, topicID)VALUES(14,50);INSERT INTO feed_topic(publisherID, topicID)VALUES(14,14);INSERT INTO feed_topic(publisherID, topicID)VALUES(14,57);INSERT INTO feed_topic(publisherID, topicID)VALUES(14,4);INSERT INTO feed_topic(publisherID, topicID)VALUES(14,21);INSERT INTO feed_topic(publisherID, topicID)VALUES(14,92);INSERT INTO feed_topic(publisherID, topicID)VALUES(14,67);INSERT INTO feed_topic(publisherID, topicID)VALUES(14,60);INSERT INTO feed_topic(publisherID, topicID)VALUES(14,31);INSERT INTO feed_topic(publisherID, topicID)VALUES(14,47);INSERT INTO feed_topic(publisherID, topicID)VALUES(14,4);INSERT INTO feed_topic(publisherID, topicID)VALUES(14,46);INSERT INTO feed_topic(publisherID, topicID)VALUES(14,6);INSERT INTO feed_topic(publisherID, topicID)VALUES(14,24);INSERT INTO feed_topic(publisherID, topicID)VALUES(14,59);INSERT INTO feed_topic(publisherID, topicID)VALUES(14,54);INSERT INTO feed_topic(publisherID, topicID)VALUES(14,66);INSERT INTO feed_topic(publisherID, topicID)VALUES(14,1);INSERT INTO feed_topic(publisherID, topicID)VALUES(14,45);INSERT INTO feed_topic(publisherID, topicID)VALUES(14,96);INSERT INTO feed_topic(publisherID, topicID)VALUES(14,73);INSERT INTO feed_topic(publisherID, topicID)VALUES(14,71);INSERT INTO feed_topic(publisherID, topicID)VALUES(14,45);INSERT INTO feed_topic(publisherID, topicID)VALUES(14,64);INSERT INTO feed_topic(publisherID, topicID)VALUES(14,39);INSERT INTO feed_topic(publisherID, topicID)VALUES(14,77);INSERT INTO feed_topic(publisherID, topicID)VALUES(14,90);INSERT INTO feed_topic(publisherID, topicID)VALUES(14,57);INSERT INTO feed_topic(publisherID, topicID)VALUES(14,17);INSERT INTO feed_topic(publisherID, topicID)VALUES(14,68);INSERT INTO feed_topic(publisherID, topicID)VALUES(14,68);INSERT INTO feed_topic(publisherID, topicID)VALUES(14,54);INSERT INTO feed_topic(publisherID, topicID)VALUES(14,75);INSERT INTO feed_topic(publisherID, topicID)VALUES(14,27);INSERT INTO publisher(userID, nome, email, publishPassword, creationDate, nfriends, profilePic, bio, publisherPosts, reputation, banned)VALUES(15,'ShanieceTobon','shaniecetobon@gmail.com','e9e2056ab3b5754581a7c1c9d33afe2e04862a01fe7e4683a064fe3d0f4c9d92','2023-9-21 23:51:22',16,'','Hi, my name is ShanieceTobon',0,0,'FALSE');INSERT INTO feed_topic(publisherID, topicID)VALUES(15,17);INSERT INTO feed_topic(publisherID, topicID)VALUES(15,60);INSERT INTO feed_topic(publisherID, topicID)VALUES(15,74);INSERT INTO feed_topic(publisherID, topicID)VALUES(15,97);INSERT INTO feed_topic(publisherID, topicID)VALUES(15,64);INSERT INTO feed_topic(publisherID, topicID)VALUES(15,49);INSERT INTO feed_topic(publisherID, topicID)VALUES(15,88);INSERT INTO feed_topic(publisherID, topicID)VALUES(15,64);INSERT INTO feed_topic(publisherID, topicID)VALUES(15,96);INSERT INTO feed_topic(publisherID, topicID)VALUES(15,20);INSERT INTO feed_topic(publisherID, topicID)VALUES(15,57);INSERT INTO feed_topic(publisherID, topicID)VALUES(15,65);INSERT INTO feed_topic(publisherID, topicID)VALUES(15,27);INSERT INTO feed_topic(publisherID, topicID)VALUES(15,75);INSERT INTO feed_topic(publisherID, topicID)VALUES(15,79);INSERT INTO feed_topic(publisherID, topicID)VALUES(15,73);INSERT INTO feed_topic(publisherID, topicID)VALUES(15,15);INSERT INTO feed_topic(publisherID, topicID)VALUES(15,41);INSERT INTO feed_topic(publisherID, topicID)VALUES(15,86);INSERT INTO feed_topic(publisherID, topicID)VALUES(15,38);INSERT INTO feed_topic(publisherID, topicID)VALUES(15,81);INSERT INTO feed_topic(publisherID, topicID)VALUES(15,95);INSERT INTO feed_topic(publisherID, topicID)VALUES(15,11);INSERT INTO feed_topic(publisherID, topicID)VALUES(15,90);INSERT INTO feed_topic(publisherID, topicID)VALUES(15,4);INSERT INTO feed_topic(publisherID, topicID)VALUES(15,19);INSERT INTO feed_topic(publisherID, topicID)VALUES(15,9);INSERT INTO feed_topic(publisherID, topicID)VALUES(15,21);INSERT INTO feed_topic(publisherID, topicID)VALUES(15,37);INSERT INTO feed_topic(publisherID, topicID)VALUES(15,100);INSERT INTO feed_topic(publisherID, topicID)VALUES(15,69);INSERT INTO feed_topic(publisherID, topicID)VALUES(15,95);INSERT INTO feed_topic(publisherID, topicID)VALUES(15,31);INSERT INTO feed_topic(publisherID, topicID)VALUES(15,49);INSERT INTO feed_topic(publisherID, topicID)VALUES(15,49);INSERT INTO feed_topic(publisherID, topicID)VALUES(15,33);INSERT INTO feed_topic(publisherID, topicID)VALUES(15,93);INSERT INTO feed_topic(publisherID, topicID)VALUES(15,75);INSERT INTO feed_topic(publisherID, topicID)VALUES(15,21);INSERT INTO feed_topic(publisherID, topicID)VALUES(15,35);INSERT INTO feed_topic(publisherID, topicID)VALUES(15,7);INSERT INTO feed_topic(publisherID, topicID)VALUES(15,99);INSERT INTO feed_topic(publisherID, topicID)VALUES(15,36);INSERT INTO feed_topic(publisherID, topicID)VALUES(15,13);INSERT INTO feed_topic(publisherID, topicID)VALUES(15,78);INSERT INTO feed_topic(publisherID, topicID)VALUES(15,1);INSERT INTO feed_topic(publisherID, topicID)VALUES(15,96);INSERT INTO feed_topic(publisherID, topicID)VALUES(15,7);INSERT INTO feed_topic(publisherID, topicID)VALUES(15,28);INSERT INTO feed_topic(publisherID, topicID)VALUES(15,49);INSERT INTO feed_topic(publisherID, topicID)VALUES(15,9);INSERT INTO feed_topic(publisherID, topicID)VALUES(15,67);INSERT INTO feed_topic(publisherID, topicID)VALUES(15,7);INSERT INTO feed_topic(publisherID, topicID)VALUES(15,18);INSERT INTO feed_topic(publisherID, topicID)VALUES(15,26);INSERT INTO feed_topic(publisherID, topicID)VALUES(15,4);INSERT INTO feed_topic(publisherID, topicID)VALUES(15,84);INSERT INTO feed_topic(publisherID, topicID)VALUES(15,96);INSERT INTO feed_topic(publisherID, topicID)VALUES(15,35);INSERT INTO feed_topic(publisherID, topicID)VALUES(15,34);INSERT INTO feed_topic(publisherID, topicID)VALUES(15,61);INSERT INTO feed_topic(publisherID, topicID)VALUES(15,56);INSERT INTO feed_topic(publisherID, topicID)VALUES(15,47);INSERT INTO feed_topic(publisherID, topicID)VALUES(15,88);INSERT INTO feed_topic(publisherID, topicID)VALUES(15,96);INSERT INTO feed_topic(publisherID, topicID)VALUES(15,75);INSERT INTO feed_topic(publisherID, topicID)VALUES(15,5);INSERT INTO feed_topic(publisherID, topicID)VALUES(15,76);INSERT INTO feed_topic(publisherID, topicID)VALUES(15,47);INSERT INTO feed_topic(publisherID, topicID)VALUES(15,53);INSERT INTO feed_topic(publisherID, topicID)VALUES(15,8);INSERT INTO feed_topic(publisherID, topicID)VALUES(15,87);INSERT INTO feed_topic(publisherID, topicID)VALUES(15,92);INSERT INTO feed_topic(publisherID, topicID)VALUES(15,40);INSERT INTO feed_topic(publisherID, topicID)VALUES(15,46);INSERT INTO feed_topic(publisherID, topicID)VALUES(15,48);INSERT INTO feed_topic(publisherID, topicID)VALUES(15,49);INSERT INTO feed_topic(publisherID, topicID)VALUES(15,66);INSERT INTO feed_topic(publisherID, topicID)VALUES(15,24);INSERT INTO feed_topic(publisherID, topicID)VALUES(15,64);INSERT INTO feed_topic(publisherID, topicID)VALUES(15,34);INSERT INTO feed_topic(publisherID, topicID)VALUES(15,42);INSERT INTO feed_topic(publisherID, topicID)VALUES(15,20);INSERT INTO feed_topic(publisherID, topicID)VALUES(15,13);INSERT INTO feed_topic(publisherID, topicID)VALUES(15,9);INSERT INTO feed_topic(publisherID, topicID)VALUES(15,17);INSERT INTO feed_topic(publisherID, topicID)VALUES(15,11);INSERT INTO feed_topic(publisherID, topicID)VALUES(15,74);INSERT INTO feed_topic(publisherID, topicID)VALUES(15,30);INSERT INTO feed_topic(publisherID, topicID)VALUES(15,57);INSERT INTO feed_topic(publisherID, topicID)VALUES(15,30);INSERT INTO feed_topic(publisherID, topicID)VALUES(15,55);INSERT INTO feed_topic(publisherID, topicID)VALUES(15,78);INSERT INTO feed_topic(publisherID, topicID)VALUES(15,23);INSERT INTO feed_topic(publisherID, topicID)VALUES(15,23);INSERT INTO feed_topic(publisherID, topicID)VALUES(15,46);INSERT INTO feed_topic(publisherID, topicID)VALUES(15,19);INSERT INTO feed_topic(publisherID, topicID)VALUES(15,92);INSERT INTO feed_topic(publisherID, topicID)VALUES(15,67);INSERT INTO feed_topic(publisherID, topicID)VALUES(15,25);INSERT INTO publisher(userID, nome, email, publishPassword, creationDate, nfriends, profilePic, bio, publisherPosts, reputation, banned)VALUES(16,'KeelyChandrasekar','keelychandrasekar@gmail.com','0c94379e02e991410bde1a40311d319b0f7c3a859612e6a2a3e64876bf2c913f','2024-11-19 21:29:22',7,'','Hi, my name is KeelyChandrasekar',0,0,'FALSE');INSERT INTO feed_topic(publisherID, topicID)VALUES(16,62);INSERT INTO feed_topic(publisherID, topicID)VALUES(16,69);INSERT INTO feed_topic(publisherID, topicID)VALUES(16,56);INSERT INTO feed_topic(publisherID, topicID)VALUES(16,53);INSERT INTO feed_topic(publisherID, topicID)VALUES(16,59);INSERT INTO feed_topic(publisherID, topicID)VALUES(16,58);INSERT INTO feed_topic(publisherID, topicID)VALUES(16,88);INSERT INTO feed_topic(publisherID, topicID)VALUES(16,41);INSERT INTO feed_topic(publisherID, topicID)VALUES(16,98);INSERT INTO feed_topic(publisherID, topicID)VALUES(16,71);INSERT INTO feed_topic(publisherID, topicID)VALUES(16,86);INSERT INTO feed_topic(publisherID, topicID)VALUES(16,41);INSERT INTO feed_topic(publisherID, topicID)VALUES(16,20);INSERT INTO feed_topic(publisherID, topicID)VALUES(16,15);INSERT INTO feed_topic(publisherID, topicID)VALUES(16,88);INSERT INTO feed_topic(publisherID, topicID)VALUES(16,20);INSERT INTO feed_topic(publisherID, topicID)VALUES(16,90);INSERT INTO feed_topic(publisherID, topicID)VALUES(16,36);INSERT INTO feed_topic(publisherID, topicID)VALUES(16,82);INSERT INTO feed_topic(publisherID, topicID)VALUES(16,77);INSERT INTO feed_topic(publisherID, topicID)VALUES(16,88);INSERT INTO feed_topic(publisherID, topicID)VALUES(16,59);INSERT INTO feed_topic(publisherID, topicID)VALUES(16,33);INSERT INTO feed_topic(publisherID, topicID)VALUES(16,67);INSERT INTO feed_topic(publisherID, topicID)VALUES(16,58);INSERT INTO feed_topic(publisherID, topicID)VALUES(16,3);INSERT INTO feed_topic(publisherID, topicID)VALUES(16,79);INSERT INTO feed_topic(publisherID, topicID)VALUES(16,37);INSERT INTO feed_topic(publisherID, topicID)VALUES(16,68);INSERT INTO feed_topic(publisherID, topicID)VALUES(16,13);INSERT INTO feed_topic(publisherID, topicID)VALUES(16,2);INSERT INTO feed_topic(publisherID, topicID)VALUES(16,25);INSERT INTO feed_topic(publisherID, topicID)VALUES(16,42);INSERT INTO feed_topic(publisherID, topicID)VALUES(16,38);INSERT INTO feed_topic(publisherID, topicID)VALUES(16,5);INSERT INTO feed_topic(publisherID, topicID)VALUES(16,42);INSERT INTO feed_topic(publisherID, topicID)VALUES(16,21);INSERT INTO feed_topic(publisherID, topicID)VALUES(16,43);INSERT INTO feed_topic(publisherID, topicID)VALUES(16,18);INSERT INTO feed_topic(publisherID, topicID)VALUES(16,96);INSERT INTO feed_topic(publisherID, topicID)VALUES(16,80);INSERT INTO feed_topic(publisherID, topicID)VALUES(16,91);INSERT INTO feed_topic(publisherID, topicID)VALUES(16,59);INSERT INTO feed_topic(publisherID, topicID)VALUES(16,42);INSERT INTO feed_topic(publisherID, topicID)VALUES(16,25);INSERT INTO feed_topic(publisherID, topicID)VALUES(16,19);INSERT INTO feed_topic(publisherID, topicID)VALUES(16,21);INSERT INTO feed_topic(publisherID, topicID)VALUES(16,37);INSERT INTO feed_topic(publisherID, topicID)VALUES(16,32);INSERT INTO feed_topic(publisherID, topicID)VALUES(16,57);INSERT INTO feed_topic(publisherID, topicID)VALUES(16,73);INSERT INTO feed_topic(publisherID, topicID)VALUES(16,35);INSERT INTO feed_topic(publisherID, topicID)VALUES(16,78);INSERT INTO feed_topic(publisherID, topicID)VALUES(16,65);INSERT INTO feed_topic(publisherID, topicID)VALUES(16,70);INSERT INTO feed_topic(publisherID, topicID)VALUES(16,15);INSERT INTO feed_topic(publisherID, topicID)VALUES(16,6);INSERT INTO feed_topic(publisherID, topicID)VALUES(16,47);INSERT INTO feed_topic(publisherID, topicID)VALUES(16,82);INSERT INTO feed_topic(publisherID, topicID)VALUES(16,98);INSERT INTO feed_topic(publisherID, topicID)VALUES(16,65);INSERT INTO feed_topic(publisherID, topicID)VALUES(16,99);INSERT INTO feed_topic(publisherID, topicID)VALUES(16,74);INSERT INTO feed_topic(publisherID, topicID)VALUES(16,1);INSERT INTO feed_topic(publisherID, topicID)VALUES(16,20);INSERT INTO feed_topic(publisherID, topicID)VALUES(16,14);INSERT INTO feed_topic(publisherID, topicID)VALUES(16,26);INSERT INTO feed_topic(publisherID, topicID)VALUES(16,99);INSERT INTO feed_topic(publisherID, topicID)VALUES(16,82);INSERT INTO feed_topic(publisherID, topicID)VALUES(16,1);INSERT INTO feed_topic(publisherID, topicID)VALUES(16,11);INSERT INTO feed_topic(publisherID, topicID)VALUES(16,3);INSERT INTO feed_topic(publisherID, topicID)VALUES(16,11);INSERT INTO feed_topic(publisherID, topicID)VALUES(16,30);INSERT INTO feed_topic(publisherID, topicID)VALUES(16,68);INSERT INTO feed_topic(publisherID, topicID)VALUES(16,38);INSERT INTO feed_topic(publisherID, topicID)VALUES(16,78);INSERT INTO feed_topic(publisherID, topicID)VALUES(16,58);INSERT INTO feed_topic(publisherID, topicID)VALUES(16,55);INSERT INTO feed_topic(publisherID, topicID)VALUES(16,84);INSERT INTO feed_topic(publisherID, topicID)VALUES(16,1);INSERT INTO feed_topic(publisherID, topicID)VALUES(16,9);INSERT INTO feed_topic(publisherID, topicID)VALUES(16,68);INSERT INTO feed_topic(publisherID, topicID)VALUES(16,10);INSERT INTO feed_topic(publisherID, topicID)VALUES(16,82);INSERT INTO feed_topic(publisherID, topicID)VALUES(16,47);INSERT INTO feed_topic(publisherID, topicID)VALUES(16,13);INSERT INTO feed_topic(publisherID, topicID)VALUES(16,65);INSERT INTO feed_topic(publisherID, topicID)VALUES(16,59);INSERT INTO feed_topic(publisherID, topicID)VALUES(16,24);INSERT INTO feed_topic(publisherID, topicID)VALUES(16,53);INSERT INTO feed_topic(publisherID, topicID)VALUES(16,1);INSERT INTO feed_topic(publisherID, topicID)VALUES(16,17);INSERT INTO feed_topic(publisherID, topicID)VALUES(16,2);INSERT INTO feed_topic(publisherID, topicID)VALUES(16,84);INSERT INTO feed_topic(publisherID, topicID)VALUES(16,77);INSERT INTO feed_topic(publisherID, topicID)VALUES(16,12);INSERT INTO feed_topic(publisherID, topicID)VALUES(16,86);INSERT INTO feed_topic(publisherID, topicID)VALUES(16,73);INSERT INTO feed_topic(publisherID, topicID)VALUES(16,55);INSERT INTO propose_topic(topicID, publisherID)VALUES(19,16);INSERT INTO publisher(userID, nome, email, publishPassword, creationDate, nfriends, profilePic, bio, publisherPosts, reputation, banned)VALUES(17,'ShawandaWarnert','shawandawarnert@gmail.com','efa2a1b06504da53f6dbd473f965212c5f4a5c0681be1b38b7d67aa577b7394e','2023-5-31 19:52:13',8,'','Hi, my name is ShawandaWarnert',0,0,'FALSE');INSERT INTO feed_topic(publisherID, topicID)VALUES(17,9);INSERT INTO feed_topic(publisherID, topicID)VALUES(17,31);INSERT INTO feed_topic(publisherID, topicID)VALUES(17,84);INSERT INTO feed_topic(publisherID, topicID)VALUES(17,36);INSERT INTO feed_topic(publisherID, topicID)VALUES(17,49);INSERT INTO feed_topic(publisherID, topicID)VALUES(17,47);INSERT INTO feed_topic(publisherID, topicID)VALUES(17,11);INSERT INTO feed_topic(publisherID, topicID)VALUES(17,56);INSERT INTO feed_topic(publisherID, topicID)VALUES(17,67);INSERT INTO feed_topic(publisherID, topicID)VALUES(17,6);INSERT INTO feed_topic(publisherID, topicID)VALUES(17,41);INSERT INTO feed_topic(publisherID, topicID)VALUES(17,75);INSERT INTO feed_topic(publisherID, topicID)VALUES(17,91);INSERT INTO feed_topic(publisherID, topicID)VALUES(17,31);INSERT INTO feed_topic(publisherID, topicID)VALUES(17,8);INSERT INTO feed_topic(publisherID, topicID)VALUES(17,83);INSERT INTO feed_topic(publisherID, topicID)VALUES(17,33);INSERT INTO feed_topic(publisherID, topicID)VALUES(17,64);INSERT INTO feed_topic(publisherID, topicID)VALUES(17,53);INSERT INTO feed_topic(publisherID, topicID)VALUES(17,2);INSERT INTO feed_topic(publisherID, topicID)VALUES(17,45);INSERT INTO feed_topic(publisherID, topicID)VALUES(17,12);INSERT INTO feed_topic(publisherID, topicID)VALUES(17,4);INSERT INTO feed_topic(publisherID, topicID)VALUES(17,65);INSERT INTO feed_topic(publisherID, topicID)VALUES(17,72);INSERT INTO feed_topic(publisherID, topicID)VALUES(17,71);INSERT INTO feed_topic(publisherID, topicID)VALUES(17,66);INSERT INTO feed_topic(publisherID, topicID)VALUES(17,23);INSERT INTO feed_topic(publisherID, topicID)VALUES(17,9);INSERT INTO feed_topic(publisherID, topicID)VALUES(17,40);INSERT INTO feed_topic(publisherID, topicID)VALUES(17,82);INSERT INTO feed_topic(publisherID, topicID)VALUES(17,33);INSERT INTO feed_topic(publisherID, topicID)VALUES(17,36);INSERT INTO feed_topic(publisherID, topicID)VALUES(17,84);INSERT INTO feed_topic(publisherID, topicID)VALUES(17,39);INSERT INTO feed_topic(publisherID, topicID)VALUES(17,35);INSERT INTO feed_topic(publisherID, topicID)VALUES(17,55);INSERT INTO feed_topic(publisherID, topicID)VALUES(17,100);INSERT INTO feed_topic(publisherID, topicID)VALUES(17,30);INSERT INTO feed_topic(publisherID, topicID)VALUES(17,72);INSERT INTO feed_topic(publisherID, topicID)VALUES(17,61);INSERT INTO feed_topic(publisherID, topicID)VALUES(17,76);INSERT INTO feed_topic(publisherID, topicID)VALUES(17,25);INSERT INTO feed_topic(publisherID, topicID)VALUES(17,63);INSERT INTO feed_topic(publisherID, topicID)VALUES(17,55);INSERT INTO feed_topic(publisherID, topicID)VALUES(17,36);INSERT INTO feed_topic(publisherID, topicID)VALUES(17,27);INSERT INTO feed_topic(publisherID, topicID)VALUES(17,95);INSERT INTO feed_topic(publisherID, topicID)VALUES(17,6);INSERT INTO feed_topic(publisherID, topicID)VALUES(17,92);INSERT INTO feed_topic(publisherID, topicID)VALUES(17,76);INSERT INTO feed_topic(publisherID, topicID)VALUES(17,2);INSERT INTO feed_topic(publisherID, topicID)VALUES(17,12);INSERT INTO feed_topic(publisherID, topicID)VALUES(17,100);INSERT INTO feed_topic(publisherID, topicID)VALUES(17,21);INSERT INTO feed_topic(publisherID, topicID)VALUES(17,12);INSERT INTO feed_topic(publisherID, topicID)VALUES(17,36);INSERT INTO feed_topic(publisherID, topicID)VALUES(17,16);INSERT INTO feed_topic(publisherID, topicID)VALUES(17,28);INSERT INTO feed_topic(publisherID, topicID)VALUES(17,3);INSERT INTO feed_topic(publisherID, topicID)VALUES(17,18);INSERT INTO feed_topic(publisherID, topicID)VALUES(17,85);INSERT INTO feed_topic(publisherID, topicID)VALUES(17,1);INSERT INTO feed_topic(publisherID, topicID)VALUES(17,83);INSERT INTO feed_topic(publisherID, topicID)VALUES(17,62);INSERT INTO feed_topic(publisherID, topicID)VALUES(17,59);INSERT INTO feed_topic(publisherID, topicID)VALUES(17,37);INSERT INTO feed_topic(publisherID, topicID)VALUES(17,64);INSERT INTO feed_topic(publisherID, topicID)VALUES(17,4);INSERT INTO feed_topic(publisherID, topicID)VALUES(17,89);INSERT INTO feed_topic(publisherID, topicID)VALUES(17,52);INSERT INTO feed_topic(publisherID, topicID)VALUES(17,95);INSERT INTO feed_topic(publisherID, topicID)VALUES(17,79);INSERT INTO feed_topic(publisherID, topicID)VALUES(17,75);INSERT INTO feed_topic(publisherID, topicID)VALUES(17,3);INSERT INTO feed_topic(publisherID, topicID)VALUES(17,1);INSERT INTO feed_topic(publisherID, topicID)VALUES(17,2);INSERT INTO feed_topic(publisherID, topicID)VALUES(17,16);INSERT INTO feed_topic(publisherID, topicID)VALUES(17,54);INSERT INTO feed_topic(publisherID, topicID)VALUES(17,91);INSERT INTO feed_topic(publisherID, topicID)VALUES(17,18);INSERT INTO feed_topic(publisherID, topicID)VALUES(17,70);INSERT INTO feed_topic(publisherID, topicID)VALUES(17,75);INSERT INTO feed_topic(publisherID, topicID)VALUES(17,49);INSERT INTO feed_topic(publisherID, topicID)VALUES(17,67);INSERT INTO feed_topic(publisherID, topicID)VALUES(17,89);INSERT INTO feed_topic(publisherID, topicID)VALUES(17,11);INSERT INTO feed_topic(publisherID, topicID)VALUES(17,18);INSERT INTO feed_topic(publisherID, topicID)VALUES(17,92);INSERT INTO feed_topic(publisherID, topicID)VALUES(17,54);INSERT INTO feed_topic(publisherID, topicID)VALUES(17,91);INSERT INTO feed_topic(publisherID, topicID)VALUES(17,68);INSERT INTO feed_topic(publisherID, topicID)VALUES(17,83);INSERT INTO feed_topic(publisherID, topicID)VALUES(17,15);INSERT INTO feed_topic(publisherID, topicID)VALUES(17,99);INSERT INTO feed_topic(publisherID, topicID)VALUES(17,25);INSERT INTO feed_topic(publisherID, topicID)VALUES(17,3);INSERT INTO feed_topic(publisherID, topicID)VALUES(17,68);INSERT INTO feed_topic(publisherID, topicID)VALUES(17,86);INSERT INTO feed_topic(publisherID, topicID)VALUES(17,78);INSERT INTO publisher(userID, nome, email, publishPassword, creationDate, nfriends, profilePic, bio, publisherPosts, reputation, banned)VALUES(18,'CoraimaSomppi','coraimasomppi@gmail.com','ebd080ace1e1b4702f58a09d484c8589f697c57f1ada5c8e313e391e1309a6ff','2023-7-22 4:54:23',7,'','Hi, my name is CoraimaSomppi',0,0,'FALSE');INSERT INTO feed_topic(publisherID, topicID)VALUES(18,63);INSERT INTO feed_topic(publisherID, topicID)VALUES(18,14);INSERT INTO feed_topic(publisherID, topicID)VALUES(18,18);INSERT INTO feed_topic(publisherID, topicID)VALUES(18,92);INSERT INTO feed_topic(publisherID, topicID)VALUES(18,14);INSERT INTO feed_topic(publisherID, topicID)VALUES(18,52);INSERT INTO feed_topic(publisherID, topicID)VALUES(18,18);INSERT INTO feed_topic(publisherID, topicID)VALUES(18,79);INSERT INTO feed_topic(publisherID, topicID)VALUES(18,3);INSERT INTO feed_topic(publisherID, topicID)VALUES(18,1);INSERT INTO feed_topic(publisherID, topicID)VALUES(18,52);INSERT INTO feed_topic(publisherID, topicID)VALUES(18,89);INSERT INTO feed_topic(publisherID, topicID)VALUES(18,88);INSERT INTO feed_topic(publisherID, topicID)VALUES(18,14);INSERT INTO feed_topic(publisherID, topicID)VALUES(18,70);INSERT INTO feed_topic(publisherID, topicID)VALUES(18,36);INSERT INTO feed_topic(publisherID, topicID)VALUES(18,43);INSERT INTO feed_topic(publisherID, topicID)VALUES(18,56);INSERT INTO feed_topic(publisherID, topicID)VALUES(18,63);INSERT INTO feed_topic(publisherID, topicID)VALUES(18,15);INSERT INTO feed_topic(publisherID, topicID)VALUES(18,30);INSERT INTO feed_topic(publisherID, topicID)VALUES(18,3);INSERT INTO feed_topic(publisherID, topicID)VALUES(18,7);INSERT INTO feed_topic(publisherID, topicID)VALUES(18,67);INSERT INTO feed_topic(publisherID, topicID)VALUES(18,9);INSERT INTO feed_topic(publisherID, topicID)VALUES(18,79);INSERT INTO feed_topic(publisherID, topicID)VALUES(18,21);INSERT INTO feed_topic(publisherID, topicID)VALUES(18,68);INSERT INTO feed_topic(publisherID, topicID)VALUES(18,63);INSERT INTO feed_topic(publisherID, topicID)VALUES(18,60);INSERT INTO feed_topic(publisherID, topicID)VALUES(18,81);INSERT INTO feed_topic(publisherID, topicID)VALUES(18,66);INSERT INTO feed_topic(publisherID, topicID)VALUES(18,97);INSERT INTO feed_topic(publisherID, topicID)VALUES(18,23);INSERT INTO feed_topic(publisherID, topicID)VALUES(18,13);INSERT INTO feed_topic(publisherID, topicID)VALUES(18,20);INSERT INTO feed_topic(publisherID, topicID)VALUES(18,11);INSERT INTO feed_topic(publisherID, topicID)VALUES(18,68);INSERT INTO feed_topic(publisherID, topicID)VALUES(18,13);INSERT INTO feed_topic(publisherID, topicID)VALUES(18,14);INSERT INTO feed_topic(publisherID, topicID)VALUES(18,1);INSERT INTO feed_topic(publisherID, topicID)VALUES(18,100);INSERT INTO feed_topic(publisherID, topicID)VALUES(18,55);INSERT INTO feed_topic(publisherID, topicID)VALUES(18,30);INSERT INTO feed_topic(publisherID, topicID)VALUES(18,9);INSERT INTO feed_topic(publisherID, topicID)VALUES(18,47);INSERT INTO feed_topic(publisherID, topicID)VALUES(18,12);INSERT INTO feed_topic(publisherID, topicID)VALUES(18,14);INSERT INTO feed_topic(publisherID, topicID)VALUES(18,52);INSERT INTO feed_topic(publisherID, topicID)VALUES(18,29);INSERT INTO feed_topic(publisherID, topicID)VALUES(18,16);INSERT INTO feed_topic(publisherID, topicID)VALUES(18,64);INSERT INTO feed_topic(publisherID, topicID)VALUES(18,94);INSERT INTO feed_topic(publisherID, topicID)VALUES(18,25);INSERT INTO feed_topic(publisherID, topicID)VALUES(18,2);INSERT INTO feed_topic(publisherID, topicID)VALUES(18,66);INSERT INTO feed_topic(publisherID, topicID)VALUES(18,53);INSERT INTO feed_topic(publisherID, topicID)VALUES(18,46);INSERT INTO feed_topic(publisherID, topicID)VALUES(18,1);INSERT INTO feed_topic(publisherID, topicID)VALUES(18,94);INSERT INTO feed_topic(publisherID, topicID)VALUES(18,58);INSERT INTO feed_topic(publisherID, topicID)VALUES(18,89);INSERT INTO feed_topic(publisherID, topicID)VALUES(18,40);INSERT INTO feed_topic(publisherID, topicID)VALUES(18,70);INSERT INTO feed_topic(publisherID, topicID)VALUES(18,28);INSERT INTO feed_topic(publisherID, topicID)VALUES(18,67);INSERT INTO feed_topic(publisherID, topicID)VALUES(18,64);INSERT INTO feed_topic(publisherID, topicID)VALUES(18,5);INSERT INTO feed_topic(publisherID, topicID)VALUES(18,54);INSERT INTO feed_topic(publisherID, topicID)VALUES(18,61);INSERT INTO feed_topic(publisherID, topicID)VALUES(18,42);INSERT INTO feed_topic(publisherID, topicID)VALUES(18,44);INSERT INTO feed_topic(publisherID, topicID)VALUES(18,33);INSERT INTO feed_topic(publisherID, topicID)VALUES(18,87);INSERT INTO feed_topic(publisherID, topicID)VALUES(18,54);INSERT INTO feed_topic(publisherID, topicID)VALUES(18,91);INSERT INTO feed_topic(publisherID, topicID)VALUES(18,32);INSERT INTO feed_topic(publisherID, topicID)VALUES(18,86);INSERT INTO feed_topic(publisherID, topicID)VALUES(18,45);INSERT INTO feed_topic(publisherID, topicID)VALUES(18,39);INSERT INTO feed_topic(publisherID, topicID)VALUES(18,31);INSERT INTO feed_topic(publisherID, topicID)VALUES(18,72);INSERT INTO feed_topic(publisherID, topicID)VALUES(18,39);INSERT INTO feed_topic(publisherID, topicID)VALUES(18,26);INSERT INTO feed_topic(publisherID, topicID)VALUES(18,6);INSERT INTO feed_topic(publisherID, topicID)VALUES(18,24);INSERT INTO feed_topic(publisherID, topicID)VALUES(18,7);INSERT INTO feed_topic(publisherID, topicID)VALUES(18,89);INSERT INTO feed_topic(publisherID, topicID)VALUES(18,90);INSERT INTO feed_topic(publisherID, topicID)VALUES(18,13);INSERT INTO feed_topic(publisherID, topicID)VALUES(18,22);INSERT INTO feed_topic(publisherID, topicID)VALUES(18,40);INSERT INTO feed_topic(publisherID, topicID)VALUES(18,29);INSERT INTO feed_topic(publisherID, topicID)VALUES(18,22);INSERT INTO feed_topic(publisherID, topicID)VALUES(18,79);INSERT INTO feed_topic(publisherID, topicID)VALUES(18,51);INSERT INTO feed_topic(publisherID, topicID)VALUES(18,31);INSERT INTO feed_topic(publisherID, topicID)VALUES(18,99);INSERT INTO feed_topic(publisherID, topicID)VALUES(18,76);INSERT INTO feed_topic(publisherID, topicID)VALUES(18,42);INSERT INTO publisher(userID, nome, email, publishPassword, creationDate, nfriends, profilePic, bio, publisherPosts, reputation, banned)VALUES(19,'DillonSetser','dillonsetser@gmail.com','de875f60bd1bb570b4d4e244f62dc6e2b9ee29ecfeb41a3673cde69ac4d771fe','2023-6-19 20:7:6',13,'','Hi, my name is DillonSetser',0,0,'FALSE');INSERT INTO feed_topic(publisherID, topicID)VALUES(19,24);INSERT INTO feed_topic(publisherID, topicID)VALUES(19,17);INSERT INTO feed_topic(publisherID, topicID)VALUES(19,89);INSERT INTO feed_topic(publisherID, topicID)VALUES(19,89);INSERT INTO feed_topic(publisherID, topicID)VALUES(19,93);INSERT INTO feed_topic(publisherID, topicID)VALUES(19,17);INSERT INTO feed_topic(publisherID, topicID)VALUES(19,90);INSERT INTO feed_topic(publisherID, topicID)VALUES(19,59);INSERT INTO feed_topic(publisherID, topicID)VALUES(19,96);INSERT INTO feed_topic(publisherID, topicID)VALUES(19,47);INSERT INTO feed_topic(publisherID, topicID)VALUES(19,58);INSERT INTO feed_topic(publisherID, topicID)VALUES(19,60);INSERT INTO feed_topic(publisherID, topicID)VALUES(19,33);INSERT INTO feed_topic(publisherID, topicID)VALUES(19,8);INSERT INTO feed_topic(publisherID, topicID)VALUES(19,28);INSERT INTO feed_topic(publisherID, topicID)VALUES(19,50);INSERT INTO feed_topic(publisherID, topicID)VALUES(19,32);INSERT INTO feed_topic(publisherID, topicID)VALUES(19,81);INSERT INTO feed_topic(publisherID, topicID)VALUES(19,51);INSERT INTO feed_topic(publisherID, topicID)VALUES(19,4);INSERT INTO feed_topic(publisherID, topicID)VALUES(19,93);INSERT INTO feed_topic(publisherID, topicID)VALUES(19,67);INSERT INTO feed_topic(publisherID, topicID)VALUES(19,53);INSERT INTO feed_topic(publisherID, topicID)VALUES(19,47);INSERT INTO feed_topic(publisherID, topicID)VALUES(19,89);INSERT INTO feed_topic(publisherID, topicID)VALUES(19,88);INSERT INTO feed_topic(publisherID, topicID)VALUES(19,12);INSERT INTO feed_topic(publisherID, topicID)VALUES(19,1);INSERT INTO feed_topic(publisherID, topicID)VALUES(19,46);INSERT INTO feed_topic(publisherID, topicID)VALUES(19,23);INSERT INTO feed_topic(publisherID, topicID)VALUES(19,70);INSERT INTO feed_topic(publisherID, topicID)VALUES(19,46);INSERT INTO feed_topic(publisherID, topicID)VALUES(19,46);INSERT INTO feed_topic(publisherID, topicID)VALUES(19,60);INSERT INTO feed_topic(publisherID, topicID)VALUES(19,25);INSERT INTO feed_topic(publisherID, topicID)VALUES(19,24);INSERT INTO feed_topic(publisherID, topicID)VALUES(19,81);INSERT INTO feed_topic(publisherID, topicID)VALUES(19,62);INSERT INTO feed_topic(publisherID, topicID)VALUES(19,59);INSERT INTO feed_topic(publisherID, topicID)VALUES(19,34);INSERT INTO feed_topic(publisherID, topicID)VALUES(19,12);INSERT INTO feed_topic(publisherID, topicID)VALUES(19,57);INSERT INTO feed_topic(publisherID, topicID)VALUES(19,35);INSERT INTO feed_topic(publisherID, topicID)VALUES(19,92);INSERT INTO feed_topic(publisherID, topicID)VALUES(19,66);INSERT INTO feed_topic(publisherID, topicID)VALUES(19,20);INSERT INTO feed_topic(publisherID, topicID)VALUES(19,5);INSERT INTO feed_topic(publisherID, topicID)VALUES(19,36);INSERT INTO feed_topic(publisherID, topicID)VALUES(19,10);INSERT INTO feed_topic(publisherID, topicID)VALUES(19,73);INSERT INTO feed_topic(publisherID, topicID)VALUES(19,8);INSERT INTO feed_topic(publisherID, topicID)VALUES(19,54);INSERT INTO feed_topic(publisherID, topicID)VALUES(19,11);INSERT INTO feed_topic(publisherID, topicID)VALUES(19,82);INSERT INTO feed_topic(publisherID, topicID)VALUES(19,54);INSERT INTO feed_topic(publisherID, topicID)VALUES(19,3);INSERT INTO feed_topic(publisherID, topicID)VALUES(19,25);INSERT INTO feed_topic(publisherID, topicID)VALUES(19,4);INSERT INTO feed_topic(publisherID, topicID)VALUES(19,38);INSERT INTO feed_topic(publisherID, topicID)VALUES(19,84);INSERT INTO feed_topic(publisherID, topicID)VALUES(19,34);INSERT INTO feed_topic(publisherID, topicID)VALUES(19,32);INSERT INTO feed_topic(publisherID, topicID)VALUES(19,31);INSERT INTO feed_topic(publisherID, topicID)VALUES(19,27);INSERT INTO feed_topic(publisherID, topicID)VALUES(19,15);INSERT INTO feed_topic(publisherID, topicID)VALUES(19,57);INSERT INTO feed_topic(publisherID, topicID)VALUES(19,21);INSERT INTO feed_topic(publisherID, topicID)VALUES(19,38);INSERT INTO feed_topic(publisherID, topicID)VALUES(19,77);INSERT INTO feed_topic(publisherID, topicID)VALUES(19,2);INSERT INTO feed_topic(publisherID, topicID)VALUES(19,29);INSERT INTO feed_topic(publisherID, topicID)VALUES(19,98);INSERT INTO feed_topic(publisherID, topicID)VALUES(19,50);INSERT INTO feed_topic(publisherID, topicID)VALUES(19,58);INSERT INTO feed_topic(publisherID, topicID)VALUES(19,48);INSERT INTO feed_topic(publisherID, topicID)VALUES(19,78);INSERT INTO feed_topic(publisherID, topicID)VALUES(19,28);INSERT INTO feed_topic(publisherID, topicID)VALUES(19,34);INSERT INTO feed_topic(publisherID, topicID)VALUES(19,52);INSERT INTO feed_topic(publisherID, topicID)VALUES(19,27);INSERT INTO feed_topic(publisherID, topicID)VALUES(19,40);INSERT INTO feed_topic(publisherID, topicID)VALUES(19,2);INSERT INTO feed_topic(publisherID, topicID)VALUES(19,31);INSERT INTO feed_topic(publisherID, topicID)VALUES(19,38);INSERT INTO feed_topic(publisherID, topicID)VALUES(19,73);INSERT INTO feed_topic(publisherID, topicID)VALUES(19,20);INSERT INTO feed_topic(publisherID, topicID)VALUES(19,5);INSERT INTO feed_topic(publisherID, topicID)VALUES(19,88);INSERT INTO feed_topic(publisherID, topicID)VALUES(19,90);INSERT INTO feed_topic(publisherID, topicID)VALUES(19,85);INSERT INTO feed_topic(publisherID, topicID)VALUES(19,27);INSERT INTO feed_topic(publisherID, topicID)VALUES(19,47);INSERT INTO feed_topic(publisherID, topicID)VALUES(19,31);INSERT INTO feed_topic(publisherID, topicID)VALUES(19,15);INSERT INTO feed_topic(publisherID, topicID)VALUES(19,15);INSERT INTO feed_topic(publisherID, topicID)VALUES(19,59);INSERT INTO feed_topic(publisherID, topicID)VALUES(19,5);INSERT INTO feed_topic(publisherID, topicID)VALUES(19,78);INSERT INTO feed_topic(publisherID, topicID)VALUES(19,22);INSERT INTO feed_topic(publisherID, topicID)VALUES(19,26);INSERT INTO publisher(userID, nome, email, publishPassword, creationDate, nfriends, profilePic, bio, publisherPosts, reputation, banned)VALUES(20,'LamontPenhale','lamontpenhale@gmail.com','c3e1c72f21e8bac03580bb12cf2759308a29dcfeacd8a3a387b437ec2771b4ab','2024-2-28 1:44:45',5,'','Hi, my name is LamontPenhale',0,0,'FALSE');INSERT INTO feed_topic(publisherID, topicID)VALUES(20,92);INSERT INTO feed_topic(publisherID, topicID)VALUES(20,88);INSERT INTO feed_topic(publisherID, topicID)VALUES(20,84);INSERT INTO feed_topic(publisherID, topicID)VALUES(20,22);INSERT INTO feed_topic(publisherID, topicID)VALUES(20,42);INSERT INTO feed_topic(publisherID, topicID)VALUES(20,52);INSERT INTO feed_topic(publisherID, topicID)VALUES(20,72);INSERT INTO feed_topic(publisherID, topicID)VALUES(20,100);INSERT INTO feed_topic(publisherID, topicID)VALUES(20,73);INSERT INTO feed_topic(publisherID, topicID)VALUES(20,72);INSERT INTO feed_topic(publisherID, topicID)VALUES(20,45);INSERT INTO feed_topic(publisherID, topicID)VALUES(20,8);INSERT INTO feed_topic(publisherID, topicID)VALUES(20,24);INSERT INTO feed_topic(publisherID, topicID)VALUES(20,21);INSERT INTO feed_topic(publisherID, topicID)VALUES(20,60);INSERT INTO feed_topic(publisherID, topicID)VALUES(20,36);INSERT INTO feed_topic(publisherID, topicID)VALUES(20,94);INSERT INTO feed_topic(publisherID, topicID)VALUES(20,25);INSERT INTO feed_topic(publisherID, topicID)VALUES(20,14);INSERT INTO feed_topic(publisherID, topicID)VALUES(20,3);INSERT INTO feed_topic(publisherID, topicID)VALUES(20,78);INSERT INTO feed_topic(publisherID, topicID)VALUES(20,74);INSERT INTO feed_topic(publisherID, topicID)VALUES(20,66);INSERT INTO feed_topic(publisherID, topicID)VALUES(20,93);INSERT INTO feed_topic(publisherID, topicID)VALUES(20,25);INSERT INTO feed_topic(publisherID, topicID)VALUES(20,70);INSERT INTO feed_topic(publisherID, topicID)VALUES(20,82);INSERT INTO feed_topic(publisherID, topicID)VALUES(20,4);INSERT INTO feed_topic(publisherID, topicID)VALUES(20,52);INSERT INTO feed_topic(publisherID, topicID)VALUES(20,31);INSERT INTO feed_topic(publisherID, topicID)VALUES(20,54);INSERT INTO feed_topic(publisherID, topicID)VALUES(20,90);INSERT INTO feed_topic(publisherID, topicID)VALUES(20,83);INSERT INTO feed_topic(publisherID, topicID)VALUES(20,37);INSERT INTO feed_topic(publisherID, topicID)VALUES(20,81);INSERT INTO feed_topic(publisherID, topicID)VALUES(20,65);INSERT INTO feed_topic(publisherID, topicID)VALUES(20,94);INSERT INTO feed_topic(publisherID, topicID)VALUES(20,54);INSERT INTO feed_topic(publisherID, topicID)VALUES(20,12);INSERT INTO feed_topic(publisherID, topicID)VALUES(20,38);INSERT INTO feed_topic(publisherID, topicID)VALUES(20,43);INSERT INTO feed_topic(publisherID, topicID)VALUES(20,40);INSERT INTO feed_topic(publisherID, topicID)VALUES(20,14);INSERT INTO feed_topic(publisherID, topicID)VALUES(20,19);INSERT INTO feed_topic(publisherID, topicID)VALUES(20,19);INSERT INTO feed_topic(publisherID, topicID)VALUES(20,94);INSERT INTO feed_topic(publisherID, topicID)VALUES(20,53);INSERT INTO feed_topic(publisherID, topicID)VALUES(20,67);INSERT INTO feed_topic(publisherID, topicID)VALUES(20,99);INSERT INTO feed_topic(publisherID, topicID)VALUES(20,99);INSERT INTO feed_topic(publisherID, topicID)VALUES(20,44);INSERT INTO feed_topic(publisherID, topicID)VALUES(20,78);INSERT INTO feed_topic(publisherID, topicID)VALUES(20,19);INSERT INTO feed_topic(publisherID, topicID)VALUES(20,57);INSERT INTO feed_topic(publisherID, topicID)VALUES(20,70);INSERT INTO feed_topic(publisherID, topicID)VALUES(20,86);INSERT INTO feed_topic(publisherID, topicID)VALUES(20,21);INSERT INTO feed_topic(publisherID, topicID)VALUES(20,23);INSERT INTO feed_topic(publisherID, topicID)VALUES(20,98);INSERT INTO feed_topic(publisherID, topicID)VALUES(20,64);INSERT INTO feed_topic(publisherID, topicID)VALUES(20,64);INSERT INTO feed_topic(publisherID, topicID)VALUES(20,38);INSERT INTO feed_topic(publisherID, topicID)VALUES(20,93);INSERT INTO feed_topic(publisherID, topicID)VALUES(20,77);INSERT INTO feed_topic(publisherID, topicID)VALUES(20,61);INSERT INTO feed_topic(publisherID, topicID)VALUES(20,76);INSERT INTO feed_topic(publisherID, topicID)VALUES(20,88);INSERT INTO feed_topic(publisherID, topicID)VALUES(20,97);INSERT INTO feed_topic(publisherID, topicID)VALUES(20,50);INSERT INTO feed_topic(publisherID, topicID)VALUES(20,17);INSERT INTO feed_topic(publisherID, topicID)VALUES(20,8);INSERT INTO feed_topic(publisherID, topicID)VALUES(20,23);INSERT INTO feed_topic(publisherID, topicID)VALUES(20,96);INSERT INTO feed_topic(publisherID, topicID)VALUES(20,19);INSERT INTO feed_topic(publisherID, topicID)VALUES(20,47);INSERT INTO feed_topic(publisherID, topicID)VALUES(20,55);INSERT INTO feed_topic(publisherID, topicID)VALUES(20,52);INSERT INTO feed_topic(publisherID, topicID)VALUES(20,30);INSERT INTO feed_topic(publisherID, topicID)VALUES(20,41);INSERT INTO feed_topic(publisherID, topicID)VALUES(20,79);INSERT INTO feed_topic(publisherID, topicID)VALUES(20,96);INSERT INTO feed_topic(publisherID, topicID)VALUES(20,4);INSERT INTO feed_topic(publisherID, topicID)VALUES(20,42);INSERT INTO feed_topic(publisherID, topicID)VALUES(20,50);INSERT INTO feed_topic(publisherID, topicID)VALUES(20,14);INSERT INTO feed_topic(publisherID, topicID)VALUES(20,87);INSERT INTO feed_topic(publisherID, topicID)VALUES(20,37);INSERT INTO feed_topic(publisherID, topicID)VALUES(20,68);INSERT INTO feed_topic(publisherID, topicID)VALUES(20,23);INSERT INTO feed_topic(publisherID, topicID)VALUES(20,53);INSERT INTO feed_topic(publisherID, topicID)VALUES(20,31);INSERT INTO feed_topic(publisherID, topicID)VALUES(20,92);INSERT INTO feed_topic(publisherID, topicID)VALUES(20,67);INSERT INTO feed_topic(publisherID, topicID)VALUES(20,22);INSERT INTO feed_topic(publisherID, topicID)VALUES(20,82);INSERT INTO feed_topic(publisherID, topicID)VALUES(20,63);INSERT INTO feed_topic(publisherID, topicID)VALUES(20,90);INSERT INTO feed_topic(publisherID, topicID)VALUES(20,80);INSERT INTO feed_topic(publisherID, topicID)VALUES(20,92);INSERT INTO feed_topic(publisherID, topicID)VALUES(20,96);INSERT INTO relationship(publisher1ID, publisher2ID)VALUES(1,15,'Friend');INSERT INTO relationship(publisher1ID, publisher2ID)VALUES(1,11,'Friend');INSERT INTO relationship(publisher1ID, publisher2ID)VALUES(1,2,'Friend');INSERT INTO relationship(publisher1ID, publisher2ID)VALUES(1,18,'Friend');INSERT INTO relationship(publisher1ID, publisher2ID)VALUES(1,14,'Friend');INSERT INTO relationship(publisher1ID, publisher2ID)VALUES(1,19,'Friend');INSERT INTO relationship(publisher1ID, publisher2ID)VALUES(1,3,'Friend');INSERT INTO relationship(publisher1ID, publisher2ID)VALUES(1,17,'Friend');INSERT INTO relationship(publisher1ID, publisher2ID)VALUES(1,4,'Friend');INSERT INTO relationship(publisher1ID, publisher2ID)VALUES(2,6,'Friend');INSERT INTO relationship(publisher1ID, publisher2ID)VALUES(2,15,'Friend');INSERT INTO relationship(publisher1ID, publisher2ID)VALUES(2,12,'Friend');INSERT INTO relationship(publisher1ID, publisher2ID)VALUES(2,5,'Friend');INSERT INTO relationship(publisher1ID, publisher2ID)VALUES(2,14,'Friend');INSERT INTO relationship(publisher1ID, publisher2ID)VALUES(2,16,'Friend');INSERT INTO relationship(publisher1ID, publisher2ID)VALUES(2,7,'Friend');INSERT INTO relationship(publisher1ID, publisher2ID)VALUES(2,17,'Friend');INSERT INTO relationship(publisher1ID, publisher2ID)VALUES(3,16,'Friend');INSERT INTO relationship(publisher1ID, publisher2ID)VALUES(3,15,'Friend');INSERT INTO relationship(publisher1ID, publisher2ID)VALUES(3,13,'Friend');INSERT INTO relationship(publisher1ID, publisher2ID)VALUES(4,6,'Friend');INSERT INTO relationship(publisher1ID, publisher2ID)VALUES(4,19,'Friend');INSERT INTO relationship(publisher1ID, publisher2ID)VALUES(4,11,'Friend');INSERT INTO relationship(publisher1ID, publisher2ID)VALUES(4,12,'Friend');INSERT INTO relationship(publisher1ID, publisher2ID)VALUES(4,3,'Friend');INSERT INTO relationship(publisher1ID, publisher2ID)VALUES(4,10,'Friend');INSERT INTO relationship(publisher1ID, publisher2ID)VALUES(4,5,'Friend');INSERT INTO relationship(publisher1ID, publisher2ID)VALUES(5,9,'Friend');INSERT INTO relationship(publisher1ID, publisher2ID)VALUES(5,7,'Friend');INSERT INTO relationship(publisher1ID, publisher2ID)VALUES(5,11,'Friend');INSERT INTO relationship(publisher1ID, publisher2ID)VALUES(5,6,'Friend');INSERT INTO relationship(publisher1ID, publisher2ID)VALUES(6,8,'Friend');INSERT INTO relationship(publisher1ID, publisher2ID)VALUES(6,9,'Friend');INSERT INTO relationship(publisher1ID, publisher2ID)VALUES(7,18,'Friend');INSERT INTO relationship(publisher1ID, publisher2ID)VALUES(7,2,'Friend');INSERT INTO relationship(publisher1ID, publisher2ID)VALUES(7,10,'Friend');INSERT INTO relationship(publisher1ID, publisher2ID)VALUES(7,5,'Friend');INSERT INTO relationship(publisher1ID, publisher2ID)VALUES(7,20,'Friend');INSERT INTO relationship(publisher1ID, publisher2ID)VALUES(7,6,'Friend');INSERT INTO relationship(publisher1ID, publisher2ID)VALUES(7,16,'Friend');INSERT INTO relationship(publisher1ID, publisher2ID)VALUES(7,15,'Friend');INSERT INTO relationship(publisher1ID, publisher2ID)VALUES(7,14,'Friend');INSERT INTO relationship(publisher1ID, publisher2ID)VALUES(8,20,'Friend');INSERT INTO relationship(publisher1ID, publisher2ID)VALUES(8,15,'Friend');INSERT INTO relationship(publisher1ID, publisher2ID)VALUES(8,17,'Friend');INSERT INTO relationship(publisher1ID, publisher2ID)VALUES(9,5,'Friend');INSERT INTO relationship(publisher1ID, publisher2ID)VALUES(9,17,'Friend');INSERT INTO relationship(publisher1ID, publisher2ID)VALUES(9,10,'Friend');INSERT INTO relationship(publisher1ID, publisher2ID)VALUES(9,3,'Friend');INSERT INTO relationship(publisher1ID, publisher2ID)VALUES(9,6,'Friend');INSERT INTO relationship(publisher1ID, publisher2ID)VALUES(9,18,'Friend');INSERT INTO relationship(publisher1ID, publisher2ID)VALUES(9,11,'Friend');INSERT INTO relationship(publisher1ID, publisher2ID)VALUES(9,12,'Friend');INSERT INTO relationship(publisher1ID, publisher2ID)VALUES(10,16,'Friend');INSERT INTO relationship(publisher1ID, publisher2ID)VALUES(10,12,'Friend');INSERT INTO relationship(publisher1ID, publisher2ID)VALUES(10,5,'Friend');INSERT INTO relationship(publisher1ID, publisher2ID)VALUES(10,8,'Friend');INSERT INTO relationship(publisher1ID, publisher2ID)VALUES(10,4,'Friend');INSERT INTO relationship(publisher1ID, publisher2ID)VALUES(10,15,'Friend');INSERT INTO relationship(publisher1ID, publisher2ID)VALUES(10,6,'Friend');INSERT INTO relationship(publisher1ID, publisher2ID)VALUES(10,18,'Friend');INSERT INTO relationship(publisher1ID, publisher2ID)VALUES(10,17,'Friend');INSERT INTO relationship(publisher1ID, publisher2ID)VALUES(11,19,'Friend');INSERT INTO relationship(publisher1ID, publisher2ID)VALUES(12,5,'Friend');INSERT INTO relationship(publisher1ID, publisher2ID)VALUES(12,15,'Friend');INSERT INTO relationship(publisher1ID, publisher2ID)VALUES(12,8,'Friend');INSERT INTO relationship(publisher1ID, publisher2ID)VALUES(12,13,'Friend');INSERT INTO relationship(publisher1ID, publisher2ID)VALUES(12,19,'Friend');INSERT INTO relationship(publisher1ID, publisher2ID)VALUES(12,4,'Friend');INSERT INTO relationship(publisher1ID, publisher2ID)VALUES(12,6,'Friend');INSERT INTO relationship(publisher1ID, publisher2ID)VALUES(12,11,'Friend');INSERT INTO relationship(publisher1ID, publisher2ID)VALUES(13,1,'Friend');INSERT INTO relationship(publisher1ID, publisher2ID)VALUES(15,17,'Friend');INSERT INTO relationship(publisher1ID, publisher2ID)VALUES(15,20,'Friend');INSERT INTO relationship(publisher1ID, publisher2ID)VALUES(15,11,'Friend');INSERT INTO relationship(publisher1ID, publisher2ID)VALUES(15,8,'Friend');INSERT INTO relationship(publisher1ID, publisher2ID)VALUES(15,16,'Friend');INSERT INTO relationship(publisher1ID, publisher2ID)VALUES(15,6,'Friend');INSERT INTO relationship(publisher1ID, publisher2ID)VALUES(15,14,'Friend');INSERT INTO relationship(publisher1ID, publisher2ID)VALUES(15,13,'Friend');INSERT INTO relationship(publisher1ID, publisher2ID)VALUES(15,18,'Friend');INSERT INTO relationship(publisher1ID, publisher2ID)VALUES(16,17,'Friend');INSERT INTO relationship(publisher1ID, publisher2ID)VALUES(18,14,'Friend');INSERT INTO relationship(publisher1ID, publisher2ID)VALUES(19,3,'Friend');INSERT INTO relationship(publisher1ID, publisher2ID)VALUES(19,20,'Friend');INSERT INTO relationship(publisher1ID, publisher2ID)VALUES(19,13,'Friend');INSERT INTO relationship(publisher1ID, publisher2ID)VALUES(19,8,'Friend');INSERT INTO relationship(publisher1ID, publisher2ID)VALUES(19,18,'Friend');INSERT INTO relationship(publisher1ID, publisher2ID)VALUES(19,11,'Friend');INSERT INTO relationship(publisher1ID, publisher2ID)VALUES(19,14,'Friend');INSERT INTO relationship(publisher1ID, publisher2ID)VALUES(19,16,'Friend');INSERT INTO relationship(publisher1ID, publisher2ID)VALUES(19,17,'Friend');INSERT INTO relationship(publisher1ID, publisher2ID)VALUES(20,13,'Friend');INSERT INTO article(articleID, title, articleDescription, body, accepted, nLikes, nDislikes, nComments, postDate)VALUES(1,'Is this your umbrella?','Tom told me he thought that Mary was troubled. Learning the German language is important. He sent back a message that everyone was well. I may still go to Boston. Tom told me John was a terrible roommate. I'm always in a bad mood. Tom has never been defeated. In religion there are the two great motives of fear and love. Tom must do it. Does Tom speak to his children in English only? ','Tom told me he thought that Mary was troubled. Learning the German language is important. He sent back a message that everyone was well. I may still go to Boston. Tom told me John was a terrible roommate. I'm always in a bad mood. Tom has never been defeated. In religion there are the two great motives of fear and love. Tom must do it. Does Tom speak to his children in English only? When was the last time you went to the mall? I know Tom will be able to help us do that next week. I wanted to say thank you to you personally. Ziri doesn't have a room. Before battle was joined they say that someone from Trachis warned him how many Persians there were by saying that when they fired their bows, they hid the sun with the mass of arrows. Dianeces, so the story goes, was so dismissive of the Persian numbers that he calmly replied, "All to the good, my friend from Trachis. If the Persians hide the sun, the battle will be in shade rather than sunlight." Don't bullshit me! The pool is full of clean water. Both Mary and Alice have very long hair. Mary said that she wasn't offended. Ziri was still in poverty. Dementia ran in Yanni's family. Do you want to dance together today? Input your name. Algeria has a growing middle class. Yanni had no pants on. I certainly had no idea that Tom was planning to move to Australia. I'm basing my story on my childhood. Ziri ate one of those fruits. These ties aren't mine. Her arm is broken. Yanni wondered if Skura was talking about him. Some people are up to their necks in debt. Tom cut himself. Scientists think that about 100 million comets orbit the Sun. Not enough sentences involve Sherlock Holmes, a public domain character. I could come to Australia next week if you need me there. I want to stay in Australia until the end of the month. Insomnia is a lifestyle disease. We want to have fun with this. This game is not bad. I know that Tom didn't know that we needed to do that. Go to red alert. Maybe next time you'll listen to me when I tell you to be careful. These things are expensive. She said that it didn't bother her. A blue suit, white shirt and red tie are required for all male workers. Elisabeth was prone to bouts of melancholy. That's only a part of the problem. Tom and I often went camping together when we were kids. I don't deserve this and you know it. Let's leave when you are ready. Tom and Mary wanted to travel around the world. A diagonal matrix is positive semidefinite if and only if all of its elements are nonnegative. Three of my toes were amputated. Snow fell two meters deep. I don't think that Tom complained about that. He looked confused. Tom said that he'd be able to help us. She went to the theater with Skura. I had no idea it was so late. I hope you can come, too. I can smell biscuits. I'm fatter than Tom is. Dan has been a friend of Linda's family. Why couldn't you sleep last night? Tom said he didn't expect anybody to do that. What would you tell her to do? Tom was afraid of the answer. I was abducted by extraterrestrials. I wasn't jealous. He finds himself in a difficult position. I know that Tom and Mary have both been injured. It was pretty obvious. Tom is determined to go to Australia. May the turbulence of our age yield to a true time of peace, when men and nations shall share a life that honors the dignity of each, the brotherhood of all. A belt keeps your pants from falling down. It is a truly remarkable place. She played tennis all day yesterday. Yanni and Skura are self-taught artists. We live in a wonderful period. It makes me feel like crying. ','TRUE',5,1,14,'2023-7-13 10:27:11');INSERT INTO article_category(articleID, categoryID)VALUES(1,3);INSERT INTO article_category(articleID, categoryID)VALUES(1,3);INSERT INTO article_has_topic(articleID, topicID)VALUES(1,27);INSERT INTO write_article(userID, articleID)VALUES(1,16);INSERT INTO article(articleID, title, articleDescription, body, accepted, nLikes, nDislikes, nComments, postDate)VALUES(2,'Sami was unqualified.','I know how to count to 100. Tom had his headphones on so he didn't hear Mary enter the room. Newton's law of gravity is a mathematical description of the way bodies are observed to attract one another, based on many scientific experiments and observations. I believe we'll be able to succeed. Tom felt anxious. Tom doesn't know for certain who Mary's boyfriend is. If you need us, we'll be here. This pen is mine. Ziri and Rima described the interaction they had with that man to the police. I can understand Estonian, but I can't speak it. ','I know how to count to 100. Tom had his headphones on so he didn't hear Mary enter the room. Newton's law of gravity is a mathematical description of the way bodies are observed to attract one another, based on many scientific experiments and observations. I believe we'll be able to succeed. Tom felt anxious. Tom doesn't know for certain who Mary's boyfriend is. If you need us, we'll be here. This pen is mine. Ziri and Rima described the interaction they had with that man to the police. I can understand Estonian, but I can't speak it. He met me along the way; he accompanied me. Did anybody ask you to come here? All you have to do is to clean your room. She committed suicide by throwing herself in front of the train. I got the answer right. People follow their lead. I got up on the wrong side of the bed today. Mary and Alice both married men younger than them. She likes the design on the plate. I'm probably going to be busy for a few hours. If it is even possible, translating jokes is quite hard. Tom is on a strict diet. They usually go to school by bicycle. I don't agree with what Tom said. Some water was found in the dead man's lungs. This bus stops at all railway crossings. You need to honestly express how you feel. You should be talking to us. She told him that he was wasting his time. I've made some mistakes that I shouldn't have. Tom had both of his socks on inside out. He became blind because of the accident. We'd better not stay up too late tonight. I just need to talk to him. They were having marriage problems. Tom and Mary say they're going to try to help you find John. They told me that they want to do that. He admitted he was jealous. This youth is the descendant of a Russian prince. I need a man who tells the truth. I can't imagine what it would be like to do that. Sami loved Layla's pomsky. Tom doesn't like going to the beach. Sami began dating. She is detaining the boy. Tom showed Mary the forgery. I want to think about it a little more. I don't want to make a fool of myself. What kind of books do you usually buy? It's time to do what we have to do. Mary is beautiful, but not as beautiful as Alice. Do you really think Tom was unfair? He shall travel tomorrow. What a blow. His back hurts. I haven't cried since I was a kid. She isn't serious about her studies. Someone told me Tom didn't know how to swim. Tom is going to be the last one to do that. This isn't necessary. Why should Tom do that if he doesn't have to? Sami wrote the message. There's nothing like a good night's sleep. Mary said she hoped that Tom would come to her party. A taxi from the airport costs about thirty dollars. Thank you for taking me home. Apologies; I'm caught up with some stuff at the moment and can't reply punctually. I have a couple of suggestions. Layla opened a door. I finally ordered one. No one knows whether Mothman is real. Tom waited for Mary at the bus stop. Tom said that he thought that Mary would be willing to wait. Do you need some help, ma'am? We all stood up. I wish that I knew what I was looking for. Why don't you have any time? How about some lunch? Canada is on the north side of America. Put on a jacket, or you'll catch a cold. Tom is in his house. I think I got it. I didn't think Tom would be here, but I'm glad he is. Tahar Djaout was an Algerian poet. Tom said that he usually goes to Australia three times a year. I can't help feeling that Tom hasn't told me the whole truth. What am I going to say to her? Sami rushed Layla to the hospital in Cairo. I've never heard of him before. How exactly does this work? ','TRUE',9,3,8,'2023-12-6 15:16:2');INSERT INTO article_category(articleID, categoryID)VALUES(2,8);INSERT INTO article_category(articleID, categoryID)VALUES(2,4);INSERT INTO article_category(articleID, categoryID)VALUES(2,10);INSERT INTO write_article(userID, articleID)VALUES(2,10);INSERT INTO article(articleID, title, articleDescription, body, accepted, nLikes, nDislikes, nComments, postDate)VALUES(3,'Tom doesn't always get his homework done.','The apartment building Tom and Mary are living in was built three years ago. Not a day passes without having an argument with him. I corrected the punctuation somewhat, but not rigorously, because that is less important in belles-lettres. I hope the interview would be of profit. Tom forgave Mary for losing all his money. Sami will be back in five minutes. Tom and Mary told me they didn't do it. The car stopped. Man is the only animal that blushes. Or needs to. I didn't know that you were supposed to do that by yourself. ','The apartment building Tom and Mary are living in was built three years ago. Not a day passes without having an argument with him. I corrected the punctuation somewhat, but not rigorously, because that is less important in belles-lettres. I hope the interview would be of profit. Tom forgave Mary for losing all his money. Sami will be back in five minutes. Tom and Mary told me they didn't do it. The car stopped. Man is the only animal that blushes. Or needs to. I didn't know that you were supposed to do that by yourself. You can talk later. I can't get used to it. The two brothers are very much alike. Mary kissed me before she left. Sami made friends with other freshmen. Marcia looked grim when I told her the story. Ziri actually has four apartments. You need to prepare yourselves. Tom and I both relaxed. Tom and Mary don't know what they did to make John so angry. Vanilla is a spice extracted from the fruit of an orchid. I met them before. Mary knew that she was going to get into trouble. We sent some flowers to the hospital to cheer her up. Fame isn't always accompanied with success. Algeria and China hold a high position of respect for each other. "Teacher, have you read this book?" "Of course." I'll show you where I work. Tom verified the date of the meeting. He actually apologized to her. We are coming at once. I didn't think that Tom was going to do that. Tom said he thought that Mary wasn't pretty. We've actually met before. I resent that implication. Mennad recommended Baya. Tom's whole family is very religious. I saw him ten years later. Not a day passes without traffic accidents. She lost one of her flesh and blood. He told me that he likes swimming. Why are you yelling like this? We need to educate non-Muslims on what Islam truly is. Tom is likely to be cooperative. Tom doesn't know where Mary is right now. You're not hanging about. Tom sketched a picture of the killer. I opened the door wide. None of the cars is mine. Tom thinks that the problem is bigger than it actually is. No one believes the Western media. That puppy is so cute. He didn't notice the difference. There’s a reason he’s the best. I ran into Tom in the park. Mary said that's what she always wanted. Stop your jabbering. All we need is a little patience. Tom knew better than to try to help Mary. Sami is now rotting in jail. You shouldn't have followed me. Sami had a basketball hoop in front of his house. I don't want you to get angry. Five runners reached the finals. That isn't the main reason why Tom needs to do that. The Second Jewish Temple was destroyed in 70 CE. A child will depend on the television. Tom should've stayed in Boston. The Greek class was really good. The accident happened the day before yesterday. We talked about you. I was just thinking about you. I'm very tired, and I don't want to see you. Leave. I don't think Tom would be willing to lend his car to us. Pineberries are more tangy than strawberries. Have you had a cold recently? You're a good kitty. Why are you going to Australia? Sami is in the car with his parents and kids. That's not necessary, is it? Who'd buy this? They work at night. Those are your choices. I've finally gotten used to doing it this way. Octal paid a large grant for the researchers to carry out some market research. Algeria could grow at a quicker rate than Morocco. Sami enrolled Layla into a new middle school. The European fuel protests of 2000 were an excellent example of what will happen when we are deprived of our petrol and a salutary warning. We live in a very safe country. Why did Tom cancel his trip? How did Tom seem to you on Monday afternoon? In modern war... you will die like a dog for no good reason. We're not here to convert anyone to Islam. ','TRUE',8,11,16,'2023-7-7 8:28:51');INSERT INTO article_category(articleID, categoryID)VALUES(3,5);INSERT INTO article_category(articleID, categoryID)VALUES(3,1);INSERT INTO article_category(articleID, categoryID)VALUES(3,5);INSERT INTO article_category(articleID, categoryID)VALUES(3,9);INSERT INTO article_has_topic(articleID, topicID)VALUES(3,87);INSERT INTO write_article(userID, articleID)VALUES(3,12);INSERT INTO article(articleID, title, articleDescription, body, accepted, nLikes, nDislikes, nComments, postDate)VALUES(4,'Tom was clipping his nails as he waited for Mary to finish getting dressed.','As my granddad used to say, "I am your granddad!" Tom did what he'd planned to do. To initiate the quest, first go to the tavern and talk to the quest-giver. Mary cared for her sick father. I think you've been in this town too long. You bought some bread. Love is crazy. Their depraved lifestyle repulsed me. Our team played a horrible match. You don't have to be very old to remember that event. ','As my granddad used to say, "I am your granddad!" Tom did what he'd planned to do. To initiate the quest, first go to the tavern and talk to the quest-giver. Mary cared for her sick father. I think you've been in this town too long. You bought some bread. Love is crazy. Their depraved lifestyle repulsed me. Our team played a horrible match. You don't have to be very old to remember that event. We need to protect the Berber language. ...we in Florida, there is no way we will ever support this WHO thing... Tom says he's met you several times. Tom can't seem to ever win. You don't seem hungry. Tom doesn't seem to be as fearless as Mary seems to be. I know that Tom is a person we can rely on. Tom knows that I like him. Tom himself was among the wounded. Tom definitely wants to win. Mary bit off her nails. I tried to reveal him for what he really was, but it was impossible. Yanni had to evict that tenant. They were silent. The children were sleeping when their grandparents called them. Your floor is someone else’s ceiling. The lamb is gone now. I don't know how to say this. If Tom had had time to do that, I'm sure he would've. Who changed the subject? I've never been in love before. She has quite a temper, doesn't she? Our village is another four kilometers up in the mountains. It's supposed to get cloudy tomorrow. Since everyone usually loves a person similar to themselves, this mother passionately loved her older daughter and, at the same time, had a terrifying hate for the younger. My sister is in love with my best friend. That's why Tom didn't get killed. Tom isn't alone. He's with Mary. I wondered what was taking you so long. You were warned. He was listening to music. I plan to come back to Boston as soon as I can. The engine is purring. Tom says he's only done that three times. Don't count your chickens before they hatch. Was Tom supposed to do that? I'm not over it. Sami really couldn't say no. As soon as he graduated, he went to work in his father's general store. Tom was very early. I get rock hard when I listen to his voice. We cannot rate the picture highly enough. Sami was in Layla's grade. You didn't think we would be able to do that, did you? Tom doesn't want to live with me. There were 144 passengers and 6 crew members on board this plane. You're leaving too? That one doesn't even make sense. Tom has many problems. Tom said that he knew that you couldn't win. I don't want you to do anything. We knew Tom was unhappy. Sami is nasty to Layla. Nobody has understood it yet. But in order for these lights to shine and bring hope to the entire world, the pope added, they must be made available to all. I know that Tom wouldn't do that again. Racist declarations don't make you the best person to run a country. Do you want another one of these? If Tom could've spoken French, he'd have had more fun. I don't have the water. Tom didn't seem frightened at first. Her dress attracted everyone's eyes at the party. You're being discharged. I can't believe you let her do that to you! Tom can run fast. I know that you aren't that stupid. I talk, you listen. Do you know the code? In the leaden backdrop of the dawn, the horseman stands in silence, the long mane of his horse, disheveled by the wind. I see no need to do that again. Ziri was being friendly. She's in the audience, isn't she? Next time, you might not be so lucky. The bus will take time. "When did they leave?" "They left twenty minutes ago." Put it in the living room. Tom says he won't go out at night by himself anymore. I thought that Tom wasn't through doing that yet. ','FALSE',3,2,12,'2023-4-28 21:7:27');INSERT INTO article_category(articleID, categoryID)VALUES(4,9);INSERT INTO article_category(articleID, categoryID)VALUES(4,7);INSERT INTO article_category(articleID, categoryID)VALUES(4,10);INSERT INTO write_article(userID, articleID)VALUES(4,13);INSERT INTO article(articleID, title, articleDescription, body, accepted, nLikes, nDislikes, nComments, postDate)VALUES(5,'Don't go down there.','Mary had to go home again to fetch her sports kit. You seem to be getting tired of doing that. Tom seems to be very interested in what's happening. She follows the latest craze. I don't think it's worth it. I drank ceremonial sake with gold leaf in it at the new year. That's where I can't agree with you. She often used to ring me up, but lately it's as if she's forgotten about me. There is a window above the bed. Ziri is going to call Rima. ','Mary had to go home again to fetch her sports kit. You seem to be getting tired of doing that. Tom seems to be very interested in what's happening. She follows the latest craze. I don't think it's worth it. I drank ceremonial sake with gold leaf in it at the new year. That's where I can't agree with you. She often used to ring me up, but lately it's as if she's forgotten about me. There is a window above the bed. Ziri is going to call Rima. Tom and Mary have told me that they have to do that. Tom will have to live with what he did. “It is called a kowari," said ecologist John Augusteyn, who shot the footage. Mary told Tom that she thought John was determined to do that. There's still a lot of homework to mark. I'm fairly certain Tom and Mary don't believe us. I thought that you said you didn't need to do that. Tom doesn't think that will ever happen. I was wondering if I could sleep over at Tom's tonight. As I must confess to my shame, I lied. We had a lot of snow last winter. Tom thinks Mary won't be cooperative. The noise was annoying Ziri. I'm not one of your employees. Tom and Mary told everyone they were scared. Tom denied taking drugs. Sami's date was a disaster. Tom said that he didn't want to argue about this anymore. I don't think I would enjoy doing that. Tom made a harrowing escape. I wanted Tom to ask Mary if she liked me. Tom thanked me for introducing Mary to him. I devoted my life to the one-state solution. There is no reason to wear a suit to the beach. Tom was diagnosed as having autism at age four. What console do you play on? She puts aside a lot of money. Considering what you tried to do to him, it's not surprising. Did you understand the end? Our car ran out of petrol after ten minutes. I know that Tom and Mary have both finished doing that. Tom wasn't caught cheating, but everybody knew that he had cheated. I grew up here in Australia. Do you think Tom and Mary are married? He went fishing in a river near the village. Tom is polite to a fault. I speak Berber all the time. Mary said she was very tired. I'm not going to do anything you don't want me to. "焼き鳥" is fried chicken in Japanese. Tom trusted Mary to do the right thing. Do you remember what happened the day I met you? That's an awful brand. Sami was an amazing man. Don't take Tom too seriously. It's free for you. Brazil was discovered 515 years ago. We have our differences. The boy soon accommodated himself to his new class. Please ask Tom if he's going to do that today. Sami's apartment looked like a slaughterhouse. She was at home in English. Tom and Mary wondered how much time they'd have to eat lunch. She very rarely does that by herself. Time wounds all heels. We met under a lonely tree. He's cleaning his car. Tom has only had three days off. Tom and Mary said their parents have done that. Ziri's arms are broken. What was Mary's last name before she got married? Ziri gave his dog another treat. I don't remember how we ended up in Australia. Tom goes swimming every chance he gets. Yanni knows what Skura means. Yanni and Skura would constantly be at each other's necks. The bad weather delayed the plane. I think Tom and Mary are good cooks. It's a bomb? People are gathering. Tom looked a little embarrassed. Tom and Mary told me that they'd be alone. You want to return tomorrow. How many airports does Boston have? Tom will give Mary whatever she asks for. What are you watching? I think Tom lives in Australia. Did you see anyone at the mall? Change is what we need. I can try to reason with Tom. Mary hopes that Tom will like the present she bought for him. ','FALSE',10,3,6,'2023-2-18 5:28:10');INSERT INTO article_category(articleID, categoryID)VALUES(5,5);INSERT INTO article_category(articleID, categoryID)VALUES(5,5);INSERT INTO article_has_topic(articleID, topicID)VALUES(5,100);INSERT INTO article_has_topic(articleID, topicID)VALUES(5,74);INSERT INTO write_article(userID, articleID)VALUES(5,10);INSERT INTO article(articleID, title, articleDescription, body, accepted, nLikes, nDislikes, nComments, postDate)VALUES(6,'You need to stay and help me do that.','I've known that all along. Sami asked his landlord to give him his bond back. This made her jealous. It doesn't matter to me what happens. That's a very old saying. He went to the Takasu clinic. He found out about his wife cheating through social media. I suspected Tom had fallen in love with Mary. Tom and Mary said they didn't know who John wanted to do that with. He's good at swimming. ','I've known that all along. Sami asked his landlord to give him his bond back. This made her jealous. It doesn't matter to me what happens. That's a very old saying. He went to the Takasu clinic. He found out about his wife cheating through social media. I suspected Tom had fallen in love with Mary. Tom and Mary said they didn't know who John wanted to do that with. He's good at swimming. I didn't think you would be able to do that. I know her by sight, but not by name. It was even better than I had imagined. I don't think we need that. Fishing is my favorite hobby. The floor gave in under the weight of the heavy safe. Only give your opinion when it is requested. Tom has a new number. I have the shits. Tom shouldn't have tried to do that by himself. I didn't know Tom knew how much time it would take him to do that. I'm sick of feeling that I need to live up to other people's expectations. Tom has never met a Canadian he didn't like. Everyone apart from you came with a partner. We lived in a retreated house. You need to motivate yourself. Tom was the one who taught me how to sing country music. They haven't been paying their rent. If you'd left a little earlier, you would have avoided the heavy traffic. Ziri asked Rima to go out with him. It wasn't a big deal to me. The train almost derailed. I'm absolutely sure that's what I need. I don't worry so much about my resume. I can't see myself doing that. I, Stallone, am not such as to be scared simply of being the guinea pig for some test. No one admires him more than I do. Yanni refused to act. This is a direct train to Nagoya. Some people are looking at Algeria with envy. Mary is autistic. Mary said she was at her parents' house. Before you do that, there is something you need to know. Tom is hoping to visit Boston the next winter. I am adaptable. This watch has got to be repaired. Japanese is my native language. The way to make something fun is to turn it into a competition. I might go there tomorrow. Children walk around from door to door on Halloween night. Tom and his brother played on the same team, but not at the same time. Tom is a fluent speaker of Japanese. I'm not concerned with that. I thought Tom would be hard at work. Did you order the book? I don't want to see him naked. Why do you want to talk to her? Tom was the only one that gave me a present. What have you got? Tom never found out the truth about Mary and John. I see the crown. Algeria has had a war with Morocco. I'm expecting a call from you. We mustn't burn our forest, because it is the source of the oxygen we breathe. Ziri climbed onto a chair and reached to the cookie jar. I forgot that Tom was your cousin. What is the solution for Europe? Bear in mind that I'm doing this for Tom, not for you. On arriving in Kyoto, he went home. Tom danced drunk on a table. You know that's impossible. What is he eating? I don't ever want Tom to write to my daughter again. I doubt if Tom will be upset. I can handle it alone. Tom and Mary said they wanted to do something they'd never done before. The imam gave me a book. The teacher was also a female. Keep pursuing your dreams. Why didn't you get married in Germany? Tom always cracks me up. Which football team are you a fan of? Please tell Mary she has to leave. We must treat others with sincerity. I know what to do now. Which parent does the child resemble? Washington is trying to destroy today's international economic integration to isolate Russia and China. ','FALSE',16,11,19,'2023-8-19 17:58:22');INSERT INTO article_category(articleID, categoryID)VALUES(6,1);INSERT INTO article_category(articleID, categoryID)VALUES(6,9);INSERT INTO article_has_topic(articleID, topicID)VALUES(6,78);INSERT INTO article_has_topic(articleID, topicID)VALUES(6,42);INSERT INTO write_article(userID, articleID)VALUES(6,17);INSERT INTO article(articleID, title, articleDescription, body, accepted, nLikes, nDislikes, nComments, postDate)VALUES(7,'I thought that this building had a sprinkler system.','In the time of my grandfather there was no Berber language, there was only the Kabyle language. They don't express themselves well. I'm working hard trying to learn French. Tom was the one who advised Mary to do that. She says she doesn't speak French. Going back to Australia stirred up some painful memories for Tom. Sami is strong enough to do that. I wonder if Tom knew we should do that. If God is with us, then who can be against us? How long do you think Tom has spent doing that so far? ','In the time of my grandfather there was no Berber language, there was only the Kabyle language. They don't express themselves well. I'm working hard trying to learn French. Tom was the one who advised Mary to do that. She says she doesn't speak French. Going back to Australia stirred up some painful memories for Tom. Sami is strong enough to do that. I wonder if Tom knew we should do that. If God is with us, then who can be against us? How long do you think Tom has spent doing that so far? I need to see you right now. Have you got any baggage? Mary said she's better at doing that than Tom is. About how many kilometers per liter does this car get? Tom said he saw Mary this morning. He's going to buy some books. She decided not to tell him. The coming winter would be one they would not soon forget. Tom stayed in the car with Mary. Some survived. They say that they can't stand doing that. I found it easy to solve the problem. Ziri bought a new tennis racket. Looks like Ziri's math tutoring is beginning to pay off. Rima got the best mark. You know what I'm talking about, don't you? There's a letter on the table. Had it not been for your cooperation, I could not have finished the work in time. I never knew that Tom and Mary were having marital problems. Tell me what to do. I wouldn't do that without you. Tom and I decided to share a taxi. I know that Tom told Mary to ask John not to do that. Why don't we get together later for a beer? They abhor progress. Translating takes more than linguistic knowledge. It also takes a considerable knowledge about the respective cultures. He started worrying about her. His father is a bus driver. I hope that Tom finds Mary. Fadil said that he was going to die. Mary told me she wouldn't eat dinner with us tonight. I wish I could figure out how to get Tom to like me. Tom promised to meet me there. I don't read as much as I'd like to. I have a sensitive skin. Stop quibbling. There was no light. I think that we need to do that. Tom and Mary told me that John was the one who told them that. Tom dried his hands with a small towel. I dropped by Tom's on the way home and had a couple of drinks. Yanni got involved with Rima. His cough is getting worse, he should stop smoking! He said he was scared. I think I lost consciousness. I thought you said that you'd do that tomorrow. Tom told us that he was really frustrated. She won't be able to fix that by herself. Sami was fine as hell. I know you can't get away with this. Haggis is a traditional Scottish dish. When someone talks about big numbers in English, I can't understand whether they are using long scale or short scale. If you want to help me understand, please comment under this sentence. Sami wanted to get home. I am learning Farsi. Yanni simplified Rima's face in his painting. Sami turned his life around when he married Layla. It's no secret that Tom doesn't agree with you. I'll contact you. Mary said she thought she might not be required to do that. I'm really up a tree. I will meet with them. This watch is better than that one. Everyone can help ensure that sentences sound correct, and are correctly spelled. Chemistry is the study of matter. Sami kept hearing that noise. "It's childish to play with a teddy bear. I'd rather look at the news." "But Tom, you're only six. You can be quietly childish. Just be that and enjoy it!" She's tall and beautiful. Tom asked me if I knew how to play the French horn. Tom said he knew that they might not permit him to do that at school. The thought that Tom might be doing that worried Mary. It is very rude of you to expect me to eat food that I do not want to. ','FALSE',8,2,14,'2024-12-7 4:59:24');INSERT INTO article_category(articleID, categoryID)VALUES(7,7);INSERT INTO article_has_topic(articleID, topicID)VALUES(7,84);INSERT INTO article_has_topic(articleID, topicID)VALUES(7,28);INSERT INTO article_has_topic(articleID, topicID)VALUES(7,10);INSERT INTO write_article(userID, articleID)VALUES(7,13);INSERT INTO article(articleID, title, articleDescription, body, accepted, nLikes, nDislikes, nComments, postDate)VALUES(8,'Tom was limping.','Tom told me that he doesn't know what he should do. Do Tom and Mary still play tennis together? Tom isn't well today. Tom and I had a lot of fun. She came very near to being run over by a car. Jugurtha suffered the indignity of being paraded through the streets of Rome. I read books and magazines to keep up with the times. Tom and Mary know John will help them do that. You are pregnant already? If you take any book about what defines democracy and compare the Israeli system to it, Israel wouldn't pass the test. ','Tom told me that he doesn't know what he should do. Do Tom and Mary still play tennis together? Tom isn't well today. Tom and I had a lot of fun. She came very near to being run over by a car. Jugurtha suffered the indignity of being paraded through the streets of Rome. I read books and magazines to keep up with the times. Tom and Mary know John will help them do that. You are pregnant already? If you take any book about what defines democracy and compare the Israeli system to it, Israel wouldn't pass the test. Tom nearly got run over by a truck. I ought to go to Australia with you. This is such an easy problem as any student can solve. Tom washed the pots and pans in the sink. Tom, Mary, John and Alice all walk to school. I hope you have a sense of humor. The entire Jewish population of Hebron was ethnically cleansed in 1929. We've set the date for our class reunion. Let's ask if it's true. How did you get ahead of me? Following the accident he recovered quickly. Many paintings hang in the shop. These grapes are so sour that I can't eat them. Tokyo will run short of water again this summer. Tom went down the hill. That isn't what I ordered. Apple is one of America's largest companies. He began to get restless because of that noise. Sometimes I think about my future and forget to breathe. He's a senior now. Tom slept through most of the movie. There's nothing wrong with staying silent when you don't have anything to say. Fadil stayed with his wife. She lost her temper and hit him. Gas was seeping through a crack in the pipe. I'm not trying to impress him. A twin bed is designed to hold a single person. Is it a bear? They waited for the storm to calm down and then they set out. He knows the truth. I have a hard time believing that. She's really cool. They are all dead. The leader's denunciation of his violent supporters came late, and he soon contradicted it. Tom and Mary phoned to say they won't be here until after 2:30. Tom walked back out the door he'd just entered. Sami's threatening messages made Layla's anxiety worse. As Washington and Beijing impose ever-higher tariffs, prompting financial markets to falter, U.S. lawmakers are expressing hope for a swift but comprehensive resolution of America's deepening trade disputes with China. I've been careless. Parents think of the new generation as one that is widely removed from reality and only chasing after unfulfillable dreams. I wish I had kept a complete list. I'm sending you packing. Mary obviously knows her stuff. Life is such a glorious experience, I treasure every moment of it and hope to live it to the fullest! Do you care when we leave? Tom looked like he was in a hurry. I've played soccer since I was thirteen. Why did this occur? I don't care if you never come home. He assured me of his help. Ziri picks things up from the ground. Have you ever heard of a poet by the name of Tom? Yanni immediately detected Skura's Kabyle accent. Information is not knowledge, knowledge is not wisdom, wisdom is not truth, truth is not beauty, beauty is not love, love is not music, music is the best. Tom came with us. Ziri was a few years older than Rima. He lives in Kyoto. Sami invited a girl from another school to his prom. With Webb and its rocket securely on the pad, the team will run electrical diagnostics to ensure all lights are green for launch. It wouldn't be difficult to do that. Could I use your telephone? Mary is really angry now, isn't she? How long should I wear compression stockings after surgery? We should teach our kids about the dangers of smoking. Can Tom do it today? They're not offering us anything. Tom just needs a little help. "I hate you." "Divorce me then." We're not in Australia. I was trying to cover up my wrinkles. It's not going to rain this afternoon. At least, I hope it doesn't. ','FALSE',3,12,6,'2023-12-17 0:38:16');INSERT INTO article_category(articleID, categoryID)VALUES(8,2);INSERT INTO article_has_topic(articleID, topicID)VALUES(8,46);INSERT INTO article_has_topic(articleID, topicID)VALUES(8,84);INSERT INTO write_article(userID, articleID)VALUES(8,10);INSERT INTO article(articleID, title, articleDescription, body, accepted, nLikes, nDislikes, nComments, postDate)VALUES(9,'Tom is a Russian chauvinist, and Mary is a Ukrainian nationalist.','Tom will be so surprised. You're a failure. Please throw a ball. Tom admitted he'd lied to Mary. Sami is not proud of it. I'm sure Tom knows what to do. What I need isn't money, but your advice. Mary is a trained seamstress. Tom said that he felt like dancing. Put that in the box. ','Tom will be so surprised. You're a failure. Please throw a ball. Tom admitted he'd lied to Mary. Sami is not proud of it. I'm sure Tom knows what to do. What I need isn't money, but your advice. Mary is a trained seamstress. Tom said that he felt like dancing. Put that in the box. Mary said that she believed in ghosts. Tom slept through most of the movie. Don't sugar my coffee. We love each other, but we don't have sex anymore. Tom told Mary to look out the window. I know Tom is almost as tall as me. Both men went on to become admirals. Tell me how Tom and Mary met. Some us were allowed to stay. Arriving at the airport, I saw the plane taking off. She wore a lot of jewellery. Such a thing used to be unthinkable. It's a public order matter. She got out of the car. Tom and Mary are currently living in Australia. Weight is a force that is always directed toward the center of the earth. Let's rent some roller skates. I thought that you said you've done that three times. They said that they heard somebody yelling. Tom doesn't care about that. Aren't you glad that we're here instead of Australia? There's a garden round the back of the house. Most refused to take a side. Tom wasn't staring at Mary. Tom sees red. He fell prey to an impulse to steal. Tom and Mary kept the secret to themselves. Why don't you move to Algiers? Mennad is probably going to cry. Tom and Mary said that they weren't coming. We've allowed for that. Sami Bakir is the family physician. Tom is unlucky, isn't he? I guess I'm OK with that. I just felt slow and sluggish. I wonder why Tom is so mad at Mary. She's like a sister to me. Dismiss him from that post. Tom won't likely be as grumpy today as he was yesterday. No! I hate broccoli! I work for a shipping company. Tom may take all the time he needs. Tom said he's proud of his children. I know Tom knew Mary was the one who had to do that. Algeria possesses a young vibrant population. Layla was involved with a lesbian woman. He is still studying. Tom didn't pay his way. I still need to eat breakfast. Tom got poked in the eye. He likes sleeping. Tom and Mary must still be in their thirties. I'm an old woman. This is the moment we've been waiting for. I hope to see his picture soon. You shall have no other gods before Me. I would like to buy some aspirin. Tom said that Mary wasn't surprised. Stay cool and keep going. The hallway needs to be wide enough for a wheelchair. I used to weigh 11 stone. I would read this book, but I don't have the time. I almost choked on a piece of chicken bone. Tom doesn’t like working here, does he? Our request for a pay rise was turned down. Whoever doesn't capitalize when the opportunity presents itself will later regret not having used the chance. I went back to Algeria. Sami is in a relationship now. I proposed another project to the committee. Tom and Mary said they needed our help. That's an interesting ad. There are a lot of places to see around here. Tom wished Mary a happy birthday. When you think of something, tell me. Let’s order the lobster! I’ve heard that’s the specialty dish here. I've been trying to avoid this problem. He had no objection. Maybe I can sell it to Tom. Tom and Mary told me that they'd wait. Why do people like singing? Does Tom do this more often than you do? I hurt my shoulder. How could someone shoot themselves in the back? Cults isolate people from the surrounding world. It isn't clear what the writer is trying to say. ','TRUE',12,1,2,'2024-7-6 18:13:43');INSERT INTO article_category(articleID, categoryID)VALUES(9,7);INSERT INTO article_category(articleID, categoryID)VALUES(9,4);INSERT INTO article_has_topic(articleID, topicID)VALUES(9,38);INSERT INTO write_article(userID, articleID)VALUES(9,8);INSERT INTO article(articleID, title, articleDescription, body, accepted, nLikes, nDislikes, nComments, postDate)VALUES(10,'Success can be reached by anyone who wants it.','Your mother was at home. When did you get them back? Abdelaziz Bouteflika is the former president of Algeria. Unless you have really tiny veins, you shouldn't have any trouble. Tom never recovered. Sami and Farid were still sharing a room. We're behind schedule now. It's a tricky situation. We've just got to keep working. Mennad tried diets and exercise to come over his depression. ','Your mother was at home. When did you get them back? Abdelaziz Bouteflika is the former president of Algeria. Unless you have really tiny veins, you shouldn't have any trouble. Tom never recovered. Sami and Farid were still sharing a room. We're behind schedule now. It's a tricky situation. We've just got to keep working. Mennad tried diets and exercise to come over his depression. Why did she stop? A car in itself is neither good nor bad; it depends on the driver. Mary is still very angry, isn't she? Tom knew Mary was likely to be late. Tom was convinced he no longer had to do that. Tom seemed to be relieved. I wonder if Tom really did that when he was in Boston. We are not powerless in the face of these threats. It was an offer we couldn't refuse. The UK annexed the island in 1889 but never carried out plans for further exploitation. I met the children whose parent has recovered. Felicja is married to a handsome man called Lazarz. I'd like to know more about you. He died without a will. They are separated, and cannot touch. Mary asked Tom to tell her the truth. Pigs are very intelligent animals. Tom told Mary he would do that. Tom drives an old pick-up truck. Yanni's death was anything but natural. Watch TV in Berber. Mary wondered why everyone was staring at her. You'll never want what they want. How long did it take him to write this novel? We have no grandchildren. I paid 3 dollars for the book. There is no doubt about his ability. Tom is still available. Who exactly is a Jew and who isn't? I've looked for Tom everywhere. I thought that you might actually do it. They're useless now. Tom would've called Mary if he'd had her phone number. Tom looks like he's nervous. Tom planted three apple trees in his yard. I'm going to give it to you. Tom is a big-shot lawyer in Boston. How many people did you tell? Why do you never stop talking about Tatoeba? Tom slapped Mary on the back. She is a gifted artist. Congratulations on your diploma. I don't go fishing as often as I used to. Ask Tom if he's planning to do that. Tom said he I thought I should do that myself. Twitter is Trump's preferred media of communication. Tom said he didn't intend to stay. Rima and Skura vandalized Nuja’s restaurant. Come and get us. Her father wants her to become a pianist. Tom never really thought about those kinds of things. Tom asked Mary when she intended to leave. Yanni did everything wrong. Tom's eyes are green. Tom's birthday is in October and mine is in November. No one will ever find out. I simply need your love. No one would loan me money. Tom went to the hospital because he wasn't feeling well. That's just what I want to do. Not all Australians are the same. You got me good. I think Tom and Mary are incorrect. I don't think I need to tell Tom about what we're planning to do. Fuck everybody. What did you do the year before that? Tom said that he had enjoyed the meal that Mary had prepared. You didn't need to get here so early. Tom is a hoot. Algeria managed to rebuild its economy after the devastating civil war of the 1990s. Tom usually goes to school by bus. You can judge people by the company they keep. I'm going to dance. Tom wasn't aware of what Mary had done. Somebody's going to notice you. Who will comfort us when we're sad? I've been told we're not supposed to do that here. Mary is proud of her son, isn't she? Just download the app, install it, and run it. It's as easy as that! He's just a good-for-nothing. I didn't say you were going to enjoy it. Do you have no shame? You beat me to it. ','FALSE',8,7,12,'2023-3-9 20:14:44');INSERT INTO article_category(articleID, categoryID)VALUES(10,9);INSERT INTO article_category(articleID, categoryID)VALUES(10,10);INSERT INTO article_category(articleID, categoryID)VALUES(10,5);INSERT INTO article_category(articleID, categoryID)VALUES(10,2);INSERT INTO article_has_topic(articleID, topicID)VALUES(10,97);INSERT INTO article_has_topic(articleID, topicID)VALUES(10,53);INSERT INTO write_article(userID, articleID)VALUES(10,20);INSERT INTO article(articleID, title, articleDescription, body, accepted, nLikes, nDislikes, nComments, postDate)VALUES(11,'The corridor was completely dark.','I want a box in which to keep these toys. Of course, Tom loves his own children. "Well, what are you waiting for? Construct additional pylons!" "There is not enough minerals." "Then we've got to find the minerals." The bank has raised its dividend by 20%. It all happened kind of fast. Please, no more beans. They're unable to continue their lives together. Would you kindly quote your best price? How many guitars do you have? I'm still not convinced that Tom and Mary are the best people for the job. ','I want a box in which to keep these toys. Of course, Tom loves his own children. "Well, what are you waiting for? Construct additional pylons!" "There is not enough minerals." "Then we've got to find the minerals." The bank has raised its dividend by 20%. It all happened kind of fast. Please, no more beans. They're unable to continue their lives together. Would you kindly quote your best price? How many guitars do you have? I'm still not convinced that Tom and Mary are the best people for the job. We're on our way out. Mary told me she can see ghosts. Tom is still sleeping on the sofa. I asked Tom if he knew anyone who taught French. Tom went too far. Algeria has a high infrastructure budget. Tom is out, but Mary is here. I don't come here as much as I used to. Sami did that real quick. Please tell Tom that I came by. Ziri rewarded his dog with a treat. Have you tried measuring the pressure? Tom should take advantage of this opportunity. I gave up on her. Tom didn't make his intentions clear. You're a very good friend. Nobody is welcome. Can you do that accent? Tom couldn't believe nobody laughed at his jokes. Meat has been very expensive lately. I was watching TV. Don't worry, you did well. I know exactly what you're talking about, but I can't remember what it's called. Let's have a party next Monday. Do you want them? I want to know how much time Tom and Mary have spent in Boston. To be or not to be, that is the question. Sami makes sixty dollars an hour. I don't have the slightest idea what to do. Two apples are baking in an oven. One of them says, "It sure is hot in here." The other goes, "AHHH! A talking apple!" I'll be at your side. I demand that you do that right now. Worry turned his hair white. Did you get a reply from her? How many days does it usually take? "Let's go sleep at nine today." "Sure." Tom is the only one who can save the world. In the Chelyabinsk region there are two Tatar villages with French names - Paris and Fère-Champenoise. I don't want to have to fight you. Tom kissed Mary gently on the lips. Sami claimed to be a geologist. The author dedicated the book to his sister. I'm the one who mows the lawn. I don't want to work in Boston. I guess I've been better. The deadline was not met. Tom and Mary ate gravlax. Tom thought that Mary was nervous. Ask Mary when she'll get here. I suppose you think I'm nuts. "I wanted a balcony with a view of the sea." "Then why did you buy a farm in Iowa?" He has a rash. I know Russian. Tom died three weeks after the crash. I like this city. Tom is permitted to do that, but Mary isn't. Tom has sharpened all the knives. You may watch TV after you've done your homework. Ziri looked confused as hell. I didn't know that you weren't going to do that. We're going to a new bar tonight. Do you want to come along? You talked to her, right? Can you clean your bedroom? Each movement of the dancer was perfect. The weather is terrible today. What is the fifth goal? Could anyone explain to me what is happening here? If you don't want it, I'll eat it. "If you don't listen to what I have to say, Tom, I'll tell everyone your secret!" "Huh? What secret?" The legal age for marriage in Australia is 18. He needed that. Tom said Mary was trying to learn how to play the trombone. What'll you do if Tom does that? Tom tried to stop Mary from jumping. When Di Ma tried for the 966th time, he had already begun to lose hope. Tom should've been a lawyer. The problem was too difficult for me to solve. America is also a country that separates what one says and does in public from what one says and does behind closed doors. ','FALSE',9,3,16,'2023-7-16 17:20:7');INSERT INTO article_category(articleID, categoryID)VALUES(11,2);INSERT INTO article_category(articleID, categoryID)VALUES(11,7);INSERT INTO article_category(articleID, categoryID)VALUES(11,8);INSERT INTO article_category(articleID, categoryID)VALUES(11,6);INSERT INTO article_has_topic(articleID, topicID)VALUES(11,96);INSERT INTO article_has_topic(articleID, topicID)VALUES(11,90);INSERT INTO article_has_topic(articleID, topicID)VALUES(11,8);INSERT INTO write_article(userID, articleID)VALUES(11,9);INSERT INTO article(articleID, title, articleDescription, body, accepted, nLikes, nDislikes, nComments, postDate)VALUES(12,'Algeria sells oil and gas.','It's hard to keep up with his dirty deeds. I'm going to go find them. They found out truth while examining a pile of relevant documents. Now that everyone's here, let's get started. I still don't do that. Ziri knew the perfect place to hide. I was overtaken by that car. What did you think about the movie? They are very compatible. Next time, Ziri will get it right. ','It's hard to keep up with his dirty deeds. I'm going to go find them. They found out truth while examining a pile of relevant documents. Now that everyone's here, let's get started. I still don't do that. Ziri knew the perfect place to hide. I was overtaken by that car. What did you think about the movie? They are very compatible. Next time, Ziri will get it right. At times I sleep very well. How can I reduce my carbon footprint? Tom and Mary are such an adorkable couple. Nothing I do is appreciated. He seems somewhat unsure of himself. She eats nothing but vegetables. I'm not enchanting their children. I think that Tom is smarter than Mary is. They set the prisoner at liberty. Mary is hourglass-shaped. Don't you have to be over twenty-one to do that? It's a challenge for us. Menopause is the permanent cessation of the ovaries' primary functions. I have to have an interview before taking the examination. How long did it take you to learn Japanese? Sami started to feel better. None of them is mine. Sami isn't only a good friend. I've been waiting for you for a whole hour. Let's watch the film. It's that time of the year. I'll meet you guys in Korea! Check that. The German soccer team beat Brazil convincingly. Tom asked me how many students were still in the classroom. He chewed his gum. Individuality is stressed in the Western world. Personally I'm always ready to learn, although I do not always like being taught. Shut up and don't say a thing. Currants are smaller than strawberries. Sami got in his van and left. I think Tom works the night shift. Yanni left work immediately. Mary enjoys movies. I didn't know that Tom was a mailman. Mary said that she didn't feel well. It was a very unfortunate, tragic event. Do you want to take a walk? Who do you think was more surprised, Tom or Mary? She beat her children. Do you really want to leave Australia tomorrow? Ziri hasn't seen one of those since he was a kid. You can still see the scorch marks from last week's fire. Luckily for Neo, there are lollipops for snack inside the bathhouse. How many hotels do you think there are in Boston? Ziri is over there. I'll leave after he comes. Simplicity is not a synonym for stupidity. Tom usually sleeps longer than Mary. I think that Tom is fantastic. Tom wants to go job hunting. This is a story of love and betrayal. Why didn't Tom tell us that he didn't know how to swim? A comedian used Artificial Intelligence to generate a deepfake of former U.S. president Barack Obama. He stops, and from Achates hastes to seize / his chance-brought arms, the arrows and the bow, / the branching antlers smites, and lays the leader low. / Next fall the herd; and through the leafy glade / in mingled rout he drives the scattered train, / plying his shafts. Ziri's parents are zoologists and they studied rare mammals in Algeria. Something about this doesn't add up. What is important in writing a composition is to make your ideas clear. We agreed to meet Tom. I haven't seen Tom for about three years. In the distance, we could hear thunder. Today I'm having lunch with my brother. A Muslim woman cannot be married to a Christian man. It was just an example. I've only got one left. I won't obey those orders. Can you tell me what you've learned? The seawater stings my cut. Diana wants to be a professor. He will buy Aali's luxury car. Tom was convicted of killing Mary. Mary has done everything we told her to do. Tom and Mary say they teach French. He was going to telephone her, but then got cold feet. Tom just stood there with a smile on his face. Tom stopped and looked around. I tried to do that quickly. Tom thought Mary was cute. ','FALSE',8,15,4,'2024-10-10 17:48:27');INSERT INTO article_category(articleID, categoryID)VALUES(12,9);INSERT INTO article_category(articleID, categoryID)VALUES(12,1);INSERT INTO article_category(articleID, categoryID)VALUES(12,5);INSERT INTO article_has_topic(articleID, topicID)VALUES(12,61);INSERT INTO article_has_topic(articleID, topicID)VALUES(12,86);INSERT INTO article_has_topic(articleID, topicID)VALUES(12,91);INSERT INTO article_has_topic(articleID, topicID)VALUES(12,29);INSERT INTO write_article(userID, articleID)VALUES(12,17);INSERT INTO article(articleID, title, articleDescription, body, accepted, nLikes, nDislikes, nComments, postDate)VALUES(13,'She's in a bad mood.','I was completely bewildered by his sudden change of mood. Tom stopped kissing Mary as soon as he saw John staring at them. Tom and Mary organized a scavenger hunt. She has been sick in bed for some time. My song still hasn't been sung. The plane was soon out of sight. The chances are that you will find him. Nothing good can come from anything Tom does. Algeria's appetite for sugar is increasing. Three out of every five players had head injuries. ','I was completely bewildered by his sudden change of mood. Tom stopped kissing Mary as soon as he saw John staring at them. Tom and Mary organized a scavenger hunt. She has been sick in bed for some time. My song still hasn't been sung. The plane was soon out of sight. The chances are that you will find him. Nothing good can come from anything Tom does. Algeria's appetite for sugar is increasing. Three out of every five players had head injuries. How to meet future energy demand is a big question we must consider. Tom said he thinks his team will win. I'm trying to give you a chance to do that right thing. What you said makes no sense. I thought that you were a man. Sami's sheets smelt. Tom is likely to be the first one to arrive. Tom is hard to be around. We shouldn't tell her anything. As you see yourself so will others see you. Are you able to swim well? You ought to ask Mary what she'll do. Let's bury the hatchet. Tom plays the banjo as well as the guitar. Tom and Mary aren't yet quite sure what they should be doing. They're gay. I told them I like trains. Tom will drive you home. Give me more milk! What are the positives? He is leaving the city tomorrow morning. I love sex. Tom says he's planning to buy a gift for Mary. The art of taxation simply consists in plucking the goose in such a way as to get as many feathers as possible, with as little screaming as possible. What a miserable day! Tom is very different from anyone else I know. Tom told Mary not to drive so fast. The farmer rose at sunrise and worked till sunset. I wanted to know why. Please wear your floatation device. Tom and Mary say that they had to study French. Don't call me sir. Tom hasn't been a teacher long. We didn't sell our car to Tom. Tom shouldn't say that to Mary. Your daughters are beautiful. Tom and Mary had a romantic candlelit dinner on Valentine's Day. I didn't know you would do that while you were in Boston. This flower is gray. Tom and Mary said they're very sure John has to do that. Europe’s fruit and vegetable farmers are warning that the continent’s fresh food supplies will be increasingly squeezed. You should've let us know you were coming. Tom said that he wasn't a good French speaker. I study French all the time. I have a corner in my liver just for you, alcohol. He is deliberate in his action. It is not clear when the man was born. That's one of the funniest films I've ever seen, if not the funniest. Tom was hit by a drunk driver. John cannot be living in London now. I gave my mother carnations on Mother's Day. He discovered Islam in Algeria. These knives are very sharp. The sight memory organ is below the hypothalamus. He says you're lying. You're interrupting me. Tom had a blast. They pretended they were sleeping. The boarders are now away on vacation. Tom did better than Mary. Can I have a rain check? I'm a careful man. It may be easy to do that. Allow me to carry your suitcase for you. He told me he's miserable here in Boston without her. His response was flippant. This is one of the most disagreeable things I've ever seen. I drove to the post office. She doesn't understand Kannada. I don't remember the incident. Tom wasn't the only one here when that happened. Tom jumped over the hedge. Sami learned how to swim in that pool. I think that Tom is a strange guy. The door is locked at nine o'clock. I am going to get a lemonade. Tom found the information he was looking for online. I decided to let Tom do that for me. I want to be famous when I grow up. I think Tom and Mary are still sick. You're like a snorting bunny. The Japanese are generally polite. ','FALSE',4,13,3,'2023-5-29 1:22:37');INSERT INTO article_category(articleID, categoryID)VALUES(13,5);INSERT INTO article_category(articleID, categoryID)VALUES(13,9);INSERT INTO article_category(articleID, categoryID)VALUES(13,4);INSERT INTO article_category(articleID, categoryID)VALUES(13,9);INSERT INTO write_article(userID, articleID)VALUES(13,16);INSERT INTO article(articleID, title, articleDescription, body, accepted, nLikes, nDislikes, nComments, postDate)VALUES(14,'Mary said that Tom would eat lunch with her.','Ashton Kutcher was hospitalised after taking up a fruitarian diet. I've seen Tom in concert three times. We're willing to help you do that. They hung streamers from the ceiling in preparation for the party. Tom resented the fact that Mary got the promotion instead of him. Algeria is opening up to the world. Mary thinks she can sing. I drew an ace. Tom and Mary said that they weren't the only ones who hated doing that. Tom said it wasn't as hard to do that as he expected. ','Ashton Kutcher was hospitalised after taking up a fruitarian diet. I've seen Tom in concert three times. We're willing to help you do that. They hung streamers from the ceiling in preparation for the party. Tom resented the fact that Mary got the promotion instead of him. Algeria is opening up to the world. Mary thinks she can sing. I drew an ace. Tom and Mary said that they weren't the only ones who hated doing that. Tom said it wasn't as hard to do that as he expected. You'll do that with Tom tomorrow, won't you? The twins are so much alike that I can't distinguish one from the other. I want to be the next one to do that. Please tell me why we're here. Ben, if anything, was a sensible man. Do the dishes. The basket you bought yesterday is under the table. Tom will likely win first prize. Was it you who was there? I helped you and Tom. I hope we don't make this same mistake again. Fold up the map. I don't know anything about computers. Sami didn't believe there was a God or another life. Under these circumstances, I cannot accept the offer. There is a white dove on the roof. Mary didn't tell me she lived in Boston. Venules and arterioles are small diameter blood vessels that connect capillaries to veins and arteries. Has she got stomachache? Why do wine and cheese go together so well? Layla started wearing the hijab before the age of sixteen. When are you going to Vienna? Tom didn't make us do that. I'm tired of Tom. Tom doesn't yet realize he needs to do that. I didn't do that in a hurry. You're never going to believe this. He hurried away. Tom and Mary are planning to stay in Australia until October. In decrying the body as something evil, the flesh as the tempter to everything that is sinful, man has mutilated his being in the vain attempt to keep his soul pure, while his body rotted away from the injuries and tortures inflicted upon it. She had never really thought about getting married, not seriously. Do you have any news about Sami? Let me go my own way. She had to fight for her life. Tom said more than he had planned to. I wear a Kabyle dress. If I wasn't poor, I would buy the car. Tom and I weren't the only ones at the party who fell asleep. I knew we'd be good. Look up there. I love passing time with you. Why didn't you answer me? Tom left the theater before the play was over. I was eating lunch when the phone rang. Ziri's books are collecting dust. Tom and Mary were rude, weren't they? All of these are Tom's. I was wondering if Tom was going to be here. They said that they didn't want to fight. Give me one good reason why I shouldn't dance. I want Tom to lose. Who did Tom give his old clarinet to? He has to work on his own. Tom pretended he didn't know anything about it. Sami wanted his wisdom teeth removed. He actually did that by himself. Tom, Mary, and John need time, money, and food. We'll never meet again. Tom shouldn't be too hard to convince. Ziri noticed the poster. He's a cardiologist. Are you having any difficulty sleeping? Will Madonna ever stop singing? There's no cloud up in the sky. She lost her only son in the traffic accident. She reads. She was banished for life. Ziri showed Rima how to plant a heather bed from scratch. Bring the kids home for dinner. Tom and Mary know they're not supposed to do that again. Tom said that Mary didn't sound very confident. Tom is still very uneasy. Tom knew what was hidden in the cave. Tom was only pretending to be sleeping. Only fifty people came. Tom was not allowed to board the plane because he did not hold a valid travel document. He wants to be more like her. The Atlantic Ocean divides France from the United States. ','FALSE',3,13,15,'2023-5-30 8:58:3');INSERT INTO article_category(articleID, categoryID)VALUES(14,9);INSERT INTO article_category(articleID, categoryID)VALUES(14,2);INSERT INTO article_category(articleID, categoryID)VALUES(14,1);INSERT INTO article_has_topic(articleID, topicID)VALUES(14,99);INSERT INTO article_has_topic(articleID, topicID)VALUES(14,75);INSERT INTO write_article(userID, articleID)VALUES(14,9);INSERT INTO article(articleID, title, articleDescription, body, accepted, nLikes, nDislikes, nComments, postDate)VALUES(15,'That will run.','Let us worry about that. You're very versatile. I know how busy Tom and Mary have been. He was welcome wherever he went. The tank was obliterating everything around it. Tom was able to find the money I'd hidden. Mary used to dream about getting married. We were going to get married. In the US, the cultural genocide of Native Americans has been buried in history books. Tom's French pronunciation isn't as good as he thinks it is. ','Let us worry about that. You're very versatile. I know how busy Tom and Mary have been. He was welcome wherever he went. The tank was obliterating everything around it. Tom was able to find the money I'd hidden. Mary used to dream about getting married. We were going to get married. In the US, the cultural genocide of Native Americans has been buried in history books. Tom's French pronunciation isn't as good as he thinks it is. My aunt enjoyed good health all her life. I'm filling my stomach at the sloppy joe shop. Ant colonies have underground fungus gardens. I just wanted to make sure you were safe. Can we talk about it somewhere else? He overpowered her. The district attorney wasn't content with a two-year sentence. Tom and Mary told me they're doing that now. Sami moved house. It's now or never. Tom thought that Mary wouldn't enjoy doing that. Tom went hunting in the woods. The operation violates international law. Tom and Mary say that they'll do that. I'm sure that if you work hard you'll succeed. Tom didn't seem to be concentrating. A ponytail is the simplest hairstyle for long hair. Tom and Mary enjoyed themselves at the concert. Do you have any plans for next Monday? The sun also rises, and the sun goes down, and hurries to its place where it rises. He has poor eyesight. Tom arrived late at the station. Sami called Layla and expressed his condolences. You should pay more attention to details. You may eat this. He was brave enough to say it. My child likes to sleep between me and my wife. Does Tom know I don't want him to do that anymore? Tom and Mary don't think John would let them do that. I think that Tom is finally asleep. You talk about Australia too much. The two kissed. I know that Tom won't like the stew Mary made. The light became weaker and weaker. Don't you eat fish? That's a bit pricey. Don't rely too much on others. I snapped a picture. They worked each day from the time the sun rose until it set. We've been spinning our wheels for hours. Sami works outside. I'd like to have a glass of wine. Tom won't likely forget to tell Mary he needs her to help John. I have to do that before I can go home. How is your business? I know why Tom and Mary were doing that. I didn't want Tom to go to Boston with us. There's a bird over there. Get off the phone and start dinner. Mary still can't use her left arm. Tom likes his old truck. What time does your class end? This summer, I'm heading for Algeria for a month and a half. Tom and Mary work very well together. Tom and Mary said that they'd never leave me. Tom and Mary told me they were finished doing that. They moved ahead slowly. He can't even get his dog to sit. I'll take whatever you've got. I lived through the war. There are no heroes in war. Tom still intends to go. Whatever he may say, I won't change my mind. I think Tom isn't a very good coach. Your suitcase is very heavy. Just saying you don't like fish because of the bones is not really a good reason for not liking fish. I look forward to my Mondays. All of the boys were wearing shorts. Tom says he doesn't think Mary can find the time to do that. That's what I was told three hours ago. I'd like to move to the countryside. That story was very hard for me to listen to. Where do you think Tom and Mary are? Tom had hoped he wouldn't be asked to do that. I have once been to Kyoto. Sami convinced Layla that he was somebody he was not. You can't outfox him. Ten to one they'll miss the train. Tom won't show up here again. He asked her who her French teacher was. Tom said that Mary is still not very good at doing that. ','FALSE',3,12,18,'2023-4-15 11:58:39');INSERT INTO article_category(articleID, categoryID)VALUES(15,10);INSERT INTO article_category(articleID, categoryID)VALUES(15,8);INSERT INTO article_category(articleID, categoryID)VALUES(15,9);INSERT INTO article_has_topic(articleID, topicID)VALUES(15,65);INSERT INTO write_article(userID, articleID)VALUES(15,2);INSERT INTO article(articleID, title, articleDescription, body, accepted, nLikes, nDislikes, nComments, postDate)VALUES(16,'Tom said Mary has been feeling depressed recently.','Ziri was a murderer. Tom told Mary he didn't want her to leave. Try to learn something new every day. Can you establish his innocence? The driver stopped the bus and told Tom to get off. Tom spent all afternoon helping Mary. Tom allowed us to do that. Where could they have gotten to? Don't you have another one that's a little larger? Please be brief. ','Ziri was a murderer. Tom told Mary he didn't want her to leave. Try to learn something new every day. Can you establish his innocence? The driver stopped the bus and told Tom to get off. Tom spent all afternoon helping Mary. Tom allowed us to do that. Where could they have gotten to? Don't you have another one that's a little larger? Please be brief. She doesn't look like she's lonely. Ziri walked back to his room to go to bed. Sami was at a bachelor party. You don't seem to be having as much fun as Tom. There is no natural animosity between white and black children. Did you ask Tom for the documents? Your work is below average. Tom and I rarely go out together. Everyone was having a great time until Tom showed up. Mary thought Tom was lying to her. We're good enough. I have absolutely nothing I have to do today. Sami always had a smile. The boss wouldn't let us go home early. Yanni was really well liked in Algiers. They wanted to kill Tom by drowning. I know Tom is a lot busier than I am. I pulled myself together and started my work. Mary always did her best to help Tom. Tom told me not to go into that room. You know what Tom and Mary want. Halvorsen was one of hundreds of pilots who flew missions in and out of Berlin, and immortalized the event in personal films taken during the operation, where the children became the star of his movies and his memories. Jumping rope is my daughter's favorite. Don't show your cards. Humans wouldn't have gotten where they are without opposable thumbs. What languages can Tom speak? I'm glad we're all in agreement. I was told to do that again. It's been deleted from the logs. I want her on my jury. Why did they become so close? Your boyfriend works here. Tom is looking for his pen. Maybe all one can do is hope to end up with the right regrets. It was pouring rain all morning long. It is difficult to adapt oneself to sudden changes of temperature. Maybe you can find the replacement parts you need in a salvage yard. Turn it around. And she'll never walk down Lime Street anymore. I have had to stay in bed for two days. I'm still by the house. I made you aware of reality. There were some people sitting about on the grass. It broke into two pieces. Tom says he doesn't need money. How do you use these? Mary asked us to follow her. How long has it been going on? Work hard so that you can succeed. Tom and Mary are terrified. She visited him in Boston. Have you gotten used to it? I'm a person who was born during the Showa era. I feel light as a feather. This is my cow. Tom remained quiet a moment. Tom and Mary told us they didn't want us to do that. We should have given you up for adoption. He'd help you if you asked him to. He looked really wonderful in his top hat and tails. The two sides hold talks this week. Tom has a steam shower. Tom had to go to Boston with Mary. I lifted my son so that he could see it. I just came here to dislike. If anyone can convince Tom to join our team, it's Mary. I was the one who was supposed to do that. I could not find that word in the dictionary. A young woman came to visit me yesterday. Mrs. Alexander Spencer was up here one day before Christmas and she said she was going to get a little girl from the asylum over in Hopeton in the spring. The imam retired. They would never sell their car to you. When did Tom leave? I think Tom can do that on his own. I think that you're doing that the wrong way. ','TRUE',19,20,17,'2023-6-11 9:55:2');INSERT INTO article_category(articleID, categoryID)VALUES(16,4);INSERT INTO write_article(userID, articleID)VALUES(16,7);INSERT INTO article(articleID, title, articleDescription, body, accepted, nLikes, nDislikes, nComments, postDate)VALUES(17,'Tom could tell that Mary wanted to go home.','You seem to be keeping yourselves busy. We know you'll do what's best. The police believe Tom and Mary were involved in the murder. Tom does as he pleases. No dogs or alcohol allowed. Tom barely spoke any French this time last year. Miss me with that nonsense. Many years there is no snow at all. Last winter was very mild. I'm not on duty. ','You seem to be keeping yourselves busy. We know you'll do what's best. The police believe Tom and Mary were involved in the murder. Tom does as he pleases. No dogs or alcohol allowed. Tom barely spoke any French this time last year. Miss me with that nonsense. Many years there is no snow at all. Last winter was very mild. I'm not on duty. Stop judging me. It has too many disadvantages. Could we talk to you a second, Tom? Do you think Tom would help? Tom seemed to be insincere. He's unlikely to want to go. In Thailand it is a criminal offence to defame or insult the king, princes or previous kings. Accusations of lèse-majesté are sometimes supported by the flimsiest or even nonexistent evidence, and those convicted have been sentenced to as much as sixty years in prison. Reveal your secret! Your sense of humor is beginning to exert itself. This medicine tastes bitter. She said that she'd do that soon. I know Tom didn't need to do that alone. It wasn't a problem. I think I know where Tom might be. I knew Tom didn't know you were the one who had done that. Inoue doesn't like computers. Tom is an active boy, isn't he? To distinguish right from wrong is difficult. Is death the only liberation? I came across a man in Belgium once, a very famous detective, and he quite inflamed me. He was a marvellous little fellow. My fingertips are frozen. Tom took several unnecessary risks. Tom said Mary isn't annoyed. Tom told me that he did that wrong. Do you want to participate in that? Just look at how lavish he is, he gives a hundred dollar bill to every person he passes by. Take this exit. Tom isn't much heavier than Mary. Don't take my word for it. Check it out yourself. My dream is to study philosophy. Layla gave the robbers her purse but they weren't satisfied. Tom hasn't been the same since. I have the impression that Mary is new here. The day of the wicked will come! You should add those sentences to Tatoeba. What will I do? I think you should drive. He said he'd call me back. I thought that Tom was impressed. Mary didn't really enjoy doing that with us, did she? Tom wasn't the first one there. She's quite good at French, isn't she? I finished the wine and set down the glass. Tom is going to love Australia. You were supposed to hold it with both hands. We need his help. When will his new novel be published? Where is the ice cream man? Such, in a few words, my dear boy, is the history of this terrible business in which I was involved. Mary admitted she didn't do what she said she'd do. Is there a handling charge? I know what has happened. Ziri spent the holiday on his computer. Tom can't do just one thing at a time. Tom said he didn't think that Mary would enjoy doing that. Where's Tom? Oh, there you are! Typhoon Megi makes landfall in the Philippines. Tell her I didn't read it. Aren't you glad we cleared that up? I'm sure Tom and Mary have a lot to tell you. I hope you get what you want. The roads were empty. Are you still thinking about going to college? I'm a real simple guy. I saw a beautiful pink brick house with geraniums on the windows and doves on the roof. You'll always be alone. Tom and Mary said that they were disappointed. I haven't been back to Australia since I graduated from high school. He's always friendly, isn't he? If by any chance I'm late, please don't wait for me. A big-toe nail takes months to grow back. Tom is young and strong. Tom and Mary shut their notebooks. We're not going to Boston. Look at that building. Is it a temple? He bought me a wristwatch. Skura was alright. ','TRUE',1,18,11,'2024-4-4 23:13:23');INSERT INTO article_category(articleID, categoryID)VALUES(17,2);INSERT INTO article_has_topic(articleID, topicID)VALUES(17,58);INSERT INTO article_has_topic(articleID, topicID)VALUES(17,3);INSERT INTO write_article(userID, articleID)VALUES(17,9);INSERT INTO article(articleID, title, articleDescription, body, accepted, nLikes, nDislikes, nComments, postDate)VALUES(18,'He was covered all over with paint.','Tom said that Mary wasn't going anywhere. Let's go back to the garage. He is my uncle. Mary proposed a different project to the commission. Tom obediently left the room. Tom often blames others for his own failures. Sami will go to Layla's husband and will tell him about the affair. You are better than me. He's lucky to have someone like you. Yanni fell from grace. ','Tom said that Mary wasn't going anywhere. Let's go back to the garage. He is my uncle. Mary proposed a different project to the commission. Tom obediently left the room. Tom often blames others for his own failures. Sami will go to Layla's husband and will tell him about the affair. You are better than me. He's lucky to have someone like you. Yanni fell from grace. I don't think we should do that here. And going out the next day, he saw two Hebrews quarrelling: and he said to him that did the wrong: Why strikest thou thy neighbour? Please don't stand on ceremony. He opened the door, expecting to see her. What is the capital of Iowa? Tom has been doing that very well. The house was dead silent. If it had not been for his advice, I might have failed. Sami is in custody. I don't think that Tom knows where Mary studied French. It took me three hours to reach Boston. Ashkenazi Jews are traditionally not named after living relatives. Portuguese is spoken not only in Brazil. Clench your teeth, please. I wonder what has made him change his mind. Which do you think have more vitamin C, apples or grapes? O Kabyle people, there is no freedom without independence, and there is no independence without being free in one’s head! Please treat me this year as well as you did last year. Tom doesn't like people touching his stuff. You shouldn't eat this. Tom is a better driver than Mary is. Tom said that he's a Canadian. I'm not as motivated to do that as I used to be. Who'll handle this case? The dream came true. He isn't a thief. I knew you liked that action. Tom wouldn't like it if you didn't do that. Tom has a pretty big mouth. It sounds like Tom will go to Boston. We bought an expensive umbrella for Tom. "Leave that girl alone." "Just screw off!" "Are you looking for trouble?" "Why don't you just fuck off?" "Let's settle this outside if you're man." I hope to become a surgeon. Tomatoes are delicious whether you eat them raw, cooked or braised. I laughed at myself. Esperanto gives little festive hats to some of its Cs, Gs, Hs, Js, Ss, and U's. More than 50% of Japan’s population has received COVID-19 vaccines, according to the Japanese government. Thanks for paying for the meal. That's bonkers. If you could get rid of any US state, which would you choose and why? Why don't we try writing a song together? I'm supposed to track someone down. The cane works for training dogs, but people need instruction. Tom will eventually learn how to do that. Tom and Mary haven't done anything we told them to do. I recognized her. Do you want me to make copies? Sami started smoking weed at sixteen. Tom looks wounded. Islam is a part of my life. Have you ever been to Tom's? Tom told me that he wasn't an expert. We're still deliberating. I haven't written the letter yet. Who's your favorite race car driver? Tom doesn't have the time to eat right now. Do you sell road maps? Tom said that he hopes that you try to do that. We only kissed once. It's really dark out. What should we drink and how much? Which cups are Tom's and mine? Tom wasn't at home when I went to visit him last night. She told me she'd already eaten. When was the last time you had a girlfriend? I wear my coat. Is this Chinese or Japanese? Philippines is called "Pilipinas" in Tagalog. Do Tom and Mary want me to say something? The turkey gobbles. Don't be mad. Tom told me that he'd complain about that. Tom is going to make it. Ziri slept with his own niece. Don't get yourself worked up. Will this sentence be translated? I know Tom is a sports fanatic. Dan's home phone was tapped by police. ','TRUE',12,17,20,'2024-11-15 7:43:41');INSERT INTO article_category(articleID, categoryID)VALUES(18,4);INSERT INTO article_category(articleID, categoryID)VALUES(18,5);INSERT INTO article_has_topic(articleID, topicID)VALUES(18,24);INSERT INTO write_article(userID, articleID)VALUES(18,1);INSERT INTO article(articleID, title, articleDescription, body, accepted, nLikes, nDislikes, nComments, postDate)VALUES(19,'I've been very impressed.','Ziri passed away. I was startled when I saw him. Tom called his wife and told her that he'd be late for dinner. Tom said that he'd do that tomorrow. It looks like everything's back to normal. They were hostile to any attempt at reconciliation. Rumors prejudiced Tom against Mary. The motor does not function properly. Put the suitcases carefully on the rack. Tom spent days in the archives and wrote articles at night. ','Ziri passed away. I was startled when I saw him. Tom called his wife and told her that he'd be late for dinner. Tom said that he'd do that tomorrow. It looks like everything's back to normal. They were hostile to any attempt at reconciliation. Rumors prejudiced Tom against Mary. The motor does not function properly. Put the suitcases carefully on the rack. Tom spent days in the archives and wrote articles at night. Tom was asked to leave. Spare no expense and no pains. Tom doesn't feel well today. I get bored in class. Tom kept his rifle aimed straight at Mary. I looked for my room. A moray eel bit me. I put the saddle on the horse myself. My job is very boring. He's an Algerian purchasing agent. Tom isn't working late. The Dow Jones Industrial Average shot up more than 2,100 points — its highest one-day point gain in history — an 11% rise that put the Dow back over the 20,000 mark. I hate to interrupt, but I need to say something. I think I couldn't do what Tom does? We won't allow that to happen. Am I that scary? Who would've thought that you'd be late? The door has been closed. There is a casanova in my jar. No one knows Tom as well as I do. I remember every detail. Tom is likely to still be miserable. They told me that they were safe. Mary has a red ribbon in her hair. If you go by Shinkansen, you'll be there in no time. Why am I supposed to do that? He sang her favorite song for her. I am sure you will be very comfortable there. I think you shouldn't have gone there by yourselves. You forgot to take out the garbage again. Tom thinks Mary will be busy all day. Tom is lucky that Mary is still be willing to do that. Tom went to Mary's office on the off-chance that she might be there, and in fact she was. "I'm really glad I've found you here," he said, relieved. "There's something important I have to discuss with you." We'll be ready when you get back. Tom will never believe me again. Hello Mr Magpie! How's your wife? He was so worried he was going to call the police. He is afraid of him. She told him that she was going to show him some old pictures. I think Tom and Mary are coming to Boston next weekend. Bush only wants to civilize the world. Tom moved a bit closer to Mary. I lived here. Mary looks as if she's drunk. You can't just do this. Someone needs to set Tom straight. They were elected to the Senate in 2008. That theory doesn't make any sense. She attends cultural meetings. We've been doing some gardening. A friend of mine called me last night. Tom and Mary spent a few years in Boston when they were in college. Tom wasn't joking. She thinks that she speaks French better than him. I wouldn't dream of it. Mary and Nemesio communicated with each other over long distances using magical lumps of oak charcoal. Mary wrote in her diary, and Nemesio on his acorn cap hat. Tom is going to walk to work tomorrow morning. I came here to do that. Tom told me he thought that Mary had been reasonable. Tom couldn't keep his mind off of Mary. Tom'll flip his lid when he finds out. I have good news. I don't expect you to be my friend. Ziri quit his job as a police officer a few years later. I like your new hairstyle. It is the hen that makes the rooster crow. Tom called Mary, but somebody else answered her phone. I doubt that Tom would ever consider leaving his wife. How much money did you spend on your car? Tom took off after Mary. What a beautiful scenery! Chris followed the two and cheerfully greeted Kate. He introduced me to his parents. The wind slammed the door closed. ','FALSE',12,13,19,'2024-11-5 22:53:37');INSERT INTO article_category(articleID, categoryID)VALUES(19,6);INSERT INTO article_category(articleID, categoryID)VALUES(19,8);INSERT INTO article_has_topic(articleID, topicID)VALUES(19,71);INSERT INTO article_has_topic(articleID, topicID)VALUES(19,23);INSERT INTO article_has_topic(articleID, topicID)VALUES(19,12);INSERT INTO write_article(userID, articleID)VALUES(19,5);INSERT INTO article(articleID, title, articleDescription, body, accepted, nLikes, nDislikes, nComments, postDate)VALUES(20,'They spoke for more than three hours.','Little by little, I'm beginning to like that painting. I forgot to tell Tom how to do that. I heard you talked to him. If it's necessary to do so, I'll pay back my loan now. We had a warning. I couldn't be at the meeting last week because I was in Boston. It was very windy that day, and I had my umbrella blown inside out. Yanni is so good-looking. Tom could've been fascinated by that. I don't understand British humour. ','Little by little, I'm beginning to like that painting. I forgot to tell Tom how to do that. I heard you talked to him. If it's necessary to do so, I'll pay back my loan now. We had a warning. I couldn't be at the meeting last week because I was in Boston. It was very windy that day, and I had my umbrella blown inside out. Yanni is so good-looking. Tom could've been fascinated by that. I don't understand British humour. Nobody bought it. Fadil made it through. Tom and I used to play chess together quite often. This hill of termites is located in Tanzania. I sleep at night now. Tom is in stable condition. Tom was the third vampire in all of history. You're the one who taught me how to do this. I don't even have a gun. That gave her an idea. Both my parents drive to work, so I have to ride a bike to school. She finally made up her mind to go abroad. How did you know I wanted to kiss Tom? Algeria and Morocco should settle their differences. Sami applied at Walmart. Were you a good student when you were in junior high school? Yanni's hands are dry. He's wearing a jumpsuit. Advocacy was always his passion. I often eat peanut butter on crackers. Mary is fully convinced that we're in the middle of a sudden global food crisis. You have to disappear. Mary admitted that she was hungry. You never listen to me! Mary says she loves it in Australia. The teacher kept an electric pencil sharpener in the classroom for when students needed to sharpen their pencils. Yanni went to an art school in Algiers. Would somebody look after Tom? He must be very happy. Did Mary drive herself home? I know Tom is a businessman. Tom said that he thought the wine was quite good. Double quotation marks were missing. When the flower blooms, the bees come uninvited. I rented a boat by the hour. One drop of the poison is enough to kill 160 people. I'm better at juggling than Tom is. We've got to get back to the ship. I congratulated Rima. He is employed in a bank. I don't know anything about cricket. He drives a tow truck. I think we made the wrong decision. Tom needs to move. He was raised by his grandmother. Mennad and Baya got dressed. Tom walks through the park on his way home from school. Because of the dense fog, nothing could be seen. When the judge pronounced the death sentence, the defendant showed no emotion. Tom thought that he could cheer Mary up. I think you're on the right track. Sami couldn't believe what he heard. Has anyone ever told you what really happened? I know a lot of people from Kabylie. I haven't done very much this year. He memorized the Quran. Ziri was a psychiatrist. Tom walked over to Mary and handed her a package. We'll never find her. What Tom wants to do isn't a good idea. Sami worked at a drugstore. I decided to tell him the truth. I should probably go and spend some time with Tom. I don't think Tom and Mary are as fast as I am. I don't know when he will come. Mary said she needed to do that soon. I can't believe we fell for that. How much did Tom pay you to do that? Ziri stayed there for hours. I can't walk, but I can definitely hobble. The birds were hungry. I have a lot of books. Yanni saw his dad abusing drugs and alcohol. He has set up three world records in swimming this year. Tom said some men had attacked Mary. Mary told me that she's able to speak three languages. We weren't always optimistic. These words are synonyms. All will be fine. Tom knows why Mary has to do that. Tom said he was afraid to do that. Tom is sitting behind us. Tom managed to do that on his own. He missed his flight. Yanni gives convert classes to new Muslims. ','TRUE',12,10,13,'2023-5-7 5:4:42');INSERT INTO article_category(articleID, categoryID)VALUES(20,9);INSERT INTO article_category(articleID, categoryID)VALUES(20,8);INSERT INTO article_has_topic(articleID, topicID)VALUES(20,46);INSERT INTO write_article(userID, articleID)VALUES(20,4);INSERT INTO article(articleID, title, articleDescription, body, accepted, nLikes, nDislikes, nComments, postDate)VALUES(21,'I'm not very interested in learning French.','My father didn't come even once to see me sing. Don't open it, please. Mary is an ardent feminist. Dan had lunch outside with Linda. Mary told Tom that she was Canadian. You sound a lot like your mother. I'm tired of translating. Are you good at ice skating? Which one of these do we need to keep and which can we throw away? The ground is very wet. ','My father didn't come even once to see me sing. Don't open it, please. Mary is an ardent feminist. Dan had lunch outside with Linda. Mary told Tom that she was Canadian. You sound a lot like your mother. I'm tired of translating. Are you good at ice skating? Which one of these do we need to keep and which can we throw away? The ground is very wet. How do we avoid this happening again? The bee produces honey. And the wasp? I thought that you were going to go to Boston. Those who are ahead of their time often spend years out of earshot. Tom wasn't eating. How is Algeria managing its economic recovery? I have friends all over the world. Algerians enjoy access to the Internet. Tom should've known better than to believe Mary. Denial would be useless. I'm watching the market closely. Does Tom play chess often? They killed time playing cards. I expect Tom back by 2:30. The school is closed due to snow. Sami likes Layla's sense of humor. I want a house with a big yard and a white picket fence. Tom is afraid for his life. You've got to sign your name. It would take some time for me to translate this book. Sami is living in an apartment. Tom's wife left home for work. I don't want to miss my flight. The picture reminds me of my family. What is your opinion? Only by prohibiting nuclear weapons altogether can we stop the arms race. We're going to need to be a little quieter. Throughout Europe, people withdrew their money from banks. I'd like to make myself useful. A pentagon is a shape with five sides. My name is Jatalo. How many days ago did you buy this? Some of the people who work with Tom are Canadians. Mary is giving out flowers. Tom will probably be starved when he gets home. It wasn't until last night that I knew the truth. Did she leave the group chat? My best friend was American. Sami decided to take a brave step. This plan is working. Fishing, hunting, hiking and skiing are popular. I wanted to tell you something, but I forgot what it was. I'll tell you once I remember. Tom can't even talk to girls. The assignment was very difficult, requiring hours of tedious work. Tom hated the idea of leaving Mary alone, but he had to go to work. Sami told me what he wanted and I got it for him. Sami wasn't in the mood to work. This plant is good to eat. Nevertheless, he found time for a short meeting. Tom doesn't want you to come. Don't brag about how fast your car can go. Mary told Tom that she was getting married. I'd like you to meet Karina. It's too quiet. We went to high school in Algeria. Tom is a hypnotist. The police managed to keep the crowd under control. Ziri has the social skills to overcome his shyness. Tom wasn't strong enough to lift the box by himself. The elections for the European parliament were held today. Four SWAT members positioned themselves on the rooftop. He had been accustomed to succeed in all that he undertook. "Fast" is the opposite of "slow." Tom isn't sure Mary won't cry. Is there enough room for me in your car? You're the only one who has a camera. We're going to be too late again. Does she have a big nose? Suddenly, it started to rain. I know that I did that with Tom last year. Teenage mistakes last a lifetime. On May 6, 2014, the Administration released the Third U.S. National Climate Assessment (NCA), the most authoritative and comprehensive source of scientific information to date about climate change impacts across all U.S. regions and on critical sectors of the economy. I know Tom is a graduate student. I'm doing it for the money. This is a really nice olive oil. Quite a few people were present at the meeting yesterday. ','TRUE',8,15,9,'2023-7-25 4:7:38');INSERT INTO article_category(articleID, categoryID)VALUES(21,10);INSERT INTO article_has_topic(articleID, topicID)VALUES(21,52);INSERT INTO article_has_topic(articleID, topicID)VALUES(21,68);INSERT INTO article_has_topic(articleID, topicID)VALUES(21,18);INSERT INTO write_article(userID, articleID)VALUES(21,14);INSERT INTO article(articleID, title, articleDescription, body, accepted, nLikes, nDislikes, nComments, postDate)VALUES(22,'Tom took a sleeping pill, but still couldn't fall asleep.','He tried to scare her. "What, I to leave thee helpless, and to flee? / O father! could'st thou fancy it? Could e'er / a parent speak of such a crime to me?" Nail the notice on the trunk of that tree. He wants to sell his car. That's something that Tom has to do. Tom and Mary usually have a good time together. It's good that we still have Tom working for us. We can always count on Tom in an emergency. Can you tell which one is real? That's a big part of it. ','He tried to scare her. "What, I to leave thee helpless, and to flee? / O father! could'st thou fancy it? Could e'er / a parent speak of such a crime to me?" Nail the notice on the trunk of that tree. He wants to sell his car. That's something that Tom has to do. Tom and Mary usually have a good time together. It's good that we still have Tom working for us. We can always count on Tom in an emergency. Can you tell which one is real? That's a big part of it. I'll tell him you were here. On the shore of the pond is where you can build a gazebo, and afterwards that corner of the garden will be a cozy place for recreation. They are reading books. We know what we can and can't do. I left my umbrella here last week. Tom is going to drop Mary off at John's house. This is true in a large number of cases. I have no strength to lift this stone. They've just got here. The messages were from Tom, not from Mary. I've been in that line of work for five years. They don't even want to talk about Islam. I should have gotten up earlier this morning. Tom and Mary have been in the hospital since October. Can I use the bathroom? To tell the truth, the widow suffered from stomach cancer. Matoub's songs were so inspiring. What a gorgeous coat you're wearing! Tom got that right. Not long after, we broke up. If you eat that much, you'll get sick. Tom and I walk to school together every morning. Why don't we go outside and play? I think Tom drank out of my glass by mistake. I want to eat the same thing Tom is eating. He turned himself in to the police. I'm thirty years old and you are ten years older, aren’t you? I was almost killed. Who would've thought? If only I could speak English as fluently as she does! His face reflects joy. He had grown thin and careworn, and had lost the loud, cheery manner for which he had been remarkable. What if I make a fool of myself? Tom has fallen head over heels in love with Mary. There's nothing to tell. Mennad's antidepressant made him extremely manic. Yanni thought of Rima. Tom doesn't have any friends. Just a dream can shape the future. Did you enjoy yourself yesterday evening? Tom is very proud of both his son and his daughter. What Tom said really hurt me. Tom and I both leave the office at the same time. Tom loves Mary and she loves him. I might join the marching band. She seemed surprised to hear her name called from behind. Tom cooks chicken just the way Mary likes it. You left the house without my permission and now you deserve to be punished. The Olympic Games were canceled last year. Her mother is a very beautiful woman. My father is on the wagon. Tom sounded like he had a sore throat. Pay on your way out. Sami followed my sister down the hallway. It's very important to drink a lot of water. She wants you to learn how to read. Weren't Tom and Mary with you? I thought that you said that someone was going to meet us. Tom is a very gregarious person. He phoned. Tom needs to show Mary how to do that. No one I know has to do that. I didn't realize that we had a meeting scheduled. Citizens of the United States generally feel a responsibility for the democratic society supported by them. Don't put the books in the shelf upside down. I've started bleeding. You don't always get what you want. Tom bought seven pairs of socks, one pair for each day of the week. He told me he enjoyed it. Whatever it is, we're not interested. We haven't had much sun this summer. Aren't you going to eat with us? Mary said that she told Tom to do his homework. I would have never guessed that Tom was from Boston. Both Tom and I were injured. ','FALSE',9,15,6,'2024-12-15 22:0:12');INSERT INTO article_category(articleID, categoryID)VALUES(22,10);INSERT INTO article_category(articleID, categoryID)VALUES(22,1);INSERT INTO article_has_topic(articleID, topicID)VALUES(22,30);INSERT INTO write_article(userID, articleID)VALUES(22,7);INSERT INTO article(articleID, title, articleDescription, body, accepted, nLikes, nDislikes, nComments, postDate)VALUES(23,'Tom will call you soon.','You'll embarrass her. But the rest whom thou shalt have after them, shall be thine, and shall be called by the name of their brethren in their possessions. He drank ten bottles of beer. The blood on the towel found in Tom's car was his own. To take the cursor to the next line or to execute a command or operation, press the return key. I want her gone by noon. Big men are not always strong. They are jealous of our success. Put on this sweater. Why don't we head back home? ','You'll embarrass her. But the rest whom thou shalt have after them, shall be thine, and shall be called by the name of their brethren in their possessions. He drank ten bottles of beer. The blood on the towel found in Tom's car was his own. To take the cursor to the next line or to execute a command or operation, press the return key. I want her gone by noon. Big men are not always strong. They are jealous of our success. Put on this sweater. Why don't we head back home? Layla opened fire and killed the assailant. I know that Tom is a Red Cross volunteer. I drank it in a gulp. Our office is on the northern side of the building. Yanni had drugs in his system. He's counting on us, isn't he? We're harmless. I don't like living alone. Watch out for them. I know you still love me, but I don't love you anymore. One has to forget this bad year. Most polling stations close at eight in the evening. Tom won't be doing that. Tom thought Mary would win. They never left to be told that they came back. Frankly speaking, I don't think you have what it takes to become a teacher. Arrogant people make you feel so discouraged. Don't lie, professor, don't lie. How many times do I have to ask you to call me by my first name? I don't want to be a nuisance. Tom helped Mary open the crate. If your shine is too bright for them, let them wear sunglasses. She offered to carry his suitcase, but he told her he wanted to carry it himself. I can't wait until next week. What are you saying, God be with you! Tom is likely go to Boston next week. Tom said that he would be back right away. Tom and I grew up in different parts of the country. This is a private family matter. This Berber book is easy to read. Tom didn't have time to rest on his laurels. Algeria needs to solve its problems. Child as she was, she was not afraid. I think you looked ridiculous. Tom told me that he hoped that Mary wouldn't be tempted to do that. I haven't performed live in a long time. All the houses were gone. Tom told me that he might not win. I'm not naive. Tell Tom that we'll see him later. I don't want to do this again. Yanni was hunting and eating rabbits. A man can receive only what is given to him from heaven. Tom lived with us. I don't want to stay with you. Edu has more or less a thousand gay friends. I hate that thing. I'm glad that Tom isn't there. Mary told me that she's unemployed. Algeria needs to construct more dams along its rivers. He would not take the money. Putting on a mask when I leave the house now feels as normal as putting on my seatbelt when I get into my car. I run worse than Usain Bolt. I can't follow you all over the world. Mennad was the teacher's pet. Roger worked at any job he could find during the day. She originated a new way of playing jazz on the shamisen. I want to be her friend. I advised Tom not to go to Australia with Mary. What did you call me in here for? Sami really kept to himself. Regardless what you say, I don't believe you. What makes you smile? Tom was always one step ahead of me. Why can't you be nice for once? Lucie isn't here. She's doing her good deed of the week. He arrived after the bell rang. I don't think that Tom is colorblind. The music that Mary listens to is very syncopated and unpredictable. Layla was heading out of town. Tom stood in the dark. I was ordered to do that. I don't think Tom is intoxicated. They're cool. Mary took her earrings off and put them in the jewelry box on her dresser. The experience shook Tom. Let's learn some question words in Berber. Go to bed. ','TRUE',1,4,12,'2024-2-10 5:23:22');INSERT INTO article_category(articleID, categoryID)VALUES(23,3);INSERT INTO article_category(articleID, categoryID)VALUES(23,2);INSERT INTO article_category(articleID, categoryID)VALUES(23,6);INSERT INTO article_category(articleID, categoryID)VALUES(23,9);INSERT INTO article_has_topic(articleID, topicID)VALUES(23,93);INSERT INTO article_has_topic(articleID, topicID)VALUES(23,49);INSERT INTO article_has_topic(articleID, topicID)VALUES(23,74);INSERT INTO write_article(userID, articleID)VALUES(23,15);INSERT INTO article(articleID, title, articleDescription, body, accepted, nLikes, nDislikes, nComments, postDate)VALUES(24,'All the others are there.','Tom thinks that he knows what's going on. I had never given it much thought. The fortune of the interstitial military groups waxed and waned, for the exigencies of warfare were considerably high. We'll be able to raise cows and sheep, too. He told me he's alone. The indigenous population was harassed. Berbers were converted to Islam. I wish everyone luck in the coming year, as well as success in their work and studies. It was Tom who told me that. I don't think I can do that today. ','Tom thinks that he knows what's going on. I had never given it much thought. The fortune of the interstitial military groups waxed and waned, for the exigencies of warfare were considerably high. We'll be able to raise cows and sheep, too. He told me he's alone. The indigenous population was harassed. Berbers were converted to Islam. I wish everyone luck in the coming year, as well as success in their work and studies. It was Tom who told me that. I don't think I can do that today. I don't want to drive this old car. I think the player was sent off because he swore at the referee. He had to spend the night at his sister's. He said he would do it again. I don't know which is which. You should look at this. Tom was the one who broke the windshield of Mary's car. I'm going to make sure this doesn't happen again. I just hung up the phone. I'm not letting you leave. I didn't know Tom knew why you did that by yourself. Layla's e-mails have gone unanswered. I saw Tom at church last week. I'm not going to start doing that. Tom likes strawberries. Mennad saw the jacket. Tom couldn't do that, could he? I want this stuff thrown away. I think you'll be very pleased. Something strange is happening over there. What's so concerning about that? Tom is definitely drunk now. Let's do this again sometime. Where do you not want to go? The trial went on day after day. Which ones do you like? She told everyone she was done. We count on you. He used to buy his glasses at the optician's. I'm not feeling quite up to par. She let slip that she had found out about her brother's embarrassing little secret. I knew that it would be easy. It has become habit. Sami's parrot didn't have a tail. I'll lend you whatever you need. Sami hit his wife. Income from this source is free of taxation. I'm raised in Bejaia. He kissed his children goodnight. May I ask you what your name is? They told me that they drink at least three cups of coffee a day. Regardless how loud you scream "Oo-oo!", you won't turn into a wolf. He's a temp. Tom said he remembered me. Life is a box of surprises. "I wanted a balcony with a view of the sea." "Then why did you buy a farm in Iowa?" Even his maid speaks fluent Berber. I want to drink a pint of Guinness right now. Tom has good reason to be mad. I think that Tom is up. I'll keep your secret. A popular pastime while orbiting Earth is simply looking out the window. Tom left his jacket somewhere and he can't remember where. Tom drives to work every day. You like her and she likes you. How long did it take to do that? We Algerians need to keep our cities clean. Can you lend me one of your hammers? Yanni stored the fig jam in the refrigerator. It's pointless to try to stop Yanni and Skura. She was curled up at his side. You will go to school. The coat that she said she wanted was very expensive. I wish Tom would get struck by lightning and die. I leave for Brussels in one hour. Was it you who was supposed to tell Tom and Mary they need to do that? You can still see the scorch marks from last week's fire. CNN White House correspondent Jim Acosta asked Trump, “What do you say to Americans who are concerned that you're not taking this seriously enough and that some of your statements don't match what your health experts are saying?” The president responded, “That’s CNN. Fake news.” Tom has done everything Mary said he should do. He's all alone, isn't he? He's the hero who rescued her dog. He has become Muslim. Sami's stories are so entertaining. Tom has not been charged with any crime. Tom has a dog and a cat. Tom is strikingly good-looking. He's made up his mind already. ','FALSE',10,19,11,'2024-12-23 11:22:40');INSERT INTO article_category(articleID, categoryID)VALUES(24,2);INSERT INTO article_category(articleID, categoryID)VALUES(24,9);INSERT INTO article_has_topic(articleID, topicID)VALUES(24,3);INSERT INTO write_article(userID, articleID)VALUES(24,15);INSERT INTO article(articleID, title, articleDescription, body, accepted, nLikes, nDislikes, nComments, postDate)VALUES(25,'Tom was obviously desperate to do that.','Tom might know what Mary's phone number is. She says she didn't study French. The driver refused to drive Mary to her destination. Rima and Skura live in their newly restored mansion. After that, he went home. Tom doesn't think that Mary is happy. They told me they were ready to do that. They introduced me to their roommates. I was gonna call y'all but I didn't have y'all's phone number. He earned money by delivering newspapers. ','Tom might know what Mary's phone number is. She says she didn't study French. The driver refused to drive Mary to her destination. Rima and Skura live in their newly restored mansion. After that, he went home. Tom doesn't think that Mary is happy. They told me they were ready to do that. They introduced me to their roommates. I was gonna call y'all but I didn't have y'all's phone number. He earned money by delivering newspapers. We asked him to let us stay. I guess it's true. Tom was put to death. I don't know if I can do it. I don't know when Tom will show up. I'm a teenager. It's whatever you want it to be. Tom studied French ages ago. We're late for school. Sami wanted to invite Layla to his apartment. You are no younger than I am. I think that it's really important for you to go to Australia. Tom probably doesn't know whether Mary can speak French or not. I thought that Tom looked sleepy. I gotta leave. I've kept a secret from you. Tom is keeping a secret. Tom isn't cleaning his room. Sami works for a renowned translation office. A clause is composed of a subject and a predicate. Mary is the more diligent of the two pupils. Tom doesn't think we'll be able to win. His belly button is healed completely. Tom often sleeps on the train on his way home from work. Plea rejected for Middletown man charged with shooting wife. French isn't that difficult. Tom already plans on doing that. Delphi is also a small town. Boy, that song is really a throwback to the old days! Some believed Nixon should have been put on trial. I didn't say you were crazy. It doesn't make any sense to do that now. 'You wait here with the donkeys for a while. I and the child will go to pray and we will come again immediately to you.' My coat has two-hole buttons. But that's another story. She complained of a headache. Tom is far better off than he was three years ago. I left home early, but I still missed my train. There is no threat to the US in Algeria. She moved to Bejaia in order to learn Berber. The two girls sat down. I couldn't anticipate that would happen. Neither Tom nor Mary has much money in the bank. College isn't for everyone. I thought I heard a noise. Listen to yourself. We export coffee to the United States. Tom doesn't need to attend today's meeting. You tripped Tom, didn't you? Tom doesn't want to do it. You never cease to impress me. Tom will win this game. Everybody wants something. I couldn't be gladder! His remark does not do me justice. I'll ask Tom if I can borrow his car. That house was in the middle of nowhere. Mary told Tom that she thought John was excited. Let's stop working and relax for a while. Sami arrived at the hotel. Ziri stopped this. It has to be removed. Aren't you afraid that you'll be late? Tom says that he's here to support you. Let's contact Tom. Everyone laughed at you, didn't they? Tom aspires to be a teacher. Tom said that he was finished doing that. Tom says that Mary will cry. Tom and Mary become close again. Tom brought up some good points. The teacher told him to rewrite his essay. If you want good fresh figs, you need to go to Kabylie, Algeria. Do you really think it's wise to do that? Everything always winds up being my fault, doesn't it? When he came home, his mom was cooking. It seems you have some really pretty flowers on your balcony. Tom is using bilingual books to study French. I wish I hadn't hit him. It's impossible to predict what might happen. The better cooked the meat is, the quicker its digestion. You have to be quiet in class. I live in a European country. You know now what you wanted to, don't you? ','FALSE',18,8,12,'2024-3-22 11:35:39');INSERT INTO article_category(articleID, categoryID)VALUES(25,9);INSERT INTO article_category(articleID, categoryID)VALUES(25,10);INSERT INTO article_category(articleID, categoryID)VALUES(25,8);INSERT INTO article_category(articleID, categoryID)VALUES(25,7);INSERT INTO article_has_topic(articleID, topicID)VALUES(25,62);INSERT INTO article_has_topic(articleID, topicID)VALUES(25,9);INSERT INTO article_has_topic(articleID, topicID)VALUES(25,24);INSERT INTO article_has_topic(articleID, topicID)VALUES(25,37);INSERT INTO write_article(userID, articleID)VALUES(25,15);INSERT INTO article(articleID, title, articleDescription, body, accepted, nLikes, nDislikes, nComments, postDate)VALUES(26,'Tom told me that he liked working with Mary.','Yanni claimed he needed the gun for protection from Skura. What food do you like most? Truth uncompromisingly told will always have its jagged edges. I don't like to go out without a coat on such a cold day. Ziri got that job. She cleaned the house by herself. Tom knows why Mary cried. I've participated in various activities. Eva is a Dutch citizen. I've seen Tom cry. ','Yanni claimed he needed the gun for protection from Skura. What food do you like most? Truth uncompromisingly told will always have its jagged edges. I don't like to go out without a coat on such a cold day. Ziri got that job. She cleaned the house by herself. Tom knows why Mary cried. I've participated in various activities. Eva is a Dutch citizen. I've seen Tom cry. Tom ought to take a break. Both Tom and Mary stopped eating. He admitted that he was wrong. I was doing an impersonation of my boss when he showed up. This company is listed on the London Stock Exchange. Could I just ask one simple question? You must do whatever he tells you. She said that she was unable to win. These monarchs are a bunch of bloodthirsty psychopaths. She didn't mean to hurt you. Don't, under any circumstances, play poker with Tom. Sami was sleep-walking. I know that you didn't do that. Mary wasn't telling the truth, was she? What was your favorite subject when you were in high school? Mary lost her husband a few months ago. That's open to debate. Tom had already gone to bed by the time I got home. I hope you'll sing for us. Tom was killed with a tire iron. Hello! I'm a new user. The dog regarded his master anxiously. Economists warn that the economy has to grow by five percent every year in order to keep up with the professional population. I don't smoke pot. João was sentenced for homicide. Is Tom a member of the swimming club? After the representatives of the Russian Orthodox Church interfered with Neptune Day celebrations, the Amur region was flooded. I don't always eat properly. We are still in school. Where's my lucky blue cap? It looks uninhabited. I'd advise you to let them go. In what ways is the new system better? Do not fear the devil! How can I keep myself from snoring? I thought that this was what you wanted me to buy. Who's going to stop me? Tom gave the beggar some food. Tom said he doesn't think Mary does that anymore. Tom and Mary said they didn't have enough time. I'm sure Tom will arrive soon. Who scored the first goal? I've already told Tom that I want to do that. He's an Algerian construction worker. I can't play Flappy Bird. She seldom eats breakfast. I think that Tom knows. Sami was arguing on the phone. This would be a terrible tragedy. Tom said he plans to stay with us for a couple of weeks. When I was young, the hippest thing a kid could own was a transistor radio. I haven't seen Tom for a week and I am happy for that. What're you guys doing here? I could live peacefully here. They will certainly kill us. Sami and Layla have lived there forever. Is that the map that Tom gave you? She studies Chinese too. Do you think Tom can swim? Sami found this really hard. Tom was living in Australia at the time. Tom didn't want to come home. You ate sushi yesterday, didn't you? I'll be arriving by train tomorrow evening. If Mary had asked for my advice, I would've advised her not to do that. Sami led a quiet life with Layla. I think you should help them. Mary says she doesn't have insurance. Tom will never admit that. Do you feel well? Just make sure you get there on time. I never was very strong. How much money does your company spend on research? Metal birds come and go, deliver and take people and goods, disappear and reappear behind the symmetrical artificial mountains. In many cases, doing that is impossible. Tom was in no mood to talk to Mary. We don't practice a lot. It's very likely someone will be waiting for us. It's an imported item. Tom invested his money in stocks. One may be satisfied that there are no senses apart from the five from the following arguments. ','TRUE',17,13,3,'2023-6-14 22:45:29');INSERT INTO article_category(articleID, categoryID)VALUES(26,10);INSERT INTO article_category(articleID, categoryID)VALUES(26,9);INSERT INTO article_category(articleID, categoryID)VALUES(26,5);INSERT INTO article_has_topic(articleID, topicID)VALUES(26,68);INSERT INTO article_has_topic(articleID, topicID)VALUES(26,61);INSERT INTO article_has_topic(articleID, topicID)VALUES(26,58);INSERT INTO write_article(userID, articleID)VALUES(26,3);INSERT INTO article(articleID, title, articleDescription, body, accepted, nLikes, nDislikes, nComments, postDate)VALUES(27,'It's good to see you, too.','Tom and Mary said they wished they hadn't suggested to John that he do that. Sami should go fuck himself. I think Tom and Mary are still desperate to do that. He stopped coming to the mosque as regularly as he used to. Hey sis, can you turn on the light? We are not interested in the possibilities of defeat; they do not exist. Is your home quiet? Can't you walk faster? We were only allowed to do that once. So what happened next? ','Tom and Mary said they wished they hadn't suggested to John that he do that. Sami should go fuck himself. I think Tom and Mary are still desperate to do that. He stopped coming to the mosque as regularly as he used to. Hey sis, can you turn on the light? We are not interested in the possibilities of defeat; they do not exist. Is your home quiet? Can't you walk faster? We were only allowed to do that once. So what happened next? The motors worked. I think I could handle it. Are you going to the pub tonight? Mary knew she had to do something to help Tom. Tiriza is a Portuguese name. The fruits of the strawberry tree have the same texture as regular strawberries. Yanni is planning a trip to Japan. Tom didn't deserve what happened to him. Tom couldn't be reached Monday night. There were a lot of people in the stadium. Tom has been given a lot of money. Tom needs more time. If you're scared to fight for what you believe in, then you should consider why you believe in it. She had to act as soon as possible. Tom said he didn't intend to do that anymore. Sami's restaurant was the only business open at the mall. "I put my clothes in the washing machine. Why are they still dirty?" "You forgot to turn it on." I won't go with you. They told me that they were having fun. I'm suddenly tired. Yanni saw a person in the trees. No, please dial nine first. You need to own up to your mistakes. You can have all of them. I'm not just here to look pretty. I know Tom knows you know how to do that. It seems to me that, apart from native speakers, nobody translates Russian sentences, and that's sad. How do I know that I can trust you? Tom got up to leave, but Mary asked him to sit back down. Tom is an ignorant person. He understands absolutely nothing. Cows are considered sacred by Hindus. What do you mean you dropped the ladle in the pot? How are we going to serve the homeless now? There was something there. Anxiety gnaws at us. I have no affiliation with your university. "But hence, where leads the path, thy forward steps pursue." OK, you've got my attention. Can't you see what's going on here? Have you said anything to them? I live near you and Tom. Sami worked long hours at a golf course. I know Tom is a bit taller than Mary. He disputed my statement. I think that Tom hasn't done enough yet. Tom isn't still in prison. The pastries with a thin film of gelatine atop were left alone by the wasps, who gorged themselves on the other articles in the bakery. I am not picking their fruit for them. Tom's in the big leagues now. Humor them. Music can be defined as the art of producing emotion by the combination of sounds. Tom studied applied mathematics and physics at Oxford University. Tom followed Mary out the door. Layla's hijab was so nice. Any news? Algeria needs to establish itself as the bridge between Europe and sub-Saharan Africa. What would I do if something happened to you? This area is as big as a football pitch. Tom continued his story. I can neither confirm nor deny that report. Tom said Mary was likely to still be upset. They ambushed the enemy. Tom has had his licence suspended. Tom thought Mary might have to stay in Boston until Monday. Do you believe global warming is the result of human actions? On Sunday we were on the beach flying a kite. The new iPads look amazing. It was the first thing that struck my eye. Some are darker. Tom and I are like brother and sister. This is a lovely riverside promenade. I wonder whether or not Tom is planning to quit his job. "Don't you find Tom a bit smug?" "I do, but he's basically a good bloke." He's going to the beach, isn't he? ','FALSE',20,13,8,'2023-7-26 1:39:42');INSERT INTO article_category(articleID, categoryID)VALUES(27,1);INSERT INTO article_category(articleID, categoryID)VALUES(27,10);INSERT INTO article_category(articleID, categoryID)VALUES(27,6);INSERT INTO article_category(articleID, categoryID)VALUES(27,1);INSERT INTO article_has_topic(articleID, topicID)VALUES(27,100);INSERT INTO write_article(userID, articleID)VALUES(27,20);INSERT INTO article(articleID, title, articleDescription, body, accepted, nLikes, nDislikes, nComments, postDate)VALUES(28,'About how long does it take to get to Boston from here?','I take my job seriously. It seems like Tom enjoys being miserable. Tom is partially wrong. I had a nervous breakdown. The ship went down slowly. Who'll take me to the airport? Tom eagerly ate the apple I gave him. Mary met a dashingly handsome man. He likes the extreme cold of Alaska. U.N. humanitarian agencies are expressing concern a recent European Union-Turkey agreement does not safeguard the rights of the thousands of Syrians, Iraqis and other people fleeing to Greece in search of a safe haven from conflict and persecution. ','I take my job seriously. It seems like Tom enjoys being miserable. Tom is partially wrong. I had a nervous breakdown. The ship went down slowly. Who'll take me to the airport? Tom eagerly ate the apple I gave him. Mary met a dashingly handsome man. He likes the extreme cold of Alaska. U.N. humanitarian agencies are expressing concern a recent European Union-Turkey agreement does not safeguard the rights of the thousands of Syrians, Iraqis and other people fleeing to Greece in search of a safe haven from conflict and persecution. Tom thought that it would be best if Mary stayed with John. They finished a journey of 80 miles. He is eating sausage with puréed potatoes. Sorry, but can't you help me a little? Small children tend to wander off if you don't watch them all the time. Many of you are very concerned about gender. In my culture, I'm not so masculine, but I seem so in your culture. Masculinity is relative by culture. You should let Tom know you can't do that today. The bill amounted to 100 dollars. Are you keeping something from me? Be a loving and caring parent. There was nothing but an old chair in the room. I couldn't bring myself to hit Tom. I was busy during the week. I can't come with him. I'm scared of the exam. Tom and Mary told me to meet them in front of the concert hall. She works at the Pentagon. Don't ever come back to Gotham. Tom pretended to be drunker than he really was. I wonder if Tom and Mary are sleeping. I'm busy on Monday. Sami always had new jokes to tell. He jumped back. On the Day of the Dead, we eat bread of the dead. They showed me a card. Half an hour had passed since sunset, but the warmth of day still lingered in the air. Tom said that he didn't have to work anymore. Not everybody likes snow. Tom and Mary said that they won't come to our party. Are you sure that no one can see us? Why don't you believe her? Tom caught a seagull. Tom was away with the fairies for a while when he woke up after his surgery. Kitty, you are my ditty. He can speak English, and French as well. Biodynamic farmers plant according to the moon phases. Tom and Mary didn't know they were supposed to do that today. That isn't the way I want to do that. Layla fell in love with a handsome man and got married. The pedestrians must cross only at the green light. They seem to care. I can hardly wait till I see you. She was elected chairman of the committee. Mary never uses tarot cards to make decisions. I don't think that there's any way I can get this report done on time. I'm not likely to stop doing that. I don't think Tom would be doing that if he didn't want to. I'm not quitting now. I'm not an infidel. The revolution will not be televised. Tom has been confined to a bed for three months. Tom and I were both at John and Mary's wedding. That's how I learned English. I told Tom I thought he was wasting his time. I don't see much choice. Yanni was picked up by a military patrol. We've got something to show you. Tell him I'm not ready. Kabylie has a village named after my family. Those of you that live in Boston know what the problem is. I wonder how long Tom will be here. You'll regret it. "Where does that bell communicate with?" he asked at last pointing to a thick bell-rope which hung down beside the bed, the tassel actually lying upon the pillow. You know I bend time sometimes. I showed a video to Tom. Tom and Mary took a stroll through the picturesque gardens. Tom and Mary told me they didn't have much money in the bank. Mary likes strange sports. Tom's bedroom is blue. Ziri is an attorney. Tom said that he was hoping that you could do that. Tom couldn't get past the bouncer. ','TRUE',13,5,2,'2023-4-25 9:59:14');INSERT INTO article_category(articleID, categoryID)VALUES(28,10);INSERT INTO article_category(articleID, categoryID)VALUES(28,8);INSERT INTO write_article(userID, articleID)VALUES(28,6);INSERT INTO article(articleID, title, articleDescription, body, accepted, nLikes, nDislikes, nComments, postDate)VALUES(29,'Is Algeria an emerging economy?','Yanni had a positive experience in Algeria. Tom bought three packages of ink for his printer. Sami spent two hundred dollars on a piece of steak. He works at the company seven days a week. Go down there. I know that Tom isn't a Canadian. Channel 4 was the first to televise nudity in the UK. Tom wasn't able to answer Mary's questions. Sami was bleeding to death. Tom has to be the one who does that. ','Yanni had a positive experience in Algeria. Tom bought three packages of ink for his printer. Sami spent two hundred dollars on a piece of steak. He works at the company seven days a week. Go down there. I know that Tom isn't a Canadian. Channel 4 was the first to televise nudity in the UK. Tom wasn't able to answer Mary's questions. Sami was bleeding to death. Tom has to be the one who does that. I did everything right, but my partners are a bunch of idiots. Aren't you ever going to tell me? God is good all the time. Sami went to class. I wonder whether or not it'll rain tomorrow. I'm not violent. They wash their cars once a week. Mennad is the stupidest person in the world. I've never seen Tom eat meat. Maybe I'm unhappy, but I don't intend to kill myself. I thought I'd surprise them. I have a disease. She has the face of a goddess. I hope I pass the test. Tom's door was shut. Tom's not exactly my favorite person. What does Ziri want to eat? I'm richer than Tom. Tom is the best musician I know. I want to make amends for my behavior. I put the kettle on the cooker. They went to that place in Algeria. There are not many punters in that pub. How many hours did it take you to do that? Tom has many Canadian friends. Mary placed her baby in a car seat for the flight. The light is perfect. I almost got a perfect score. Mary said she wasn't going to do that. Vote for my pic! Are you looking for something a lot more challenging? It's already taken care of. I don't like spinach. Fadil spent every spare moment searching the web for a gift to buy Layla. Tom also needs to buy a ticket for Mary. It isn't likely Tom did it on purpose. I'm sick and tired of listening to Tom's harangues. He doesn't know jack about anything he's ranting about. I wonder when Tom and Mary are planning to do that. Don't make such a sour face. Yanni bought some fresh vegetables. I didn't like the plot of the movie. I am not able to do my homework without a computer. Tom is drinking from a water bottle. You may leave immediately after you finish your work. Let me see. I am going to do an apprenticeship. Tom didn't do what we told him to do. Tom has been in prison for more than three years. Ben, if anything, was a sensible man. Where are we meeting tomorrow? Tom said Mary was furious. If it means what I think it means, we're in trouble. Tom needs to be there. I reconsidered your proposal. Are you going to stand there all day? Tom and Mary say they won't have time to do that. We can't be certain that Tom will do that. Tom has been teaching us some new stuff. Are you saying it's acceptable? Tom never ceases to amaze me. I watched you. Did you like everything? Sami has been completely sober from everything. You must be superior to me in this skill. The flight from Pyongyang to California was fully booked. Yanni's company didn't exist. I was more than happy to help. I'd do anything to avoid that. Sami wanted to meet his biological mother. She'll do what I tell her to do. To protect your being, love yourself better. Tom told me that he thought Mary was OK. The gym is used for the ceremony. Tom went to the laundromat. Tom didn't come to our party. Mary made friends with everyone she met. Mario says that Romulus is the founder of Rome. Mary showed Tom where she kept his money. The situation called for quick, decisive action. She was ashamed of her children's behavior. What do you call this animal? Is Tom still up? He walked slowly for the child to follow. Tom doesn't think that Mary should sing. Both young and old people desire slim figures. ','FALSE',4,6,2,'2023-7-9 1:23:48');INSERT INTO article_category(articleID, categoryID)VALUES(29,8);INSERT INTO article_category(articleID, categoryID)VALUES(29,2);INSERT INTO article_category(articleID, categoryID)VALUES(29,3);INSERT INTO article_category(articleID, categoryID)VALUES(29,8);INSERT INTO article_has_topic(articleID, topicID)VALUES(29,19);INSERT INTO article_has_topic(articleID, topicID)VALUES(29,27);INSERT INTO write_article(userID, articleID)VALUES(29,4);INSERT INTO article(articleID, title, articleDescription, body, accepted, nLikes, nDislikes, nComments, postDate)VALUES(30,'Mary didn't feel very well, but she went to work anyway.','Tom is the perfect son. Ziri is just trying to be a good person. Tom said that he felt wonderful. Tom was wearing a ridiculous-looking hat. I think I have a solution. I'll explain it later. Museum officials think that ETA will not harm the museum in the future. Ziri knows the future. Tom said Mary is probably still irritated. These two bull giraffes are traveling together. ','Tom is the perfect son. Ziri is just trying to be a good person. Tom said that he felt wonderful. Tom was wearing a ridiculous-looking hat. I think I have a solution. I'll explain it later. Museum officials think that ETA will not harm the museum in the future. Ziri knows the future. Tom said Mary is probably still irritated. These two bull giraffes are traveling together. Sami called the lady who was watching his dog. I wasn't as interested in doing that as Tom seemed to be. Tom goes jogging in the park every morning. Mennad used Baya's car. Only a male intellect clouded by the sexual drive could call the stunted, narrow-shouldered, broad-hipped and short-legged sex the fair sex. My father put a ladder against the tree. I'm fairly sure Tom will be here by 2:30. He said that he's annoyed. These are what you need to do the job. I put one away. Sami was looking down on me. They didn't want to fight, but they had to. I think Tom shouldn't do that. Mary wanted to remodel the kitchen. She entered the room after him. Let's go get some ramen sometime soon. I knew that Tom knew why you wanted me to do that. Their offer pleased Hemor, and Sichem, his son: And the young man made no delay, but forthwith fulfilled what was required: for he loved the damsel exceedingly, and he was the greatest man in all his father's house. Tom knew who Mary wanted to talk to. Tom says that he always has at least three hundred dollars on him. I stick out like a sore thumb. Ah! Don't say you agree with me. When people agree with me I always feel that I must be wrong. I'm not available for anyone. She doesn't look happy to see him. What happened to your cane? We're doing better. Mennad stole Baya's jacket. Will you be my beloved? What are you getting angry for? Let's do this some other time. Tom was standing right behind Mary. She drank the beer down. Just appoint the time and place and I'll be there. Skura needs to act like a lady. I don't want a present. I want a future. Tom wiped the table clean. Tom is not so sure. Most of the students seem to agree. I believe there's a little cork in that wine. She thinks of her boss as a father. Father embraced Mother lovingly. Tom did what Mary said he should do. Tom wouldn't go back to Australia if he didn't have to. Will Algeria's economic crisis get worse? After Tom's brain injury, he had aphasia for almost a year. That's very frustrating. He was cautious. Your robot will prepare meals, clean, wash dishes, and perform other household tasks. There's no problem. I thought Mary would love the gift Tom gave her. This is the only company I've ever worked for. It'll take some time, but I think we can patch things up. Tom has a daughter that goes to the same school as Mary. This is nonsense. Several recent outbreaks of salmonella are a cause for concern to health authorites. How was your stay in Boston? I took a taxi since it was raining. A cow cannot jump from the tree like a unicorn. He raised his right hand. Let me help you with those groceries. The dog is blind in one eye. I think Mary is more beautiful than Alice. Isn't that strange? Tom put me up for a night. When you test to that extent, you are going to find more people, find more cases. So I said to my people, "Slow the testing down, please." Don't be embarrassed, Jamal. Tom and Mary might break up. Tom's car is parked next to Mary's. It seems that this time I'm the man behind the eight ball. They won't find you. Does anyone actually sell leaded gasoline anymore? Tom is clean, but Mary isn't. The couple has been falling out over what TV program to watch for over a week. ','FALSE',20,14,5,'2023-10-26 5:40:37');INSERT INTO article_category(articleID, categoryID)VALUES(30,7);INSERT INTO article_category(articleID, categoryID)VALUES(30,10);INSERT INTO article_category(articleID, categoryID)VALUES(30,9);INSERT INTO article_has_topic(articleID, topicID)VALUES(30,9);INSERT INTO article_has_topic(articleID, topicID)VALUES(30,1);INSERT INTO write_article(userID, articleID)VALUES(30,7);INSERT INTO article(articleID, title, articleDescription, body, accepted, nLikes, nDislikes, nComments, postDate)VALUES(31,'How much do voters really care?','Yanni did that in the first few hours of his shift. Where will Tom spend Christmas? Tom has a very fair complexion and burns easily in the sun. All I need is three more days. There were five patients in the waiting room. Dan bought a new computer. Don't join the book burners. Don't think you are going to conceal faults by concealing evidence that they ever existed. Tom didn't do what he said he'd do. Tom said he didn't expect anyone to help Mary. Tom is an outstanding poet. ','Yanni did that in the first few hours of his shift. Where will Tom spend Christmas? Tom has a very fair complexion and burns easily in the sun. All I need is three more days. There were five patients in the waiting room. Dan bought a new computer. Don't join the book burners. Don't think you are going to conceal faults by concealing evidence that they ever existed. Tom didn't do what he said he'd do. Tom said he didn't expect anyone to help Mary. Tom is an outstanding poet. I like travelling. I wish you'd never told me. Tom was furious with Mary. Tom looked cautiously over the cliff. We must prepare ourselves for battle. I would do it again if I had to. Sami was very determined to do that. I get up every morning before sunrise to pray. Does he say it of his own knowledge? Sporadic gunfire was heard in the distance. Tom, please come into my office when you are finished. I must tell you something important. Scratch my back. Tom is just a little shy. "It's not my baby." "Oh yes, it is." I didn't think I'd meet you here. Tom didn't seem to be as determined as Mary seemed to be. I didn't agree to help her. I am drinking hot wine. I'll call you without fail. All promises are either broken or kept. I know them better than anyone. Does the Sun revolve around the Earth? Mary left her passport at home. How many times do I have to tell you this? Has Mary finished her homework? I appreciate you. These trousers are too long. There's no way it costs that much. I will not allow my path through life to be predetermined. Tom and I got married in Boston in October. The public at large are dissatisfied with the present government. You're the one that wanted to see me. Many people like chocolate. I wish I could remember her name. Tom won't lend you his car. You want to be finished doing that by 2:30, don't you? The dog was born two months ago. It's obvious that Tom and Mary don't want to be here. The castle is associated with things like ghosts and ruins. He had to move back to Kabylie. Have you read my essay? I woke up just after 2:30. Please let us in. My washing machine broke. The Peepal tree does not die just because a crow cawed. The rebels attacked the city when night came on. I wonder why they picked Tom to be the manager. A deep ravine separates the two blocks. Esperanto is a constructed language. What you're seeing and what you're reading is not what's happening. Did Tom tell you when he'd be coming? How long have you been vomiting? Do we always have to ask Tom for permission? It's going to rain for sure. She's been feeling a little on edge recently. Would you rather choose what to believe in or have someone else tell you what to believe in? I don't know anything about computers. His gesture moved her deeply. I can swim on my front but not on my back. It doesn't matter in this case. I'm not leaving here until I see Tom. We don't wash the dishes. He was worried about his health. We asked Tom to leave. Tom used to be a drug addict. He threw himself off a bridge. In Belgium, Flemish people want to declare their independence someday. Tom said that he was suspicious. I don't think Tom and Mary know how long the meeting will last. I got this in Boston. We only have three bicycles. Tom was fined for speeding. We haven't been able to find out much else. Neither Tom nor Mary has been severely injured. We were the ones who found the treasure. I think that Tom would've liked to be here today. I age-regress when I'm overstressed. Find out all you can about her. Just tell me where to put this stuff. He was sleeping in a bed. I was going to call her today. Tom looked out of the window. ','TRUE',13,6,7,'2023-11-28 23:44:2');INSERT INTO article_category(articleID, categoryID)VALUES(31,8);INSERT INTO article_category(articleID, categoryID)VALUES(31,8);INSERT INTO article_category(articleID, categoryID)VALUES(31,8);INSERT INTO article_category(articleID, categoryID)VALUES(31,2);INSERT INTO article_has_topic(articleID, topicID)VALUES(31,82);INSERT INTO write_article(userID, articleID)VALUES(31,6);INSERT INTO article(articleID, title, articleDescription, body, accepted, nLikes, nDislikes, nComments, postDate)VALUES(32,'Some researchers believe that pigeons rely on their sense of smell to find their way home.','He went to a religious center. Why can't I just call Tom? "Happy?" "Sure!" I'm the second deuce. Tom asked me where he should park. This is extremely worrying. He had shorts on. Tom said that he was certain that Mary could do that. Thousands of people attended. I already told Tom that I don't know how to do that. ','He went to a religious center. Why can't I just call Tom? "Happy?" "Sure!" I'm the second deuce. Tom asked me where he should park. This is extremely worrying. He had shorts on. Tom said that he was certain that Mary could do that. Thousands of people attended. I already told Tom that I don't know how to do that. Tom told us that he did that by himself. My father died in Vietnam. Tom was killed in Boston. They had been thumping the drum all along. Nobody I know goes there anymore because it's too crowded. I can't imagine life without him. Tom told Mary he was ready to leave. I'm kind of shy. Pick your friends so that you can benefit from them. We'll be happy to work with you. We must become a multi-planet species. Tom didn't want to jump across the ditch. May God heal him from cancer! I feel the same way that you do about this. Reading isn't a race. She has more than one trick up her sleeve. Tom told me that he thought that Mary was old too old for him. She was in no humor for lunch. The light weapons Western Europe is shipping to Ukraine can in no way make Russia lose its war there. He's a disabled man. I'm not sure I want any type of relationship with your sort of organization. I spent all day watching TV. Tom promised to let me know how things turned out. I've done more work on my farm in the last three months than you've done in three years. Oil and gas should not be Algeria's only economic sector. He often gets angry at small things. I haven't met her yet. We should be awesome next year. He walked very slowly. I'd like to stay, if it's not too much trouble. Tom said that he thought that he might be allowed to do that by himself. Most people in this town don't like Tom. This is partly true. Maybe that'll be enough. Miss Brown has gotten used to eating Japanese food. That is the same umbrella as I found on the bus. Sami wanted to catapult Layla to celebrity status. I thought Tom had agreed to do that. Transceivers are used primarily, but not exclusively, commercially. Don't go in there. Mary is taking a shower. Tom woke up in a cold sweat. She put all her jewels into a little red box. It was in Australia that Tom met Mary. An analysis has shown that the remains of his supper left by the stable-lad contain an appreciable quantity of powdered opium. "And I may come?" I asked eagerly. "Why, surely," he answered, cordially. Her wife's name is Emilia. You never respond to my texts. She caught my attention. Tom parties too hard. Which when Abraham's servant heard, falling down to the ground, he adored the Lord. Swimming isn't allowed here. Are you going to say anything or are you just going to sit there pouting? There's an acrid smell here. Is something burning? Ask Tom if he's going to the party tonight. You aren't dead, are you? I'm too out of shape to do that. Pare, core and slice two quarts of apples. Ziri needs to practice his Berber. I insist upon that. I'll see you all in Australia. Everything in life is relative. Tom and I said we were sorry. Ziri is not ready. I suspect Tom is planning on being there. I didn't want to leave Australia. Ronaldo is a prolific goal scorer and it’s almost guaranteed that he will score a goal in every match. Ziri became a realtor. Mary seemed distracted lately. Let's buy half a watermelon. Yes, my child. Get ready to run. Tom appears unconscious. The world loves to blacken the radiant and to pull the lofty into the dust. Let's make sure that that doesn't happen again. I laughed in her face. Tom and Mary say that they're glad you're all right. ','FALSE',8,2,10,'2023-9-28 14:58:19');INSERT INTO article_category(articleID, categoryID)VALUES(32,4);INSERT INTO article_category(articleID, categoryID)VALUES(32,9);INSERT INTO article_category(articleID, categoryID)VALUES(32,5);INSERT INTO article_category(articleID, categoryID)VALUES(32,7);INSERT INTO article_has_topic(articleID, topicID)VALUES(32,57);INSERT INTO article_has_topic(articleID, topicID)VALUES(32,32);INSERT INTO write_article(userID, articleID)VALUES(32,19);INSERT INTO article(articleID, title, articleDescription, body, accepted, nLikes, nDislikes, nComments, postDate)VALUES(33,'Would you like to see that happen?','Tom probably won't come tomorrow. Tom offered Mary a job and she accepted. He grits his teeth and forces back his growing fear. The old mosque was derelict and rotting. Tom and Mary are already teenagers. Sami was coming to Arabic class. He built things. She says you talked her into it. It won't be difficult for us to do that. Tom and Mary said that they thought I might win. ','Tom probably won't come tomorrow. Tom offered Mary a job and she accepted. He grits his teeth and forces back his growing fear. The old mosque was derelict and rotting. Tom and Mary are already teenagers. Sami was coming to Arabic class. He built things. She says you talked her into it. It won't be difficult for us to do that. Tom and Mary said that they thought I might win. Tom can't be right about everything. He's in debt to the bank because he bought that big house. Yanni died more than once during surgery. Speaking English is difficult. Yanni's gun is in the glovebox. What would you like to buy your mother for her birthday? You are a rotting wreck. Where have you hidden it? I don't think that Tom has many weekends off. She should cancel her party. Tom knew why the cat scratched Mary. Tom and Mary are good baseball players. Tom and Mary said they thought they might be allowed to do that today. Tom is a lobbyist. We don’t want Nuja to go to school all rumpled. The teacher was acting weird. It's going to be corrected. Tom and Mary really like swimming, don't they? Mary is allowed to do that, isn't she? I don't want her to hate me. Tom isn't washing dishes. Tom's speech bored me. I think it's pretty. The youngest was the prettiest of all. We celebrated his birthday. I followed her one day, and as I broke in at the door Fairbairn got away over the back garden wall, like the cowardly skunk that he was. Tom's suggestion is a good one. Tom could be doing that now. Tom is not my boyfriend, or anything. I've got everything under control. The child of an aunt is a cousin. That's not of much use. They will follow her. Are these candles? "Would you come to Australia?" "Yes indeed." Cats are very important, according to cats. Will this sentence be translated? He wasn't OK. Sami looks similar to Richard Gere. I'm about ready. The black cat is eating the white mouse. It's been a struggle. You shouldn't be so prideful. Tom did what Mary said that he should do. I felt quite alone. I knew Tom wouldn't be allowed to do what he wanted. Winning the trophy made me happy. Let them try. She danced naked. He said he wasn't rich. This board bores easily. I wish I knew what Tom was doing. I bought an armchair, but I don't know where I am going to put it on yet. It'll get dark soon. Burkina Faso’s reelected President Roch Kabore has appointed a minister for national reconciliation as part of a vow to end the country’s ethnic and political conflicts that are fueling terrorism. You just finished lunch; how is it possible that you are still hungry? Tom sings off key. That was the last I saw of them. You are asked to produce your permit to get in this center. Mary didn't seem to be aware that she was supposed to do that. President Bolsonaro has encouraged development in the Amazon rainforest and loosened enforcement of environmental laws. When was the last time you dyed your hair? It would be great if you could do that. Tom took off all his clothes. Sami needed Layla's advice. Mary said she'd rather not speak French. Because his parents got divorced, Tom had hardly any contact with his father. Genius and madness are separated only by success. I wouldn't push him too far. You don't know what he might do. I'd say you can't be too careful. They say even a doomed mouse will bite a cat if he has no choice. She isn't tall for her age. Tom hummed along with the song. In Algeria, Kabylie and the Aures mountains are bastions of the Berber language. I respect the choices that you've made. Tom did well by Mary. I know Tom knew that he shouldn't be doing that here. Just take water. Sami and Layla haven't kissed yet. ','FALSE',18,1,2,'2023-10-12 18:13:49');INSERT INTO article_category(articleID, categoryID)VALUES(33,6);INSERT INTO article_category(articleID, categoryID)VALUES(33,2);INSERT INTO article_has_topic(articleID, topicID)VALUES(33,84);INSERT INTO write_article(userID, articleID)VALUES(33,12);INSERT INTO article(articleID, title, articleDescription, body, accepted, nLikes, nDislikes, nComments, postDate)VALUES(34,'Traffic is bad today.','I want to stay in Boston for a few more days. I've already been asked to do that. It's windy today, isn't it? It is both good and cheap. He and I are professors. Tom is among friends. Tom castrated the calves. Tom always does this. I have a remedy for that. You could sleep between two pillows. ','I want to stay in Boston for a few more days. I've already been asked to do that. It's windy today, isn't it? It is both good and cheap. He and I are professors. Tom is among friends. Tom castrated the calves. Tom always does this. I have a remedy for that. You could sleep between two pillows. If anything happens you must inform me. I will give you a ride in my car. We went to church. I have no doubt about that. I know that Tom and Mary are hiding something. Are you with us, Tom? You won't get an argument from me. Most girls think that they are pretty. Tom didn't know that Mary had intended to be there yesterday. Tomorrow's total eclipse of the sun will be visible from the southern hemisphere. The process is totally automated. Sami wore flipflops. I know I've met that guy over there, but I don't remember where. Do you want to see? Learning French could change your life. The content of this message goes against our rules and was therefore hidden. It is displayed only to admins and to the author of the message. Would you like milk and sugar? Mary smashed Tom's favorite coffee mug with a meat tenderizer. Tom and Mary have worked here for three years. Tom will likely be exhausted. That didn't cross my mind. Tom was about to get into his car when he was shot. Take it easy, OK? I'm sure Tom won't be very hungry when he gets home. We played a good knife and fork. The city is cracking down on drunk drivers and giving them fines. Tom drove by Mary's house every day on the way to work. Would you help me with my pension? His family was very poor; consequently, they couldn't afford to spend money carelessly. Tom comes to school by car. The grenade blew up before the terrorist could throw it, and his arm was blown off! We will rescue them. Tom and Mary aren't as rich as I thought they were. Pour yourself a drink. Please remain calm. Tom isn't safe here, is he? Tom isn't eating a sandwich. He's eating a taco. Would you like to join our mailing list? A study published Wednesday shows nearly all the world’s glaciers have been melting at an accelerated pace in recent years, accounting for rises in sea level over the last two decades. I was an idiot. Tom is dying. In the evening, they would go to the theater. I need some wholemeal bread. The jeans looked none the cleaner for having been washed. I don't think I understand why Tom is trying to do that. I hear Tom will come at about 2:30. They told me that they're irritated. Sami had two jobs. You should tell Tom Mary doesn't have to do that. Tom tried to hula hoop. If 2020 was a person, you would be his twin. Are there still enough chairs for everyone? I don't want Tom to go hang gliding. Tom seems rather free with his insults. He has a cold now. This isn't funny. Sami thought Layla knew who he was. As communism has collapsed, capitalism is now accused of trying to "dominate the world." Sami's game started. Never lose your hope, because it always finds a way to you. He's a hick. She borrowed a flashlight from him. I enjoyed working with Tom on that project. They say that they can pay for it. He was pressed for time, so he only skimmed through the morning paper before rushing out the door. Tom is very muscular. At least Tom is honest. All his efforts were useless. Maybe you'll lose. My mother is making sandwiches for lunch. My cellphone charger broke down. This happened on campus. Morocco risks falling into the abyss. Bon voyage! May you have good luck on your journey. I think that Tom is really going to like this. ','TRUE',17,4,3,'2024-7-25 3:57:40');INSERT INTO article_category(articleID, categoryID)VALUES(34,7);INSERT INTO article_category(articleID, categoryID)VALUES(34,6);INSERT INTO article_category(articleID, categoryID)VALUES(34,5);INSERT INTO article_has_topic(articleID, topicID)VALUES(34,91);INSERT INTO article_has_topic(articleID, topicID)VALUES(34,45);INSERT INTO write_article(userID, articleID)VALUES(34,6);INSERT INTO article(articleID, title, articleDescription, body, accepted, nLikes, nDislikes, nComments, postDate)VALUES(35,'When Mount Taal started spewing plumes of ash in the Philippines a few days ago, thousands were ordered to evacuate.','Sami imitated little things that Farid did. By all accounts, it appears I will die. Tom might not do that tomorrow. Tom thought that Mary would be first. Why didn't you tell me you were going to leave early? Tom says that he's tired. I don't want to play baseball anymore. I also really had the feeling of having had a relaxed day with my family for the first time in a long while. That's our problem. She doesn't stop talking. ','Sami imitated little things that Farid did. By all accounts, it appears I will die. Tom might not do that tomorrow. Tom thought that Mary would be first. Why didn't you tell me you were going to leave early? Tom says that he's tired. I don't want to play baseball anymore. I also really had the feeling of having had a relaxed day with my family for the first time in a long while. That's our problem. She doesn't stop talking. Tom seemed to be carrying some kind of weapon. Tom says he's in good shape. I know Tom is usually punctual. I don't want to interrupt Tom while he's speaking. After I had thought about this elementary question fundamentally, I came to the conclusion that the difference, which is often described as "considerable" or "substantial" by distinguished people, between the indispensable words "important" and "essential" isn't significant, but rather is irrelevant. Tom remained unfazed. Sami took off on that rollercoaster. You might as well stay at home as go to America. Can you and Tom stay here? Strength in unity. Water is a transparent liquid. The prices in this pastry shop are very high. Deal with it yourself. Today, Algeria is home to a lot of wealthy people. Sami brought me a cup of coffee. Sami didn't call for help. Yanni isn't as rich as his daddy. We're all looking for them. Tom is just helping me out. Were Tom and Mary very busy? I didn't receive an invitation. Tom didn't want to go to school today. Get out here, fast! You don't really think I wanted to do that, do you? She took on more than she could handle. They jumped on their horses. This must be Tom's cap. Tom said he wanted to join our band. If you want to succeed, you have to appeal to the lowest common denominator. Algeria is a resource-rich country. The Web Giants — Google, Apple, Facebook, Amazon and Microsoft — track everywhere you go when you carry your smartphone thanks to GPS, the Global Positioning System. That would be suicidal. Juan's got a scar on his left cheek. Accept feedback and don't take things personally. I'm Mary, Tom's grandmother. Tom couldn't come because he's sick. I wish to make a complaint. Tom is a Peeping Tom. They're too hard on their children. Sami was terrified of his father. We're still planning to go. Tom's achievements speak for themselves. Start on March 23. Dilma Rousseff is the current President of Brazil. Let's begin with the fifth line on page 10. Don't stop on my account. Did Tom do that? Look up to the sky. You'll never find rainbows if you're looking down. You are our only hope. Sweet and fitting it is to die for your country. Yanni is so headstrong. You seem very dedicated. How do you think you'll be affected by the budget? She arrived at school on time in spite of the blizzard. When my doctor told me to eat more vegetables, he didn't mean french fries. I suggested that to Tom. I know Tom is a farmer, but I don't know where his farm it. I'll go get the pizza. Tom shut his eyes again. Tom started talking to a stranger. If there were a problem, Tom would say something. What kind of church is this? Tom said he might never see us again. What country did you visit and how long did you stay? He helped me change myself. It is difficult to solve this problem. It verges on scorn. You are eating vegetables. Tom is playing with your son. Tom fell asleep and missed the end of the movie. I wonder why Tom pretended he didn't understand French. Are Mary and Alice really sisters? Yanni needs to use his skills. That sounds like her. Tom said he didn't want to help Mary. Sami did another video about himself. I saw Tom smoking a cigarette. A convert to Judaism is called a "ger" or "gioret," meaning a "foreigner" who joins the Jewish people. I've been wrong. You didn't need to see him to the door. ','FALSE',8,17,4,'2023-11-10 21:14:27');INSERT INTO article_category(articleID, categoryID)VALUES(35,7);INSERT INTO article_category(articleID, categoryID)VALUES(35,9);INSERT INTO article_category(articleID, categoryID)VALUES(35,6);INSERT INTO article_category(articleID, categoryID)VALUES(35,8);INSERT INTO article_has_topic(articleID, topicID)VALUES(35,23);INSERT INTO article_has_topic(articleID, topicID)VALUES(35,18);INSERT INTO article_has_topic(articleID, topicID)VALUES(35,56);INSERT INTO write_article(userID, articleID)VALUES(35,19);INSERT INTO article(articleID, title, articleDescription, body, accepted, nLikes, nDislikes, nComments, postDate)VALUES(36,'Tom went swimming and so did Mary.','Tom hadn't planned on kissing Mary, but he did. Tom is our foster son. Hey! What are you doing in my room? Algeria has a lot of natural resources. Tom is a friend from high school. Let me introduce you to Mr. White. You know where Tom is, don't you? The work should praise the master! Yanni needs to go to the library tomorrow. What would you like to eat if you knew the world would end today? ','Tom hadn't planned on kissing Mary, but he did. Tom is our foster son. Hey! What are you doing in my room? Algeria has a lot of natural resources. Tom is a friend from high school. Let me introduce you to Mr. White. You know where Tom is, don't you? The work should praise the master! Yanni needs to go to the library tomorrow. What would you like to eat if you knew the world would end today? There were no objections. Tom wasn't busy yesterday. You need to get out of Boston more. Sami is gonna figure who that girl is. Mary is always acting like she's better than everyone else. Tom and Mary don't often win when playing tennis with John and Alice. Tom used to be difficult to get along with. Republicans have been implementing ways to ensure undemocratic minority rule, because their core demographic is shrinking. We need to leave now. It'll likely take more than thirty minutes to do that. The man who shot Tom had a gun with a silencer on it. "What nationality are his neighbors?" "German." Tom opened the medicine cabinet hoping to find some aspirin. She relaxed. Tom crushed all the eggs. What are the criteria you use to weed out undesirable candidates? "I went drinking with one of my boyfriend's friends, and now he's furious at me." "Was this friend a guy or a girl?" "A guy, obviously. Why would I go drinking with his female friends?" "Yeah, you're right." "His name is Tom. He's really hot, and I really want to go drinking with him again." I'd prefer not to call Tom. I'd rather write him an email. Dare you ask him about it? Don't keep me in suspense! Tom told me he enjoyed it. Those apples aren't yet ripe. Tom wanted to do something new. Ask whatever you want to ask. Tom and Mary told John that they were desperate. As soon as I got home, the telephone rang. Mary pulled out one of her earplugs. Tom's house has double glazed windows. Tom said that he wasn't ready, but Mary said she was. I thought that I might be coming down with a cold. I need to talk to her first. Copernicus worked at many different jobs. He was a doctor, lawyer, author, judge and tax collector. I love your son. They walked their dogs every morning. Emma Goldman is considered a forerunner of anarchist feminism. Tom said that we need to be careful. Both boys got on their bicycles and rode away. I didn't want to do what Tom wanted me to do. Tom and Mary never talk about what they do at work. Mary ate all the chocolate truffles. His hairdo gives him a more youthful touch. Did something burn? Our committee consists of ten members. What do they sell? You two are really kind. As soon as Jim got home, he made a beeline for the rest room. Tom criticized outdated laws that are still on the books. I happened to be on the same bus as Tom. They paid for their wine, and left the place. How does Tom know all this? I am the fifth-youngest child. This is the reason I moved to Boston. Why does my dog hate Tom? Many old customs are gradually dying out. Sympathy, for me, is the only form of bribery. I'm sick, and it's miserable! Don't skip classes. Mary doesn't let Tom drive her car. Tom was given a blood transfusion. When did you lose your gloves? Tom was busy and didn't have time for lunch. There are similarities between the Indonesian and Polish flags. Tom thinks he has to help Mary. Ziri took Rima to Algiers. I could use a little privacy. I want to see a shooting star. You only have six minutes to escape a modern home if it's on fire. Tom and Mary said that they were excited. She said that she wanted to marry me. I don't think Tom knows how good a guitarist Mary is. I like this time of year. ','TRUE',6,4,10,'2024-11-6 0:48:1');INSERT INTO article_category(articleID, categoryID)VALUES(36,8);INSERT INTO article_has_topic(articleID, topicID)VALUES(36,36);INSERT INTO write_article(userID, articleID)VALUES(36,11);INSERT INTO article(articleID, title, articleDescription, body, accepted, nLikes, nDislikes, nComments, postDate)VALUES(37,'Tom and I were in Boston in October.','Please take more pride in yourself. We will visit you occasionally. Sami got home just before it started to rain. I knew it would be like this. Mary didn't know that she was doing anything wrong. Ziri and Rima wanted to be friends. He drove off. I'm anxious that my daughter should succeed. The city was deserted. I won't break up with her, even if her parents wish I would. ','Please take more pride in yourself. We will visit you occasionally. Sami got home just before it started to rain. I knew it would be like this. Mary didn't know that she was doing anything wrong. Ziri and Rima wanted to be friends. He drove off. I'm anxious that my daughter should succeed. The city was deserted. I won't break up with her, even if her parents wish I would. Forgive everyone, forget nothing. They put their gloves on. You were disappointed. Tom didn't know that Mary was John's niece. I'm coming home. Let us students contribute to the welfare of the victims of the earthquake; even loose change will go a long way. I want to start doing that right away. You really don't believe what Tom said, do you? Layla was thinking about putting on the hijab. My cousin wants to get divorced. Tom has answered all of the questions. Tom is just minding his own business. He was in England when the war broke out. The landslide destroyed all the gardens. Having been informed that plywood is sufficient, I will make it with plywood, as instructed. Yanni greeted everyone. Tom told me that he thought Mary was thirsty. There are more than half a million Jewish settlers in the West Bank. Boston was a nice place to grow up. We had to scramble. Sami always wants to be right in all situations. She is responsible for this broken window. Their parents agreed to the engagement. I know that Tom was a scrawny kid. Do you know those ladies who just got off the train? I know that Tom doesn't want to be a florist like his father. Tom is a friend from out of town. This will bring you a lot of joy. The idea of having children is revolting to me. You are taking courses. That student lives in that room. Don't you want me to do that for you? I gave up smoking years ago. How are we today? I can't believe you called Tom an idiot. I was on the road to the town. Translate instead of adding new sentences, you idiots. Tom was teased because he looked different from the other children. He took the keys from her. I overcame my fear. All of my friends like computer games. Did you eat anything bad? Details weren't immediately available. How will you travel to Osaka? Tell Tom to meet me in front of the post office. The room was littered with scraps of paper. They've decided to sell their house. I never should've gone there by myself. Sami never talks about these things. Are you a kid from Mexico? Tom spends every weekend in Boston. May sometimes spends the time by herself. I had a last-minute meeting I couldn't get out of. After hours of work, we were all worn out. We have some serious issues coming up. I don't have a boat. Holding the Olympics where there's severe atmospheric pollution gives rise to a great risk for athletes. We won't be able to escape. I envy the way Tom is able to get people to seriously consider his ideas. They have a car, don't they? I knew Tom was a widower and I also knew that Mary was a widow. Tom is a good reader. I have a tight schedule. Tom and Mary are going to do whatever you ask them to do. Do you have any pencils? Yanni went to a restaurant. He has squandered every opportunity I've given him. Life is never easy. I wasn't able to finish doing that as soon as I thought I'd be able to. Ziri was messing around. Keep to the left, please. What gives Tom the right to tell us what to do? What you say is true, but you've missed the point of my argument. It is as warm today as yesterday. I hate waffle weave towels. Do you charge for delivery? I want to be the best player I can be. Yanni has never been to Algeria again. ','TRUE',17,12,8,'2024-8-18 15:1:29');INSERT INTO article_category(articleID, categoryID)VALUES(37,6);INSERT INTO article_has_topic(articleID, topicID)VALUES(37,84);INSERT INTO write_article(userID, articleID)VALUES(37,3);INSERT INTO article(articleID, title, articleDescription, body, accepted, nLikes, nDislikes, nComments, postDate)VALUES(38,'I'd like to paint my room off white.','When was the last time you used a toll road? Not everything is more expensive. Ziri is talking about one of his favorite topics which is ivy. Tom usually wears sunglasses even when it isn't so bright. Juhuri, Persian, Kurdish, and Pashto are Iranian languages. In times like this, we should all pull together. Tom is making dinner for me. She obviously doesn't like him. I was pleased to receive an email from him. You need a Nintendo DS to play the latest Pokemon game. ','When was the last time you used a toll road? Not everything is more expensive. Ziri is talking about one of his favorite topics which is ivy. Tom usually wears sunglasses even when it isn't so bright. Juhuri, Persian, Kurdish, and Pashto are Iranian languages. In times like this, we should all pull together. Tom is making dinner for me. She obviously doesn't like him. I was pleased to receive an email from him. You need a Nintendo DS to play the latest Pokemon game. He grabbed the rope and was saved. I don't think I've broken any rules. This has been really hard on Tom. My father went to China. Heathers like good drainage. Tom applied for a job as a salesman. He likes strong women. Tom waited until the end of the evening to approach Mary. Sami needs to be free. She drives an old Yugo. I'll bring her to you. At that point the mistake will have already been made. Do you like it here in Boston? Tom kept us entertained. I had fun talking to Tom. I know that Tom knew who was going to do that for him. We all worship our teacher, whom we seek to appease with perfect test scores and spotless homework. Just because you call it a "workers' state" doesn't mean it is one. He fell out of love with her. We woke up sweaty. Tom and Mary have submitted their resignations. The meal you eat when you break your fast is called iftar. I don't think that Tom has met either of Mary's sisters. How did you get Tom not to come? Sami didn't recognize Layla's number. Tom seems to be ignoring Mary. Tom has scars on his arms. It's personal. Tom fell asleep during the movie. Sami has a loving family. She's quite conservative, isn't she? They'll eat your bananas. I'd be very happy if you did that for me. Humans have two legs. He was shy at first. Does there need to be a goal? I call the boy and he comes. One is apt to think oneself faultless. State the facts as they are. Mary said she wanted Tom to do that by himself. There was panic everywhere. Tom taught Mary how to ride a motorcycle. May I borrow this? I'll return it tomorrow. Layla and Salima lived in the same apartment, but they were very different women. Has Tom ever stayed with you in Boston? Sami had a strong passion with that. Is it always this way? Unfortunately, he didn't start preparing for the exam until it was much too late. I'm going to try to persuade Tom to stay here for a few more days. You will persuade no one with these words. Sami has bad breath. Please fuck me, I can't resist any longer. My friends are all really nice. Tom doesn't know I hardly ever do that. I watched your videos several times, and now I speak English very well. He helped her tune her guitar. What are their names? Tom is going to tell Mary even though I advised him not to. Israel is seen as a thuggish nation. That's one of the most common complaints we hear. The butter spreads easily. He went duck hunting. Because of the problem of air pollution, the bicycle may some day replace the automobile. Tom is shorter and weighs significantly less than Mary. I'm ashamed of myself. I've been all over the place. I wish I had more time to talk to her. Sami isn't Layla's boyfriend. Oh, well. There's nothing we can do about that now. Will humankind try to colonize Luna first, before Mars? We often have to wait. Sami's front bumper was fucked up. Tom was killed in a dark alley. Tom does his laundry once a week on Monday. We must execute his orders. Would you update my software? I was about to leave home when an old friend of mine dropped in. Tom was doing that all yesterday afternoon. Tom will likely agree not to do that. Someone came into our house and stole some stuff while we were asleep. ','TRUE',8,5,13,'2024-6-9 14:53:45');INSERT INTO article_category(articleID, categoryID)VALUES(38,2);INSERT INTO article_category(articleID, categoryID)VALUES(38,9);INSERT INTO article_has_topic(articleID, topicID)VALUES(38,9);INSERT INTO write_article(userID, articleID)VALUES(38,13);INSERT INTO article(articleID, title, articleDescription, body, accepted, nLikes, nDislikes, nComments, postDate)VALUES(39,'Tom told me that he was starved.','Yanni doesn't know how long he will be in Japan. The rise of Russia and China as new superpowers will make the US and the rest of Western countries less arrogant. A common misconception about Christopher Columbus is that he once impressed a tribe of natives by predicting the lunar eclipse. The truth of the matter is that he CAUSED it. Tom won't like what you did. Download and install the application. This song makes me feel nostalgic. Tom treated the people around him like dogs. They've been stopping passers-by. Tom was in bed asleep. Her handwriting was so tiny it was barely legible. ','Yanni doesn't know how long he will be in Japan. The rise of Russia and China as new superpowers will make the US and the rest of Western countries less arrogant. A common misconception about Christopher Columbus is that he once impressed a tribe of natives by predicting the lunar eclipse. The truth of the matter is that he CAUSED it. Tom won't like what you did. Download and install the application. This song makes me feel nostalgic. Tom treated the people around him like dogs. They've been stopping passers-by. Tom was in bed asleep. Her handwriting was so tiny it was barely legible. Which one of these is the easiest to use? I wonder whether Tom is really drunk. Tom kept talking. The ladies' room is on the third floor. Over the next fifteen years, architects, planners and community developers will work together to transform 346 acres of industrial wasteland into 6,500 homes, two shopping centres, a marina, a primary school and college, and parkland. I know what I want. I wish I had your energy. Tom is still working for us. Tom unlocked the gate. This is the first time I've ever taken the dog out. Sami isn't a friend. Ali is an idealist. Tom is one of the three guys who will have to do that. She usually does that for him. Do you dream in Berber? Did you and Tom go on lots of trips together? Sami is a farmer. I have no difficulty finding people who disagree with you. I am not musical, but I like to sing in the shower. I hope I don't ever need to do that again. The victorious army withdrew from the country. Why does he always behave so badly? What don't you want us to see? I'm sure you have a lot of interesting things to tell me. I think Tom felt a bit threatened. We're just a ball and chain for Sami. That's delusional. Tom is boring the pants off us. Do you think you could help me solve this problem? That's something we can all agree on. Tom has a meteorite collection. This is a post office and that's a bank. I'm the only one who survived. Mary's older than she looks, isn't she? I think we'll be all right. That's a coconut. Let's go outside and play in the snow. That kind of thing happens quite often. I cannot recall Tom smiling. What does all this add up to? These tales have been passed on from generation to generation. Yanni was so devoted to his family. Help me move it out of the way. If you don't want to be alone, I can keep you company. I really thought Tom was happy. I need to do some shopping. I have to conclude this deal within a week. Tom made us do that. Tom usually loses at blackjack. Mennad doesn't really speak Arabic anymore. Do you remember the town in which he was born? Please hold the line. I think you know how I feel about you. How did you hear about this position? You'll come back to see us, won't you? Tom skipped breakfast this morning. It is quite an achievement! Asian stocks were mixed. Sami is also known as Majid. "Situation report." "At present 4 in sight. At most probably 7. Holding small calibre arms." Tom was having a great time. It was clear that Tom didn't know that we were the ones who had done that. Where did you scatter them? We had fish for dinner last night. Would you have a pair in size 42? How many hairs are there in a cat's tail? We're partying here. It was a magical time. Ziri always wore a waistcoat. Tom said that Mary wasn't going to Australia. She has told me she won't win. It's pretty incredible. Why don't we go have lunch? Tilden won more popular votes than Hayes. He's an entertainer, isn't he? Harvesting cork causes the tree no harm. Yanni panicked like a wolf in a snare. One of my brothers lives in Boston. Sami was sick from war. Mary returned the book that she had borrowed from the library. Is it true Tom used to be a professional basketball player? ','TRUE',12,19,5,'2023-2-4 23:45:10');INSERT INTO article_category(articleID, categoryID)VALUES(39,5);INSERT INTO article_category(articleID, categoryID)VALUES(39,6);INSERT INTO article_category(articleID, categoryID)VALUES(39,8);INSERT INTO article_has_topic(articleID, topicID)VALUES(39,25);INSERT INTO article_has_topic(articleID, topicID)VALUES(39,52);INSERT INTO write_article(userID, articleID)VALUES(39,17);INSERT INTO article(articleID, title, articleDescription, body, accepted, nLikes, nDislikes, nComments, postDate)VALUES(40,'Tom and Mary stayed longer than they had to.','I'm sure that Tom and Mary appreciate everything you do for them. It's not hard to find a bench you can sleep on in this city. He only eats lean meats and vegetables. Vegemite is a yeast extract. It isn't funny anymore. The bus turned around the corner. She took a deep breath to calm herself. I don't think I was taken advantage of. If you don't have good ingredients, you can't make good food. Five plus two makes seven. ','I'm sure that Tom and Mary appreciate everything you do for them. It's not hard to find a bench you can sleep on in this city. He only eats lean meats and vegetables. Vegemite is a yeast extract. It isn't funny anymore. The bus turned around the corner. She took a deep breath to calm herself. I don't think I was taken advantage of. If you don't have good ingredients, you can't make good food. Five plus two makes seven. I'm reasonable. Sami wasn't very mobile and he couldn't get out by himself. In water, wood will float and stone will sink. They often break their promises. I'm very lucky to have a friend like you. He's exaggerating. This is the only alternative worth considering. Who is Tom, anyway? Tom's grandmother passed away. "Who are you on the phone with?" "It's my boyfriend." I'm interested in swimming. If you tell a lie enough times, you begin to believe it. What's my prize? Your religion promotes indolence. There was nothing wrong with your car. Young people have new ideas very often. Meet me after class. Nobody deserves to die. Let's not do that again. He said he'd love to go with us. Mary is my spouse, and I am their spouse. Tom was born under the sign of Gemini. Tom said he didn't want Mary to do that. I can't stay long. I have plans. The nurse moved the patient to the top floor of the hospital. I don't think I can do this. I was happy then. He heard her talking on her phone. The soldiers fought valiantly, but finally they had to give in. Wet dogs smell worse than dry ones. Tom has many friends living in Australia. Duct tape fixes everything. She doesn't even remember me. He is the head of the house. I could not make out what he meant. "Is Tom coming over this afternoon?" "I don't know. I'll call him and ask." How soon will the meeting begin? Our granddaughter was born two days ago. It's OK to get angry with God. He can take it. I'll be chopping wood all afternoon. Sami flew through the ceiling. Yanni hit his head. Who paid for these tickets? I waited a whole year for that. I decided not to drink. I knew that Tom would be mad if you did that without him. The old man escaped, but with difficulty. There were many injured people, but hardly any people were missing. You heard what your mother said. The story approximates to historical truth. I doubt that Tom and Mary are still tired. Tom was taken to the hospital for alcohol poisoning. "Jack, at the Thai temple, we meditators use a big empty hall with a hardwood floor. At night, we use candlelight." "What a romantic setting, Sam!" Tom didn't break the law. Tom bought everything he needed in just thirty minutes. Tom decided to sit in another seat. Tom and Mary don't know what they have to buy. Aren't you scared? There's nothing else we have to do. She put it in the box. Tom found these on the porch. He made himself breakfast. Sami is a rude guest. Does it ever happen to you? Tom and Mary told John that they were tired. I plan to go skiing with Tom. All of a sudden, Tom and I were alone. Tom is the son of a race car driver. Sami won't agree with me. Why do you want me to leave? I think that Tom really had to do that. We are all screwed! I enjoy playing table tennis, but I'm not a very good player. Sami picked the shortest check-out line. I can't do anything until this project is done. Tom stepped forward to kiss Mary, but she stepped back. Tom won't want to do that with us. They made temporary camps along the coast. Have you ever wondered if you are getting adequate nutrients from the food you eat? I know all your tricks. You have no idea how important you are to me. My house got broken into. ','FALSE',1,17,18,'2023-2-9 17:1:34');INSERT INTO article_category(articleID, categoryID)VALUES(40,7);INSERT INTO article_category(articleID, categoryID)VALUES(40,5);INSERT INTO article_category(articleID, categoryID)VALUES(40,8);INSERT INTO article_has_topic(articleID, topicID)VALUES(40,48);INSERT INTO write_article(userID, articleID)VALUES(40,19);INSERT INTO article(articleID, title, articleDescription, body, accepted, nLikes, nDislikes, nComments, postDate)VALUES(41,'Tom and Mary did exactly as they were told.','Tom and Mary didn't tell John they were hungry. I figured Tom probably did it. Did Tom say where he was going to sing? I don't want to be involved. I can't defeat the final boss. Ziri feels nervous when he speaks Berber. I was rewarded. Please do it. We Algerians practice a moderate form of Islam. Tom was too proud to ask anyone for help. ','Tom and Mary didn't tell John they were hungry. I figured Tom probably did it. Did Tom say where he was going to sing? I don't want to be involved. I can't defeat the final boss. Ziri feels nervous when he speaks Berber. I was rewarded. Please do it. We Algerians practice a moderate form of Islam. Tom was too proud to ask anyone for help. He pushed the door shut. What do Tom and Mary need most? Ziri hit a pedestrian. I think Tom would be hesitant to do that. Tom gave volleyball a shot, but he didn't like it. We won't be going back to Australia anytime soon. After 1991, Lithuania pivoted towards the West. How is it possible that you've changed so dramatically? We need to find a place to hide. "I've never really been happy," Tom admitted. Fittingly, a baby began to cry somewhere in the background. But how do you know this? I can't agree with you here. If one day you leave, I will be very sad. The stock reached its high point last July. Shine on my brilliant soul. I didn't think Tom would do what you said he did. Tell me a little more about that. A philosopher is, among other things, someone who is never short of an argument. You're the one who has acted inappropriately. Yanni is teaching at the Algiers University. You can suggest some ideas at the meeting. They're paying him a ton of money to do that. Tom wanted to be different. That airplane was not able to depart at the regular time. Keep as many as you need. We're both very hungry. Tom was interviewed for a podcast about his research, but it won't air until October. Tom may not go to Australia with us. When it comes to raw fish, I feel disgusted. In Japan, there isn't any lake greater than Lake Biwa. I think that although the transportation system in Japan is convenient, the cost of living there is not very low. We didn't encourage Tom to do that. Ziri was quite cold. Tom said that he was happy that you did that. Please show me another example. If you disagree with him, he is liable to get angry. Do Algerians buy things on credit cards? How can I ever forgive myself? Tom works as a master of ceremonies on TV. Tom has been teaching me French. How many hours will it take you to get to Boston? I'm glad you're all here. There's a dog sleeping on the porch. You have to brush your teeth before going to sleep! It doesn't matter which road you take, they all lead to the park. Nobody can outdo my generosity, but I am only a little boastful. I wish Tom would stop complaining all the time. Strange to say, all the lights in the house were on, though no one was at home. Sami is not in a relationship with you. Tom cried on the phone. What exactly don't you get? Neither of the two answers is right. I think that Tom is young. Tom didn't understand. Tom couldn't get what he needed. Tom could've survived if the ambulance had arrived a little sooner. I was bored because I'd seen the movie before. Ziri sometimes gets away with doing bad things. Let's spread the map on the table and talk it over. Tom doesn't want me to come to his party. The rice you ate was not cooked enough. You can't be older than me. I know that Tom is a member. I don't think that Tom enjoys hanging out with us. We’ll go on a picnic tomorrow if the weather allows. Tom has asked me that same question many times. She told me she was offended. Everyone stopped talking and stared at me. He's never hunted. "I can see that you have not slept for a night or two," said Holmes, in his easy, genial way. "That tries a man's nerves more than work, and more even than pleasure. " ','FALSE',20,9,13,'2024-11-30 22:27:41');INSERT INTO article_category(articleID, categoryID)VALUES(41,8);INSERT INTO article_has_topic(articleID, topicID)VALUES(41,36);INSERT INTO write_article(userID, articleID)VALUES(41,7);INSERT INTO article(articleID, title, articleDescription, body, accepted, nLikes, nDislikes, nComments, postDate)VALUES(42,'Don't talk to us.','Tom and Mary said they planned to go. I'm afraid that Tom may have gotten lost. It was so terribly hot inside that that woman wore scarcely any clothes. "Whose gloves are these?" "They are Lisa's." Maybe it was you. Tom got a job as a carpenter. The room emptied when the gong for dinner sounded. I'll keep you company. They walked over the mat. Sami and Layla were messaging each other. ','Tom and Mary said they planned to go. I'm afraid that Tom may have gotten lost. It was so terribly hot inside that that woman wore scarcely any clothes. "Whose gloves are these?" "They are Lisa's." Maybe it was you. Tom got a job as a carpenter. The room emptied when the gong for dinner sounded. I'll keep you company. They walked over the mat. Sami and Layla were messaging each other. You need to be more careful. It won't be too long before that happens. Tom was wearing a blue bathing suit. Tom and Mary aren't going to find you. I got pretty scared. That doesn't sound too difficult. Why do people lie? Tom said he didn't know anyone who could fly a helicopter. If you ever plan to do that again, let me know. Tom and Mary said that they like to help others. He wouldn't take his eyes off me. Everyone ignored Tom. Don't worry, Mum. He's not fussy about food – he'll eat anything. Yanni knew that his wife was cheating on him. Algiers needs to become a futuristic city. Tom pretended to be drunker than he really was. Everybody was wearing headphones. I have no faith in a silly superstition. Tom is expected to testify. Tom has a limp. Yanni can't teach Berber. I have to unpack my luggage. I just found out that you used to be a taxi driver. How many minutes does it actually take to do that? Mary says she doesn't think Tom would ever be able to do that. She didn't deny that she did that. Algeria hit the money printing press in 2018. I'd like a gin and tonic. Ziri had a weak little flashlight. She likes me and I like her, too. Tom says he sells about thirty of these a day. Layla chose a beautiful wedding song for her wedding. I come from a broken home. I hope we're not interrupting anything important. The accident was caused by the error on the part of the driver. Tom knew why Mary left Boston. Things have been going great. What is the police doing in my house? The dog pees and poops on pads if his owners can't walk him. The ship came from overseas. I hope what you're eating is healthy. I see they've put you to work. Tom called Mary a couple of times. The boss of this company is such a bitch. Tom's mother gave Tom a bath. It's already Christmas in Europe. Let's ask Tom to leave. "Thou shalt love thy neighbor as theyself" is a quote from the Bible. I understand you wish to contact your husband. I didn't know Tom and Mary were sick. Written in plain English, the book can be read even by you. Tom and Mary exchange an amused glance. Tom and Mary are ambidextrous. He told me that he'd eat lunch with her. I didn't know the performer, but eventually found out who she was. My son surprised me by tidying up his room without being told. And Rebecca said to Isaac: I am weary of my life, because of the daughters of Heth: if Jacob take a wife of the stock of this land, I choose not to live. Here, people speak Berber. I know that you've got more important things to do. Which boy is Masao? We're not supposed to speak French in the classroom. I don't think that Tom is the only one who had to go to the hospital. My friends always say I'm too reserved, but my family always says I'm too boring. Tom said he might cry. What puts you in a good mood? Ziri was holding back tears. We talked about Tom last night. She does it fast. Angola was once a Portuguese territory. His wallet is gone. This film is indeed an enduring masterpiece. I just got done eating lunch. The boy knows how to throw a curve. Tom grew up in Boston. Tom told me he has decided not to do that. ','FALSE',9,4,9,'2023-9-3 9:12:48');INSERT INTO article_category(articleID, categoryID)VALUES(42,9);INSERT INTO article_category(articleID, categoryID)VALUES(42,8);INSERT INTO article_has_topic(articleID, topicID)VALUES(42,63);INSERT INTO write_article(userID, articleID)VALUES(42,20);INSERT INTO article(articleID, title, articleDescription, body, accepted, nLikes, nDislikes, nComments, postDate)VALUES(43,'Tom and Mary looked like they were worried.','I still don't know who I'm going to vote for. I want to be different. One tire looks a little flat. Can you hold on a sec? It's too heavy for me to easily carry. She stood looking at a boat on the river. Tom isn't quite ready to do what you're asking him to do. I need a rarer kanji. Mary knew that she wasn't likely to be chosen. Let's ask her when she comes back home. ','I still don't know who I'm going to vote for. I want to be different. One tire looks a little flat. Can you hold on a sec? It's too heavy for me to easily carry. She stood looking at a boat on the river. Tom isn't quite ready to do what you're asking him to do. I need a rarer kanji. Mary knew that she wasn't likely to be chosen. Let's ask her when she comes back home. "Don't you think Mom speaks exactly like Grandma?" "Yeah, she does. That's because she was raised by her. Yuuto speaks just like his dad, too." I only want them. It's the only thing I can think of. He was a math teacher. Let's see if this makes sense. I wonder whether or not Tom would help me with my homework. I thought for a moment Tom was going to start laughing. Tom isn't sure he ought to do that. Tom doesn't like playing in the sand. Tom is in a bad mood so it's best if you stay away from him. As expected, this was quite tiresome. Algeria has excellent relations with China. This river is dangerous to swim across. Do Tom and Mary need a place to stay? Sami's dog attacked the cat. Algeria will never respect human rights. I hope you'll enjoy your leave. How does the brain work? Sami got some weed. Do you really want to go to Boston? They went to the station. Sami is calling your mom. I'd call Tom Monday evening if I were you. I don't fancy going shopping. Tom hasn't yet told Mary what she has to do. The police kept looking for a stolen article for about one month. He heard her screaming his name. I'm about to make the house more and more passive. People are scared of each other. Sami's privileges were curtailed. Tom is going to need Mary's help. They still haven't done their homework. Tom walked out the door. Tom zoomed around the corner. Fadil was a child who just wanted to be loved. Both Tom and John said that they were in love with Mary. Ziri called for the chef and scolded him in front of everyone. Tom is the host, not a guest. I'm having uncomfortable thoughts about Tom. She's hardworking and dependable. Tom is living with his uncle this year. Tom saw us yesterday. The majority of my patients come to me from out of town. Tom waited in a line for three hours. I really wanted to kiss you. Eventually, the police car drove off. Tom said that he wanted to go to the zoo with Mary on their next date. Betty was the last to arrive. Do you wish that you had more money? Tom really played well. Without hearth or home. I didn't mean to hit you. "What time is it now?" "It's ten o'clock." I ski every winter. I asked Tom and Mary to come yesterday, but they didn't come. "Was the dog under the table?" "Yes." Actually I know him, I just can't remember where from. I was overtaken by the car. With this one exception, it is quite wrong to suppose that a simple culture will also have a simple language. She is able to grasp the situation. Her technique is superb, but she needs to play with more expression. Tom and Mary aren't always late, but they often are. Mary asked me to go to a movie with her. We didn't treat Tom well. Emperor Penguin is one of my favorite bands. He thinks he's tallest person here. He believed in getting up early in the morning. Are you ready to go to the mall? This idiot is out of your life for ever. My body is old but my spirit is young. Who'll go to Boston with you? It would be stupid to do that here. For a comedian, Tom isn't all that funny. Sami asked Layla how she got that diamond ring. You can soften dialysis tubing by soaking it in water. I met a tall man named Ken. ','TRUE',20,1,10,'2024-10-10 1:7:48');INSERT INTO article_category(articleID, categoryID)VALUES(43,7);INSERT INTO article_category(articleID, categoryID)VALUES(43,10);INSERT INTO article_category(articleID, categoryID)VALUES(43,10);INSERT INTO write_article(userID, articleID)VALUES(43,17);INSERT INTO article(articleID, title, articleDescription, body, accepted, nLikes, nDislikes, nComments, postDate)VALUES(44,'Tom said that Mary was strict.','The crowd was screaming. Tom always gets the bus to work. It was at Oxford University that Tom studied history. As far as I'm aware, the rumour is false. How do you learn Esperanto? Tom decided that he wouldn't tell Mary anything about the incident. They silently shook their heads. He has many enthusiastic supporters. Tom did what he was instructed. Give us the keys. ','The crowd was screaming. Tom always gets the bus to work. It was at Oxford University that Tom studied history. As far as I'm aware, the rumour is false. How do you learn Esperanto? Tom decided that he wouldn't tell Mary anything about the incident. They silently shook their heads. He has many enthusiastic supporters. Tom did what he was instructed. Give us the keys. He's writing a book about Islam. I'm sterile. I can walk there in about thirty minutes. Don't let her drink. Where did Tom meet your father? He didn't need to stay, but he did. Mary tried to get Tom to help her. In my opinion, she should've come with us. I shot the horse. The recent shortage of coffee has given rise to a lot of problems. Back when Tom was the manager we'd get out at five most days. The sedative is taking effect. Do you have Russian newspapers? Tom seemed to think we didn't like Mary. Tom's just a luvvy. Algeria produces iron. We know you're in there, Tom. I forced Tom to do that. He sells shoes. We thought it wise not to continue our trip. Sleeping with Ziri was a bad idea. She doesn't stop writing letters. Detective Dan Anderson believed that it was Matt who carried out the killings. I need to finish writing this report by Monday. How is Algeria? That is not what the narrative is about. Cats are silly. Either all or none. Tom is certain he's going to get fired. The truth can't be concealed. Sami rescued a prostitute from a violent client. Her family considers suicide to be dishonorable and selfish. He was born in Nagasaki. Yanni was growing his hair long. I advise you to go home. I was offended by his behavior. Where can you play table football? He told me that he had to leave. Yanni and Skura were both released. I think I heard Tom say that he'd do that. Yanni hit Skura. She participated in the beauty contest. She is in the kitchen because she's making dinner. Ziri was wearing a weird mask. Mary told Tom that she thought he shouldn't go there by himself. Tom has a history of mental problems. I've always wanted to run a small hotel in the mountains. Tom and Mary say they feel like doing that. I've never met a woman as stupid as you. I know Tom knows that we shouldn't do that here. I thought you were going to be here tomorrow. Usually, Tom will eat lunch at the school cafeteria. I wonder how Tom manages to stay so young-looking. He exhausted his strength on the work. There were flies everywhere. I want to learn how to make music well. We understand each other very well. If you talk to a man in a language he understands, it will go to his head. If you talk to him in his language, it will go to his heart. Tom must already be in Boston. I know that Tom is a very close friend of yours. Convincing Tom will be difficult. I was trying to help. Sami took the gun to the police station. I didn't think that would frighten Tom. Life is hard, but good things happen when you least expect them. I hope no one finds out what I've been planning all this time. Only God guides. Tom handed Mary the binoculars. I want to know who sent you. Tom can't do the report without more direction. Yanni slept until about noon. He arrived on Tuesday. No one pays any attention to me. You look like you're hungry. We have a very small, plain house. Sami was born to a Christian household. Wait for the green signal before starting to cross. Does Emily have green eyes? He was angry with his son. Tom felt that there was somebody behind him. I'm not worried about comparisons. Aren't you able to help us at all? Neither Tom nor Mary grew up in Boston. ','FALSE',5,10,9,'2023-9-3 15:49:53');INSERT INTO article_category(articleID, categoryID)VALUES(44,5);INSERT INTO article_has_topic(articleID, topicID)VALUES(44,89);INSERT INTO write_article(userID, articleID)VALUES(44,4);INSERT INTO article(articleID, title, articleDescription, body, accepted, nLikes, nDislikes, nComments, postDate)VALUES(45,'Mennad tried to act friendly.','This is longer than any other bridge in the world. She treated herself to a large dish of ice cream. I was sure she appeared in the movie, but I didn't see her name in the credits. Tom isn't a teacher. He's a student. I had no doubts. There was nothing you could do about that. It was Tom's fault. They showed us their photo albums. When you have some free time, please do that. I also believe that. ','This is longer than any other bridge in the world. She treated herself to a large dish of ice cream. I was sure she appeared in the movie, but I didn't see her name in the credits. Tom isn't a teacher. He's a student. I had no doubts. There was nothing you could do about that. It was Tom's fault. They showed us their photo albums. When you have some free time, please do that. I also believe that. I always carry a bottle of mineral water with me. There! She comes! Never pick up a hitchhiker. This flashlight is getting dim. She baked brownies. What kind of person would do that? His relatives began to keep away from him. Hanging out with Tom was a lot of fun. I'd have to take a look at it first. I think that it's fantastic. I'd like to thank you all for coming. Mennad does not want to go into detail. They explained their reasons to me. He didn't even offer to help her. He applied for a job with the Bank of Tokyo. I stopped smoking and drinking. The future's not what it used to be. There's a possibility that Tom won't want to go to Australia with us. Dinner's getting cold. It's not true that it's Japanese. Do you want to play with my credit card? Tom lied to us. I was thrown out of the classroom by the teacher. Did you get back at them? To the best of my knowledge, he is as good as his word. Do you want to tell me about it now? A telephone is something you can't do without. I am extremely envious of those people. If you could choose one famous person you'd like to spend time with, who would it be? Ziri didn't understand what Rima told him in Berber. Entrust him to me. He is unrealistic. Ziri started to sing along. Tom doesn't usually eat pizza because he doesn't like cheese. We know about her. A cat has nine lives. It's not really much of a problem. He's been dead for seven years. She probably shouldn't do that with him. Tom was charged with attempted murder. Could you send Mary a lily for me? The school year is starting soon. I think they're wrong. He's in Australia, isn't he? Tom said he thinks his parents are going to get divorced. When was the last time you took an afternoon nap? Children ate ice cream on hot days. Her long speech bored everyone. I think that Tom and I could've done that faster by ourselves. Tom doesn't want to watch this movie. I'm making good progress. You're just saying that to make me feel better. Tom said that he doesn't think Mary really wanted to do that. I think that Mary wants me to kiss her, but I'm not sure. In 2013, Tom moved to Boston. Don't give me a call. I went to bed a little later than usual. She said she wanted to retire. What the hell are you doing here, Tom? Tom used to work at the same place that I do now. I've never seen him. I lost a lot of blood. I wish I had some answers for you. Take your seat. Judges on the Supreme Court interpret the laws. I decided not to buy perfume. I wish I knew what it was. Mary has been in love with Tom since the 8th grade. I think you should tell Tom why you don't like Mary. It was a UFO. How tough is that to handle? I've already explained that. I know Tom doesn't know who needs to do that. I decided to go back to Algeria. We'd better not mention it. Who wants to invest in Algeria? What were we doing? Mennad joined that community when he was sixteen years old. I want you to consider the possibility that Tom is right. Tom is likely going to be in Australia next October. I was out of town on an assignment. We must allow for her poor health. ','TRUE',19,3,17,'2023-3-4 23:34:39');INSERT INTO article_category(articleID, categoryID)VALUES(45,6);INSERT INTO article_category(articleID, categoryID)VALUES(45,7);INSERT INTO article_category(articleID, categoryID)VALUES(45,3);INSERT INTO article_category(articleID, categoryID)VALUES(45,10);INSERT INTO write_article(userID, articleID)VALUES(45,12);INSERT INTO article(articleID, title, articleDescription, body, accepted, nLikes, nDislikes, nComments, postDate)VALUES(46,'Sami was arrested and charged with felony murder.','Tom is likely unaware of the problem. Tell her that I am busy. He got to his feet. Tom went to bed at midnight. I'm glad to hear Tom did that. Close it. How would you like it if I called you stupid? Make fascists afraid again. Put it someplace where no one will see it. Some people are very picky. ','Tom is likely unaware of the problem. Tell her that I am busy. He got to his feet. Tom went to bed at midnight. I'm glad to hear Tom did that. Close it. How would you like it if I called you stupid? Make fascists afraid again. Put it someplace where no one will see it. Some people are very picky. I don't remember exactly, but I spent over 1000 euros. Tom said that he doesn't think that you need to do that. I'd say it's tubular, but actually it's totally modular. Tom and Mary don't know where John is planning to do that. He wouldn't even say hi to her. It's a rumor. We are compatriots. Look. My house is cleaner than yours. While we live, let us live. Tom is just trying to make me jealous. He didn't say a word. He went to sleep and never woke up. Tom and I tried to defend ourselves. Mennad is a voice actor. I hope the rent is reasonable. Tom was seen by no one, but he himself saw everyone. Is tomorrow Saturday? I don't know anybody who can speak French. Tom retired many years ago. Algeria needs to lift its people out of poverty. Once attached, the microbe inserts its genetic material, turning the cells into little factories that crank out thousands of copies of HIV. They know they have no choice. She said she couldn't recall. Tom will not do it. What should he do? The audience could hardly wait for the concert to begin. Jim suggested that the teacher might be wrong. He wasn't home. Sami taught Layla how to golf. Hoover won fifty-eight percent of the votes. I spend too much time watching TV. Berber is the historical language of all Algerians. SAFER is worn like a backpack. It uses small jet thrusters to let an astronaut move around in space. Do you ever get mad at Tom? He forgot to rewind the movie. Be on your guard against running into debt. Summer vacation? What does "summer vacation" mean? I did what most people do in that situation. This stretch of motorway has no speed limit. That is a strange sentence. There used to be signs all over America reading "No Blacks, Jews or Dogs Allowed." I tried to distract him, but it was in vain. This shirt is too small for me. I want to go at my own pace. Is that a frog? How did it all begin? Tom has proven himself. She says she wants to buy a present for him. OK, thanks again. Tom is upset by the situation. Tom wasn't sure he had enough money with him. Be kind enough to shut the door. Sami turned around the street. You crushed your enemies. Ziri thanked his daughter. Do you really want to help them? Tom is the manager of our team. Tom shook his head. First, you must protect yourself. Tom has a pet mouse. Tom assumed the train would be on time. You're a good kitty. Has Tom ever asked you to lie for him? I was the last person to do that. Tom doesn't want to work outside. I didn't want Tom to go shopping with Mary. It won't do you any good to talk up your own work like that. Tom and Mary are getting ready to go on their honeymoon. The world didn't end on the day that the cult leader predicted it would. Julie and Steven met at the seaside last year and fell in love. Golden words, in love, do everything. Tom and Mary said that they felt cold. Mary said she doesn't think Tom really wanted to do that. I just found out Tom and Mary are dead. Slavery was not abolished in the United States until 1865. Tom would very likely do that for you if you asked him to. Follow me, please. I almost forgot to do that. He started drinking at the age of sixteen. ','FALSE',6,11,20,'2024-2-2 16:58:14');INSERT INTO article_category(articleID, categoryID)VALUES(46,8);INSERT INTO article_category(articleID, categoryID)VALUES(46,2);INSERT INTO article_has_topic(articleID, topicID)VALUES(46,85);INSERT INTO article_has_topic(articleID, topicID)VALUES(46,5);INSERT INTO write_article(userID, articleID)VALUES(46,8);INSERT INTO article(articleID, title, articleDescription, body, accepted, nLikes, nDislikes, nComments, postDate)VALUES(47,'She likes music better than anything else.','We aren't going to stop them. The sentence contains some serious mistakes. Ziri bought new collars for all of his dogs. You're lucky that you weren't hit. If "pro" is the opposite of "con," what’s the opposite of progress? Can I sit down for a minute? He was standing at the side of the road. I could help you. The Italian language is grammatically difficult. Sami doesn't want his mother to see his tattoo. ','We aren't going to stop them. The sentence contains some serious mistakes. Ziri bought new collars for all of his dogs. You're lucky that you weren't hit. If "pro" is the opposite of "con," what’s the opposite of progress? Can I sit down for a minute? He was standing at the side of the road. I could help you. The Italian language is grammatically difficult. Sami doesn't want his mother to see his tattoo. There is only one course to pursue. You find that amusing? She had to pay her rent yesterday. I didn't have a plan B. Mary told me she knew what to do. Tom's baseball glove was on the dresser. Do you want to grab a bite to eat somewhere? I don't want to interrupt Tom while he's working. This may contribute to the rising incidence of HIV in the over-50 age group. He's playing fetch with his dog. The scientists study the air bubbles in the ice. Berries are rich in minerals such as potassium. He doesn't have enough money. I'm visiting Algeria. I plan to meet Tom at the airport. I often use the knife to cut bread. Hey, I'm still trying. Tom is the one who hit me. Tom pled guilty and was fined $300. What's the first thing you did? Tom was waiting for someone to do that for him, but no one did, so he did it himself. Tom said he didn't want to miss the show. The grass is particularly fresh there. I don't really feel like swimming. He shot twice. The more I study for an exam, the worse I do! I guess correlation does not imply causation. I know Tom knew why Mary was doing that. When I want your opinion, I'll ask for it. He didn't mention why he was looking for her. Mary said she wants to be a mechanic. Are you using the default settings? The book consists of thirty chapters. Their marriage simmered with discontentment and unspoken anger. Tom kept saying that he didn't know what to do. It was a lovely day yesterday. I'll probably do that today. She's very messy, isn't she? Ziri was born, raised and lives in Algiers. Tom always gets what he wants. They asked me to make a speech on short notice. You're the one who said you wanted to come here. I am acquainted with the author. How long do you want to do it for? I keep thinking about you. Maybe Tom doesn't know he's going to be fired. Why do I always have to do everything myself? Ziri realized he was really falling for Rima. She was everything to me. Tom asked Mary if he could watch TV with her. If you have the ability to stop a killer, and you don’t, are you morally pure because you didn’t kill? Or are you morally dirty because you refused to do what needs to be done? The philosopher Socrates discussed death with his friends in prison. We didn't stop singing even though Tom asked us to. We must think about the care of old people. I want everything back to the way it was. Advertising is everywhere. I'll respond to that later. Berber is an official language. Tom is looking for a furnished room close to the centre of town. "May I borrow this pen?" "Sure, go ahead." Tom had been living in New York for ten years before he moved to Boston. Yanni and Skura were both naive. I told Tom that I didn't do that. First the immigrants, then you. Our solidarity is the answer to social cannibalism. The selfish live for themselves alone. I like the way he teaches Berber. They charged me too much. How many times a month do you visit your grandparents? Tom and Mary are both very shy, aren't they? Sami is such a hypocrite. Do you want the same things Tom does? Tom and I'll help you. Do not give your opinion. My brother's room is always untidy. He was desperate to get married. ','FALSE',13,18,4,'2024-12-11 1:58:49');INSERT INTO article_category(articleID, categoryID)VALUES(47,9);INSERT INTO article_category(articleID, categoryID)VALUES(47,3);INSERT INTO article_has_topic(articleID, topicID)VALUES(47,17);INSERT INTO write_article(userID, articleID)VALUES(47,13);INSERT INTO article(articleID, title, articleDescription, body, accepted, nLikes, nDislikes, nComments, postDate)VALUES(48,'This tea tasted better overseas.','I'm going to leave one night earlier than I had planned to. I'm going to have to take that chance. You will accompany the children to school. Just then the two in question arrived at school. Tom's only pretending to be drunk. Ziri is looking at his phone. Forty euros for a scarf? You don't have anything cheaper? Yanni wasn't the brightest kid on the block. If you stuff the box too full, the bottom will fall out. Sami intended to do it. ','I'm going to leave one night earlier than I had planned to. I'm going to have to take that chance. You will accompany the children to school. Just then the two in question arrived at school. Tom's only pretending to be drunk. Ziri is looking at his phone. Forty euros for a scarf? You don't have anything cheaper? Yanni wasn't the brightest kid on the block. If you stuff the box too full, the bottom will fall out. Sami intended to do it. Tom put the car in gear. All right, give me a kiss. He cut his sister a piece of bread. She was beside herself with grief at the news of her son's accident. Sami's dog is so ugly. The habit of smoking is very difficult to get rid of. Go get help. Tom is likely to do that eventually. The scratches on Yanni's windshield have disappeared. Can you sew without using a needle? Tom won't tell me how to do that. What exactly do you know about Tom? Ziri went up immediately. Among very old dogs, up to two thirds of them show signs of dementia. I want a bigger office. The future is no longer what it used to be. Tom and Mary didn't want me to help them do that. You're a vandal! How are things in Australia? You picked the losing side. Tom didn't seem tense to me. Yanni's dark mood was affecting the whole family. We hope to do better this week. Tom hired Mary to babysit his children. Who did Tom go bowling with? Tom might help us with our problem. Where are your people? He does not have a mobile. May God have mercy on you and me. The lights suddenly dimmed. I didn't actually want to do that. I can't stand getting beaten. Can we do it before Monday? Tom's doctor referred him to a cardiologist. What exactly was Bouteflika's ideology? I lived in Tehran. Would you just leave me alone? I was ill at ease because I didn't speak French. I want to give you these. I told you that you'd have a lot of fun, didn't I? He is very kind. "Would you marry me?" "Of course!" "USSR" stands for "Union of Soviet Socialist Republics". My friends are the best! You already know that, right? Jack loves Ben more than himself. Tom knows everybody on his street. Tom was dumped. I wish I could stop thinking about it. I don't know where Tom and Mary want to go. Yanni has already snitched to the cops. He wanted to get in touch with her. She's making herself a sandwich. Someone put something in my drink. Work is a necessary evil. Could you do me a favor? Tom got off his stool. We have a black and a white dog. Muslims are scattered throughout the Russian territory. He epitomizes the American dream. Don't tell me you're getting married! How did you manage to steal so many cats? I've been doing that since I was a kid. My opponent hit a wicked drop shot to save the first match point. I never harmed them. Adjectives in English are often used as adverbs with no change in form. Ziri left the lambs in the flock to wean themselves. I heard you got fired. Tom said that he thought that Mary might need to do that for John. Are you still jealous? Tom is very easy to work with. Tom wants to be first. I wonder how Tatoeba can attract speakers of minority languages. Ziri took a taxi. It seems that he left for school just now. Sami sent Layla's son to an early grave. Tom carefully removed the letter from the envelope. I knew Tom was a lot older than he said he was. But he's still alive? Our teacher said that water boils at 100ºC. I guess that wasn't enough. The woman is rich, but the man is poor. I'm kind of excited about this. Tom said he thought that Mary might need to do that again. Tom kissed Mary on the Ferris wheel. ','TRUE',20,4,20,'2024-2-5 6:25:41');INSERT INTO article_category(articleID, categoryID)VALUES(48,2);INSERT INTO article_has_topic(articleID, topicID)VALUES(48,92);INSERT INTO article_has_topic(articleID, topicID)VALUES(48,84);INSERT INTO write_article(userID, articleID)VALUES(48,7);INSERT INTO article(articleID, title, articleDescription, body, accepted, nLikes, nDislikes, nComments, postDate)VALUES(49,'You can't translate if you don't interpret correctly.','Follow that star. Tom and I were both wrong. Everybody who knew him knew that he did not like Muslims. I'm not going to tell her that. Yanni will be arrested and thrown into an Algerian prison. We are always in some kind of danger. He asked for some romantic advice. They love their families. Robots shouldn't need roborants. Tom was the only one sitting on the ground. ','Follow that star. Tom and I were both wrong. Everybody who knew him knew that he did not like Muslims. I'm not going to tell her that. Yanni will be arrested and thrown into an Algerian prison. We are always in some kind of danger. He asked for some romantic advice. They love their families. Robots shouldn't need roborants. Tom was the only one sitting on the ground. The dog house is in the backyard. Tom stayed longer than was necessary. The course of the ship was straight east. "You were thinking about Tom." "I was not! I was thinking about work." Abdelaziz Bouteflika was popular in Algeria. Tom and Mary started kissing each other. Can you describe exactly what happened? He explained the circumstances to the police. He doesn't go anywhere without his car. I don't like waiting in queues. Whose books are those? The trade balance registered a surplus of $76 billion, with exports reaching $314 billion and imports $238 billion. Don't copy that floppy. I have followed your advice, my dear colleague. "Thank you for the information." "You're welcome!" Thank you for supporting me. Mary is unlike her sister. I hope he comes tomorrow. This department has been very inefficient. Let's go get it. Yanni doesn't eat couscous but that's not a reason to hate him. Take-out meals will be available. I don't eat the apple core. Tom was arrested the same day. He's a janitor. When you smile, I feel like a piece of shit. I see the edge. He didn't want to go to Kabylie. Do me a favor and talk to her. I want to do my homework right now. The shahada is the Muslim testimony of faith. Yesterday, I bought a beautiful and antique tablecloth at the flea market. He's still the same, isn't he? It's a shame to be Russian. Tom dressed up like a dog and started barking at me. The patient is sterile. Have the revelations changed anything? Yanni has a traumatic brain injury. Wash your hands before meals. That could take weeks. He doesn't have the necessary skills for that job. I know Tom doesn't know who's going to do that with us. Would someone mind telling me what's going on? What are some of your favorite things? Tom and I talked about this three days ago. They play tennis as often as they can. That takes skill. Giraffes, zebras, impalas, and elephants are usual neighbors. Yanni told Skura goodnight then rolled away from her. Where did Tom leave his suitcase? Put me on the list. He tied up the dog. No one here can swim. When are you going to tell them? Was it something that I said? "USSR" stands for "Union of Soviet Socialist Republics". The garbage collectors put the garbage into the garbage truck. She is beginning to play the piano. Tom is the only one who can handle this. Is chivalry dead? I wonder who'll tell Mary that she shouldn't be doing that. We must know about it. Not by birth does one become an outcast, not by birth does one become a Brahman; by deeds one becomes an outcast, by deeds one becomes a Brahman. What a cute cat. The influence of the Arabic language is quite evident in the Spanish language. May I have a pillow and a blanket, please? Mary said something, but I couldn't hear what she said. Tom should've paid attention to what Mary said. Let's not eat here. I was afraid that Tom would kill me. How often do you add audio? Yanni will win. Now it happened on a certain day, that Joseph went into the house, and was doing some business, without any man with him: And she catching the skirt of his garment, said: Lie with me. But he leaving the garment in her hand, fled, and went out. Everyone stared at Tom. A lot of students didn't go to school today. I don't want him to see me like this. Tom didn't intend to do that. ','TRUE',17,11,20,'2024-8-16 6:0:29');INSERT INTO article_category(articleID, categoryID)VALUES(49,3);INSERT INTO article_category(articleID, categoryID)VALUES(49,5);INSERT INTO article_category(articleID, categoryID)VALUES(49,2);INSERT INTO article_has_topic(articleID, topicID)VALUES(49,27);INSERT INTO article_has_topic(articleID, topicID)VALUES(49,83);INSERT INTO article_has_topic(articleID, topicID)VALUES(49,3);INSERT INTO write_article(userID, articleID)VALUES(49,12);INSERT INTO article(articleID, title, articleDescription, body, accepted, nLikes, nDislikes, nComments, postDate)VALUES(50,'This is all that I know.','The Algerian government is courting Russia. Let's write Tom a note. Tom has never been back there. Tom was nervous, but Mary wasn't. I would have shown you how to do it right. Tom missed the opportunity. Old people need someone to talk to. Tom used to own a bar on Park Street. I don't want to talk about my past. My watch must be slow. ','The Algerian government is courting Russia. Let's write Tom a note. Tom has never been back there. Tom was nervous, but Mary wasn't. I would have shown you how to do it right. Tom missed the opportunity. Old people need someone to talk to. Tom used to own a bar on Park Street. I don't want to talk about my past. My watch must be slow. I have no money on me. This isn't what we were hoping for. He looked like he was overwhelmed. Coaches need to learn to be coaches. This is where the believers perform their ablutions. I doubt Tom would want one of those. I expect Tom to be back by 2:30. You should attend to your own business. I know that Tom wouldn't be forgiven for doing that if he weren't so young. Tom was looking for the entrance. Sami started remembering stuff from around that time. That's not what I mean. We're jealous. Is this Tom's chair? They lived in Algiers. He was forced to make that decision. Tom liked the movie a lot. Don't you feel a little out of place? He has square shoulders. You talk fast. Tomorrow will be the day of truth. Shivaji founded the Maratha Empire, and his first Peshwa was Moropant Pingle. Tom has refused to do what we've asked him to do. What more would you want? I heard him cursing in Berber. Create a mind map. Mary was desperate for attention. Mary is doing her part. Sami is a US citizen. Yanni and Skura have been busy all month. What is the meaning of meaning? We're free men. This car used to be Tom's. I'm having trouble with this. Mr. Jackson might be our teacher next year. Careful what you say. Two hands do everything, one hand does nothing. When it comes to staying young, a mind-lift beats a face-lift any day. I'm not going to Tom's. I wish Tom would help Mary with her homework. Yanni had that gut feeling that he was living the last minutes of his life. How long did it take you to translate this book? Tom isn't very pleased with the results. Are you free tomorrow too? Tom probably isn't going to come by taxi. Tom isn't the only one wearing a suit. Tom is kidding, of course. Am I the only one who doesn't know how to do that? Tom said that he expects to do that on October 20th. I think I know a way out of here. I hope that we can get away with this. I hate translating. Cars repressed cycles. Sami stopped using drugs. No need to call the authorities. Nothing happened. Tom doesn't like to be touched by anybody. Exactly what was supposed to happen? I've got to leave town. I love gardening. Who's your favorite author? Tom got his hair cut recently. I knew Tom would be able to do that if he really wanted to. The ghost returned to haunt that house. Tom can't walk any more. The barn's roof collapsed from the weight of the snow. Mary made me swear not to tell anyone. She said she needed to take a nap. I've locked myself in my room. Have you ever read the Quran? Tom ate. Mennad walked home. You should arrive at school before nine. They'll get married sooner or later, I think. Generally speaking, the errors in religion are dangerous; those in philosophy only ridiculous. There's no cloud up in the sky. You'd better have the land surveyed before you decide to build on it. I heard that you want to learn French. Tom intends to visit Mary on Monday. Ziri was just working to support his mother. This is a cavern. Has anything been unclear so far? Sorry. I don't have a car. Aged people like to keep the world the way it is. On the other hand young people love to change the world. I'll give you this pendant. Beowulf killed Grendel with his bare hands. ','TRUE',7,10,1,'2024-6-27 19:31:18');INSERT INTO article_category(articleID, categoryID)VALUES(50,4);INSERT INTO article_category(articleID, categoryID)VALUES(50,8);INSERT INTO article_has_topic(articleID, topicID)VALUES(50,82);INSERT INTO write_article(userID, articleID)VALUES(50,8);INSERT INTO article(articleID, title, articleDescription, body, accepted, nLikes, nDislikes, nComments, postDate)VALUES(51,'Indians and Russians are our friends.','What's it for? He said he had to walk home. I remember my students days. I've fought a good fight. What goes on in here? Tom wants to know if you're taking anyone to the dance on Friday. Are Tom and Mary prepared? The cat is on the mat. Kabyles are traditionally a tight community and they don't like traitors. Therefore, the separatists have no future in our region. The river flows calmly. ','What's it for? He said he had to walk home. I remember my students days. I've fought a good fight. What goes on in here? Tom wants to know if you're taking anyone to the dance on Friday. Are Tom and Mary prepared? The cat is on the mat. Kabyles are traditionally a tight community and they don't like traitors. Therefore, the separatists have no future in our region. The river flows calmly. Why are you alone? Tom and Mary live in a very nice house on Park Street. Tom and Mary were dating. The decayed tooth came out on its own. How many temples are there on this island? Laughter is the best medicine. All these books were organised by category, without regard to language. What took Ziri so long? Whose turn is it? I don't think Tom knows exactly what he should be doing. Thrust is how much push a rocket can give. I'm changing my clothes. I understand the risk. The youth in Malaysia really like Korean and Japanese celebrities. They use neither tables nor chairs. I suppose you don't watch very much television, right? Fadil asked Dania to rob for him. Eris is the most massive dwarf planet in the solar system. Everybody suspected him of bribery. I know Tom knows that Mary's not supposed to do that. I urinate very little. This is the worst accident that I have seen so far. It's likely Tom is still sick in bed. Are there any Turkish restaurants in Algeria? Tom can't get a drink in this club because he's underage. I thought that I'd go fishing. As a society, there are really three blending elements in the Philippines: the Sundadonts, the Sinodonts, and the Caucasoids. My family is such a blend. Mongoloids really comprise three variants: the Sundadonts, the Sinodonts, and the Super-Sinodonts, these respectively being the Pacific Islanders, the East Asians, and the Amerindians of the Americas. The Filipino Caucasoid element is commonly Mediterranean. There are four human subspecies in my preferred model of anthropology: the Mongoloids, the Caucasoids, the Negroids, and the Australoids. Caucasoid has variants Nordic and Mediterranean; Negroid has variants Congoid and Capoid; and Australoid has variants Veddoid, Negrito, Papuan, Melanesian, and Aborigine. Migrants into the Philippines might have carried various bits of other strains. For example, Super-Sinodonts, Amerindians, might have reached the Philippines with the Manila-Acapulco Galleons during the Spanish Empire. All guys are the same. That painting is beautiful, and so is this one. He told me that he's cold. I could see that she hated me and feared me, and when the thought of it drove me to drink, then she despised me as well. Tom said that he wouldn't help Mary anymore. Have you ever tried skateboarding? That's not my only worry. I thought you'd like it, too. Mennad was smiling. There is a dead dog in there. How did you get down here? You're so dramatic. The economy was in a pathetic state. Does Tom really need to go to Australia? He won't likely kiss her. If you wish women to love you, be original; I know a man who used to wear felt boots summer and winter, and women fell in love with him. I was tired from watching TV. Sami told his ex about it. I want to become a boy, no matter how hard it is. I thought that Tom said he needed to buy a shovel. I think Tom is pretty good at baseball. It was a present from my son. Tom and I both know Mary. I have a backache. How many times have Tom and Mary done that to you? Ziri has been sneaking into the mansion. I'm also learning Amharic. I've had this umbrella for a long time. Mary let Tom read her diary. We went for our walk and held hands. Tom doesn't know where his sunglasses are. I don't think I'll have to do that by myself. He didn't accept the gifts. Mary told me that she was puzzled. What is freedom of panorama? ','TRUE',12,19,2,'2024-8-24 2:42:7');INSERT INTO article_category(articleID, categoryID)VALUES(51,6);INSERT INTO article_category(articleID, categoryID)VALUES(51,1);INSERT INTO article_has_topic(articleID, topicID)VALUES(51,12);INSERT INTO write_article(userID, articleID)VALUES(51,19);INSERT INTO article(articleID, title, articleDescription, body, accepted, nLikes, nDislikes, nComments, postDate)VALUES(52,'I have already read the book several years ago.','Please do visit us sometime. I was born in a mountainous area. I didn't actually do that myself. Can you tell me why Tom came back to Boston? Maybe you're doing that wrong. She doesn't have any deep convictions. We haven't yet decided what to do with it. I don't think Tom is lazy. Tom should come, too. As soon as he has the money, he'll buy a truck. ','Please do visit us sometime. I was born in a mountainous area. I didn't actually do that myself. Can you tell me why Tom came back to Boston? Maybe you're doing that wrong. She doesn't have any deep convictions. We haven't yet decided what to do with it. I don't think Tom is lazy. Tom should come, too. As soon as he has the money, he'll buy a truck. Tom isn't as old as I thought. I've been looking forward to it. Tom and Mary said that they disagree. I didn't deny that I was the one who did that. This kind of hat started to be worn in the early 1800s. Tom and Mary say that they aren't done yet. Tom didn't know he wasn't supposed to do that today. I'm sure we'll be able to do that. Don't worry, I'll do it myself. Tom and Mary were shocked when I told them what I planned to do. He can't do anything by himself. I thought that you said that Tom was a mechanic. Are you trying to provoke me? I shop at department stores and supermarkets. I'll contact Tom. She sometimes fakes her orgasms. Tom worked in Boston for a long time. Sami doesn't know a lot about Layla. Tom may never be the same again. Tom took a yoga class with Mary. Mennad was sitting there. People of privilege will always risk their complete destruction rather than surrender any material part of their advantage. Intellectual myopia, often called stupidity, is no doubt a reason. But the privileged also feel that their privileges, however egregious they may seem to others, are a solemn, basic, God-given right. The sensitivity of the poor to injustice is a trivial thing compared with that of the rich. There is a museum just north of the zoo. Tom told Mary that he'd never be coming back here. We've kept it a secret from Tom. I get your message. Mary said she'd never do that. I lost the job that I had in Australia. Tom said that Mary is unbiased. "Tom will likely be late." "I think so, too." I haven't seen Tom since he and Mary got divorced. I was having a bad day. Algeria's strong growth did not continue. Is there room for improvement? Ziri was traded to another team. I wonder if I can still run when I am hurt. Yanni has a lawyer. Tom wanted to open the box. I would've never guessed Tom was from Australia. No matter how busy Tom gets, he never forgets to write an email to his mother at least once a week. Ziri was completely ruthless. I'm sure Tom doesn't want to be alone on Christmas Eve. I don't have a dog now. An octopus inks away when in fright. Tom was so drunk he had to walk with a hand on Mary’s shoulder to keep from falling. Do you sometimes wear a hat? When water is heated, it turns into gas. I know that Tom would get mad if you did that. He said he would do that for me. I admire Tom's talent. "You're hiding something." "No, I'm not." The meathead flexes in the mirror. The light goes on and off. Tom and Mary said they were ashamed. Ziri was nervous about it. I know Tom saw us doing that. Sami said something around those lines. Sami testified against his stalker. Tom's hands were behind his back. I want Tom to know that I didn't do that. Tom said he thought that Mary would be alone. It looks like you're tense. My last name is Patel, yes, but I'm not Gujarati. Finishing this job by Monday will be easy. How do you work this machine? She says she has no idea what happened to him. Does Tom teach French? We're fairly fast swimmers. You should have paid more attention in physics class. This isn't exactly what I was looking for. I know Tom has started to do that. Tom went to school by taxi yesterday. ','TRUE',18,11,1,'2024-8-30 3:4:8');INSERT INTO article_category(articleID, categoryID)VALUES(52,10);INSERT INTO article_category(articleID, categoryID)VALUES(52,9);INSERT INTO article_category(articleID, categoryID)VALUES(52,5);INSERT INTO article_category(articleID, categoryID)VALUES(52,7);INSERT INTO write_article(userID, articleID)VALUES(52,18);INSERT INTO article(articleID, title, articleDescription, body, accepted, nLikes, nDislikes, nComments, postDate)VALUES(53,'Algeria can become a developed nation.','I hear Tom and Mary are getting divorced. There is no freedom for the ignorant. I didn't know Tom and Mary were going to go to Harvard. Tom is such a moron. I wish we could be of more help. I kept my promise. Tom would never go swimming by himself. Ziri never reported that to the police. We all lived together in a one-room cabin. Are you going to marry him? ','I hear Tom and Mary are getting divorced. There is no freedom for the ignorant. I didn't know Tom and Mary were going to go to Harvard. Tom is such a moron. I wish we could be of more help. I kept my promise. Tom would never go swimming by himself. Ziri never reported that to the police. We all lived together in a one-room cabin. Are you going to marry him? There is a highly dubious award for particularly dog-hating acts. He's on his way now. You talk about Tom as if he was a complete idiot. Yum, black forest cake! He's Canadian. Don't hug the inside of the curve. A white cloud is floating in the blue summer sky. I met somebody who knows you. I had never been kissed like that before. My father quite likes pizza. I'm going to have to do that by myself. I think it'll be faster to get to school by train than by bus. Tom was killed by a land mine. Fadil has no intentions of marrying Layla. I had a very tight schedule last week, but this week I'm relatively free. When I get up tomorrow morning, the sun will be shining and the birds will be singing. Many causes produce war. There are ancient hatreds, turbulent frontiers, the "legacy of old forgotten, far-off things, and battles long ago." There are new-born fanaticisms. Convictions on the part of certain peoples that they have become the unique depositories of ultimate truth and right. Zero comes before one. Is God gay? Tom didn't want just any car. He wanted his grandfather's car. I don't think doing that would be fun. His invention deserves notice. Mary threw her helmet to the floor and unbuttoned her jacket. Petroleum was replacing coal as fuel. Tom tried to prise open the box. Surprising, isn't it? Give me your best smile. Tom wants me to give up. Sami is not a magician. Tom and Mary should've done that themselves. Computers seem to play the role of the human brain, so they're often called "electric brains". Tom and Mary seem happy together. Ziri asked Yazid if he could borrow his shovel. Whichever route you take, you will get there in time. I had everything I needed to be happy. Tom is himself again. Santa Claus came into the house through the chimney. Yanni got prepared. Rhinoceroses are large animals. Tom and Mary are tired. She told me she felt seasick. Cut the talking and listen. With hunger and fatigue, the dog died at last. This store closes at nine in the evening. I'm not sure what happened. The curry at this restaurant is good. Tom is quite heavy. Is that the best you could come up with? Around half of humanity relies upon water and rivers that originate in the high mountains. And, so this is used for irrigation. It is used for power production, hydroelectricity. It is used for our urban and community water supplies and it provides essential water for ecosystems from the mountaintop down to the sea. I don't know much about gardening. I'd advise you to stick to your principles rather than give in so quickly to her demands. Leave us alone, please! The train has not arrived yet. He struck me in the face with his fist. I think that Tom didn't go to Boston. Is there anybody who doesn't love me? I don't think there is. Please fold your clothes. We have to report to the immigration office. That's not all we had to do. From this point of view, a thousand years is a very short time. I don't have initiative. Tom told me he planned to rob a bank. Tom said he didn't have any fun doing that. Tom is wearing a new suit, isn't he? I am determined to make a living as a playwright at all costs. William was an accomplished musician and a conductor. He gave Caroline voice lessons and trained her in mathematics as well. Stop scowling. Tom may be cooperative. ','TRUE',8,20,2,'2024-12-18 15:35:55');INSERT INTO article_category(articleID, categoryID)VALUES(53,3);INSERT INTO write_article(userID, articleID)VALUES(53,1);INSERT INTO article(articleID, title, articleDescription, body, accepted, nLikes, nDislikes, nComments, postDate)VALUES(54,'Ziri stabbed at Rima but she jumped out of the way.','Tom wanted a picture taken of the damage done to his car. My dad is a stubborn man at his job. Nice costume. That's really bad. There is a tourist office near the hotel. He insisted that he acted alone. Call Tom, but don't tell him what really happened. Tell him it was an accident. Sami touched me. Tom took Mary's empty glass from her hand and refilled it. Tom learned how to do that a few years ago. ','Tom wanted a picture taken of the damage done to his car. My dad is a stubborn man at his job. Nice costume. That's really bad. There is a tourist office near the hotel. He insisted that he acted alone. Call Tom, but don't tell him what really happened. Tell him it was an accident. Sami touched me. Tom took Mary's empty glass from her hand and refilled it. Tom learned how to do that a few years ago. You should give this task to some other person. I had a crush on my French teacher when I was in high school. Sometimes, I sleep on the couch. I've got plenty of money. We're sort of busy here. It would've taken me longer to do that. Tom expected it to cost a lot more. Tom might still have a chance. Tom lives above his means. Tom was sleeping when I looked into his room. Are you having fun with that? Tom pulled the nail out of the board. Tom doesn't snore. Ziri was not drinking. Tom wanted to be an astronaut when he was young. Tom said I sounded angry. Maybe you should tell Tom that. Mary can do that with her bare hands. I never go out anymore. His kindness touched my heart. Yanni founded a cult and wanted his followers to pray to him. Is Assange being tortured? I hate to bother you, but would you mind closing the door? He made a sand sculpture. Only your stubborn opinions have to be listened to. I thought so. Tom should be home by now, but he's still at his office. I don't enjoy talking with Tom. Algeria's economy is in a process of recovery. You have confused the students. Tom will swim. Who taught you how to play the piano? I'm still not used to living in Boston. Mary is hourglass-shaped. Yanni's clothes were torn. I was screaming. Tom was nice, but Mary wasn't. I don't like paying taxes. Bad money always comes back. Mary said that she was very tempted to do that. Sami's skin began to peel off. Can I talk with Miss Brown? Don't you have the second volume of that work? Tell us about your new book. Tom is clearly upset. Sami will tell you about this later. Let's put this cat out of its misery. What's the forecast for tomorrow? What's your favorite non-Google search engine? Terrorists were everywhere. Central to this issue is the problem of modernization. The capital of my country is Brasília. You and I have to talk. I actually voted that I'm not a perfectionist, though. I have some of the signs on the list to a high degree but I'm not entirely motivated by perfection. Ziri also went to the mountain. The battlefield was full of the dead and the dying. The students presented their teacher with a gold watch. See you all soon. Around the town's perimeter, the residents constructed a wall with four gates. Through the gates, roads led east, south, west and north. That's not something I thought I'd ever say. Sami stayed put until the storm was over. I would really like to see you. He seemed awfully cagey when I asked him what he needed the additional supplies for. I know you must be busy. You need to start meeting women. We will leave as soon as Tom arrives. Nobody liked Tom and me. The hackers hacked into Tom's car and made it go haywire. He seems cheery but, on the contrary, he is sad. To the white glass, I added glass of various colours, producing a pretty feel. Do you think you could make a little less noise? Let's go somewhere, Tom. Tom wanted to be like John. Tom was charged with obstruction of justice. He helped himself to a cup of coffee and a donut. He tends to bore people with his stories, which are notorious throughout the city. Tom isn't likely to be through doing that. It isn't Tom who wants to do that. It's Mary. You're not giving me what I need. ','FALSE',16,19,8,'2024-4-27 5:36:17');INSERT INTO article_category(articleID, categoryID)VALUES(54,10);INSERT INTO article_has_topic(articleID, topicID)VALUES(54,8);INSERT INTO article_has_topic(articleID, topicID)VALUES(54,4);INSERT INTO write_article(userID, articleID)VALUES(54,19);INSERT INTO article(articleID, title, articleDescription, body, accepted, nLikes, nDislikes, nComments, postDate)VALUES(55,'We're here to help Tom.','The house was destroyed by a tornado. Both Tom and Mary lived in Boston when they were children. Tom kicked Mary's dog. He is likely to win the game. I am tired like a dormouse. Sami is Hispanic but he's a black guy. He called out for help. What makes you think Tom and Mary like you? Thieves broke into my house and stole my jewelry. Sami put the pictures up on Instagram. ','The house was destroyed by a tornado. Both Tom and Mary lived in Boston when they were children. Tom kicked Mary's dog. He is likely to win the game. I am tired like a dormouse. Sami is Hispanic but he's a black guy. He called out for help. What makes you think Tom and Mary like you? Thieves broke into my house and stole my jewelry. Sami put the pictures up on Instagram. Mennad didn't give Baya hours. Tom knows more than you think. I believe this man is lost. I've had some concerns. "Whose bicycle is this?" "It's Tom's." Sami's daughter was six. Has Tom ever talked to you about me? You're acting like a spoiled brat. They said they wanted to study French. A calendar is available. We've only got three days left to get this done. We should ask Tom and Mary what they think we should do. Do not interrupt me while I am speaking. And nobody helped you? Tom isn't a slow learner. Sami has made his choice. Both my mother and father are dead. Tonight will be fine. Let's make it for 6:00. How long did Tom and Mary say they were in Boston? Children like to explore. This can be dangerous. He will either come or call me. Will you help me take the suitcases down from the rack? Maria does not think of success anymore. Our guide misinformed us about the location of the hotel. Sami and Layla didn't have any money. I think that the problem is here. I know Tom will be able to do that. Tom suggested that we go out to eat. Tom's unexpected death devastated his work colleagues. It's not just Trump; it's the entire philosophy that underpins the—I'm going to say something, it's like semi-fascism. I don't think Tom and Mary know how worried I am. Ziri became an inspector. I know that you worry about Tom. There is a laptop on the table. What did Mary say she expected us to do? You and he have to do the job. Tom thinks Mary knows what to do. Do you think you can do that without any help? The study says that one-third of the 250 million people living in the mountains live on less that $2 a day. Yanni started to wake up. Tom is a very warm person. And Malaleel lived sixty-five years and begot Jared. I know that Tom doesn't know who's going to do that for him. It is one o’clock. When the number 21 is divided by 7, the result is 3 Not all Israelis hate Arabs. The donkey was galloping. Tom and I have to do something we don't want to do. Tom certainly seems to be good at playing the guitar. I had a little chat with John after the meeting. I've seen Tom swim. Both Tom and Mary were wearing seat belts. Yanni used Skura to come to Algeria. Tom was heading down a dangerous path. Tom is going to go there with me. Tom took another shower. Eugene! My poor Eugene! Open your eyes and look at me! Why don't you answer? Mary said she thought Tom would be the next one to do that. She looks like she's prepared. If doing that had been important to me, I would've done it. The cop was shot on his beat. The last bus had already gone when I got to the bus stop. Mennad was stealing stuff. People really feared him. If you had helped me, I should have succeeded. We chose not to do that. Are the rules the same for everyone? She's supposed to be on maternity leave. Tom seems to be happy and excited. What is the first rule? He started meeting that Muslim girl more. I couldn't be any more grateful than I am right now. Tom looked very young. They have a great manager. I guess all I need is a little rest. He says he'd rather go home. Do you know who directed this movie? ','TRUE',18,18,19,'2023-6-14 3:29:52');INSERT INTO article_category(articleID, categoryID)VALUES(55,6);INSERT INTO article_category(articleID, categoryID)VALUES(55,2);INSERT INTO article_category(articleID, categoryID)VALUES(55,5);INSERT INTO article_category(articleID, categoryID)VALUES(55,2);INSERT INTO article_has_topic(articleID, topicID)VALUES(55,44);INSERT INTO article_has_topic(articleID, topicID)VALUES(55,38);INSERT INTO article_has_topic(articleID, topicID)VALUES(55,100);INSERT INTO write_article(userID, articleID)VALUES(55,17);INSERT INTO article(articleID, title, articleDescription, body, accepted, nLikes, nDislikes, nComments, postDate)VALUES(56,'Tom looks incredible.','Glory be to God. Who wants pie? He is fond of fishing. Sami and Layla decided to split up. Tom sat down at the counter and ate a tuna fish sandwich. I thought that you said that you didn't know anyone in Boston. Have you started to study for your exams? You're a wrongdoer. I don't know where we'll be living next year. Do not open the door. ','Glory be to God. Who wants pie? He is fond of fishing. Sami and Layla decided to split up. Tom sat down at the counter and ate a tuna fish sandwich. I thought that you said that you didn't know anyone in Boston. Have you started to study for your exams? You're a wrongdoer. I don't know where we'll be living next year. Do not open the door. Tom's lawyers say he was framed. He and I both glanced at her. His delay admits of no excuse. Baya braided Lidya's hair. The man we saw kicking the dog wasn't Tom. You'll probably get fired if you do that that way. I hit my foot against the door and hurt a toe. Dude, you can't just go up to a woman and grope her. That's sexual harassment! Tom asked Mary to come over and help. I thought he was loaded with cash? Prolonged lockdowns risk causing more suffering than the killer virus itself. Prakash comes from the East. I'll think it over and give you my reply tomorrow. "Tom, aren't you hot with long sleeves?" "It's better than freezing." "Really? Wow." I was hoping this would happen. Some think that the point is that people on the Lojban word contribution website should promote their own culture and not be proxy for other peoples' cultures. It looks like it's for the smart and rich. Fadil told Layla to follow him downstairs. Macaws are varicoloured birds. Can I borrow your jump drive? After closing the bar, Alfredo started counting out the register to see the day's winnings. A catamaran is unlikely to be capsized by wind, but a big enough rogue wave can do it. My heart is hurting. She wanted to be a veterinarian. Warren Harding won the election. No cash was taken. Where can we get something to eat? I'm learning my Berber vocabulary. There's absolutely no reason not to do that. In order to finance the war, bonds are issued. This book is too easy to translate. Mary ran like a young gazelle; Tom went panting and wheezing in her wake. I should've told him earlier. I'm just waiting for her. It might not be easy to do that. Tom does not know the truth. We're proud of our father. The spine is made up of twenty-four bones. My car is under repair. I wasn't very worried. Ziri left his money at home. Soap, please. You can't drink seawater because it is too salty. I don't understand why anyone would do that. Where did Tom get this money? I don't think Tom knows who to give that to. Tom's attempts to woo usually fail. I haven't got to leave yet, but I'll need to get going by half two. I know Tom knew that Mary shouldn't do that by herself. He thought that he heard a noise. I think that Tom is having a hard time doing that. She told me she's unimpressed. I am very pleased to hear of your success. He works at the bank. They said they were really busy. I should be back in two to three weeks. He said that he was going to help. I wouldn't be able to explain it to you as well as Tom could. The lawyers argued the case for hours. Ziri loves fishing. Tell Tom we'll be ready. Tom is the only Canadian living in our neighborhood. The children built a sand castle on the beach. I know Tom didn't know why you wanted him to do that. This might work. I know that Tom didn't know how long it was going to take to do that. They fell asleep cuddling on the sofa. Yanni had so many things swirling in his head. Tom believes in Feng Shui. Sami had a racist roommate. We all hate Tom. Tom said that I shouldn't do that. Sami can only use this bathroom. Let's see what we can find in the night sky. It's only illegal if you get caught. ','FALSE',17,2,7,'2024-10-31 1:8:50');INSERT INTO article_category(articleID, categoryID)VALUES(56,3);INSERT INTO article_category(articleID, categoryID)VALUES(56,6);INSERT INTO article_category(articleID, categoryID)VALUES(56,1);INSERT INTO write_article(userID, articleID)VALUES(56,11);INSERT INTO article(articleID, title, articleDescription, body, accepted, nLikes, nDislikes, nComments, postDate)VALUES(57,'Tom was allowed inside.','Do you accept the Visa card? He died from a jellyfish sting. Tom made himself a peanut butter sandwich. The higher you go, the lower the temperature. He took out his fountain pen. I wish Mary wouldn't do that by herself. Who will write the report? I don't know who Tom is going to go to Boston with. I admire your writing. Martial law has been declared. ','Do you accept the Visa card? He died from a jellyfish sting. Tom made himself a peanut butter sandwich. The higher you go, the lower the temperature. He took out his fountain pen. I wish Mary wouldn't do that by herself. Who will write the report? I don't know who Tom is going to go to Boston with. I admire your writing. Martial law has been declared. We've done that before. I'm not sure about my writing skills but if it is needed I will write that text for you. There are a lot of different people in Europe. China is bigger than Japan. Some people are just born ugly. I have kept a diary in English these ten years. Tom said he couldn't remember where he'd parked the car. They're actually quite decent people. They have given an answer to every question. Did you know Tom was going to Boston? Mary said she probably wouldn't win. They're all college students. Are you afraid of the sea? He wasn't the first boy to kiss her. Is this your store? In the pine forest one can see single-file lines of processionary caterpillars in springtime. We should go to bed early tonight. Tom has started writing another book. I read the note and immediately noticed that she had him written under the influences of strong emotions. Since I will see him tomorrow, I can give him a message if you want. Are we a dream in the mind of a deity, or is each of us a separate dreamer, evoking his own reality? Ask Mary where she lives. It only shows you're not a robot. Yanni says this is doable. Yanni fought the gun out of Skura's hands. Tom could be curious. Tom wasn't afraid, was he? Emails have started suddenly disappearing from my inbox. Tom didn't know the car he bought had been stolen. I told Mary I wanted her to teach me how to do that. Give me a few minutes and I'll find out what's going on. Why didn't you stay with us? How do you think it made me feel? She is really into knitting. You are opening the window. True separatist activists are very few in Kabylie. Most of those you see in their now rare rallies are people who would take part in a separatist rally this minute, and in the rally of another political party the next minute. Sami's secrets were exposed. Sami took the baby off the bed. Don't call me Uncle. You make me feel so old. Yanni can stay home. Tom and Mary are supposed to work together. We were huge wimps. We need a hand. Tom admitted that he was very tired. Goodbye, my dears! How about six? Take a chance on me! I don't think Tom would allow Mary to do that. Ziri understands. Traditionally, the patty goes between the hamburger buns. I had no time to eat. Yanni traveled to Algeria with his new bride. Tell me your needs and I'll tell you my price. That sounds wrong to me. This is still not good enough. She told me she was wrong. Yanni took a nap in class. Yanni placed the jack under the car. Tom and Mary engaged in friendly banter. Tom is planning to have a Christmas party at his house on Christmas Eve. I enjoy reading murder mysteries. Mary must've been very tired when she got home. My friend is driving me to practice this weekend. You are to blame for the accident. Shut up or I'll give you something to cry about. Ziri's order arrived. Just kill me and get it over with. I have no idea why you want to part with that. Humans are social animals. Yanni is learning how to use that tool. In 2010, five people died and 150 were injured by falling icicles in St Petersburg, Russia. Tom is writing an essay. Some people just want to see the world burn. That was of great help to me. ','FALSE',13,15,10,'2023-4-24 23:23:0');INSERT INTO article_category(articleID, categoryID)VALUES(57,5);INSERT INTO article_category(articleID, categoryID)VALUES(57,3);INSERT INTO article_has_topic(articleID, topicID)VALUES(57,84);INSERT INTO article_has_topic(articleID, topicID)VALUES(57,61);INSERT INTO write_article(userID, articleID)VALUES(57,4);INSERT INTO article(articleID, title, articleDescription, body, accepted, nLikes, nDislikes, nComments, postDate)VALUES(58,'Tom carefully tuned the old violin.','There were no computers in the office. I'm happy to hear that you're doing well. Strange to say, she knows the fact very well. There are large houses along the street. Sooner or later, the truth'll come out. The bullseye in Yanni's windshield is very hard to see. He may do that anywhere he chooses. Tom told everybody he'd seen that movie three times. Morocco announced it was breaking its diplomatic ties with Iran. He said he'd rather not go home. ','There were no computers in the office. I'm happy to hear that you're doing well. Strange to say, she knows the fact very well. There are large houses along the street. Sooner or later, the truth'll come out. The bullseye in Yanni's windshield is very hard to see. He may do that anywhere he chooses. Tom told everybody he'd seen that movie three times. Morocco announced it was breaking its diplomatic ties with Iran. He said he'd rather not go home. It has been two months since she went to see the doctor. I raised a couple of kids. You're perfectly normal. Tom asked me not to do that anymore. Were you there when Tom was arrested? The dog is lethargic and feverish. I think that Tom knows how to play this game. He has three kids. They said they felt like getting drunk. She had planted roses before he came. Ziri improved a lot. They told me that they didn't need my help. The operation is accompanied by a lot of pain. Russia has stopped deliveries of gas to Ukraine. Your opinion is worthless. Could you please wait here? Tom is washing the dishes, isn't he? Tom asked us to follow Mary. It's probably Tom. Oleanders require little care. My head hurts. Have you got any headache pills? I can't find them anywhere. I tried speaking French to them, but they didn't seem to understand me. This molecular structure is unlike anything I've ever seen. No one else has one of these. I looked for someone to take her place. "Washboard abs" sounds better than "clearly-defined rectus abdominis muscles". Get out of my house and never come back. We both know Tom lied. We really had a hell of a time getting up to the 20th floor of this building. I'm pretty sure Tom and Mary are sincere. Tom tied the balloon to Mary's wrist. I think Tom is back. How has Tom been? Yesterday, they were in our garden. Yanni never called Skura again. Sami is scared of everything. Some people are afraid of bats. "May I park here?" "No, you must not." Yanni got Skura in bed. Tom and Mary say that they won't come to our party. You need nine hours of sleep! You are a real groundhog. Have a nice trip! I'm not a nice person. Tom had every right to complain. I've learned to speak Berber. Will you play the tape? I need space. Sami was looking at Layla like she was crazy. Logical thinking isn't my strength. Little birds sing merrily in the trees. I didn't actually do anything. I didn't know you'd be here until Tom told me. But it is better to stay at home. Who did Mary say she saw kissing Tom? Tom said that he's already talked to Mary about that. Do you know how Maria's leg is? Are they talking about you? That's what I pray for. Sami could hurt Layla. Do you want to know why Tom quit? Will anybody stop human trafficking? Tom is rich, but he isn't happy. You'll soon get used to it. Tom seemed to be unwilling to do what we wanted him to do. Who else will be doing that? Moderate exercise stimulates the circulation of the blood. That's my favorite spaghetti western. They were expecting more. Everybody is hoping that nothing bad will happen. I decided to put off my trip to Boston. Do you often eat at restaurants? That's nice you came to visit me: I'll go get a bottle of red wine from the cellar. I wonder how much it costs to fumigate a house. Don't let down your guard. Yanni was talking to a customer. He was careless in handling his pistol. Sami must think I have lost it. He went everywhere to find that medication. Doctors always talk like that just to keep people cheered up. I wouldn't have much hope if I was her. It's best to be prepared for the worst. Stop what you're doing and come home. Tom went to the window. He complained. Tom held a knife to Mary's throat. ','TRUE',10,10,6,'2024-11-5 19:54:6');INSERT INTO article_category(articleID, categoryID)VALUES(58,10);INSERT INTO article_category(articleID, categoryID)VALUES(58,4);INSERT INTO write_article(userID, articleID)VALUES(58,1);INSERT INTO article(articleID, title, articleDescription, body, accepted, nLikes, nDislikes, nComments, postDate)VALUES(59,'But the sailors could not understand the words, they thought it was the voice of the storm.','Ziri looked back. I think Tom killed Mary. Tom is likely to be glad that's going to happen. Tom told Mary that she should stop pretending to be intoxicated. Hand me my towel. Sami has no idea how this happened. You should come to Boston with me. The rulers are more afraid of peace than war. Can Algeria become a fast emerging economy? I can read French, but I can't speak it. ','Ziri looked back. I think Tom killed Mary. Tom is likely to be glad that's going to happen. Tom told Mary that she should stop pretending to be intoxicated. Hand me my towel. Sami has no idea how this happened. You should come to Boston with me. The rulers are more afraid of peace than war. Can Algeria become a fast emerging economy? I can read French, but I can't speak it. He didn't kill her. Did you know that Tom was planning to go to Boston with Mary? Something's happening. I should probably spend more time with Tom. Tom's execution was cancelled at the last moment. By the end of the year, the number of people who have stayed in hotels in our city will pass the one million mark. Tom intends to visit his uncle in Boston next spring. Tom is cooking for Mary. He doesn't look willing to come to the concert. He was dirty and ugly, half-frozen and half-starved; he always looked as if he never had enough to eat, which was really the case. I wish I'd been born in Australia. She said she'd definitely do that. If he comes, so much the better. Mary was happy. Tom said Mary is going to do that herself. I went to Kabylie to find out about myself. Americans have long been drawn to big, open spaces, so perhaps it’s no surprise that houses built in the United States are among the most expansive on the planet. Tom and Mary have lots of things they have to do today. This is an old-growth forest. Have you acquainted your parents with your plans? That dress shows off her figure to advantage. I don't think any of us are happy about what happened. Soon it will be time to pick the cherries. I don't think that Tom can win. Can you please come fix it? I really hope it's nothing serious. Tom dropped to the ground. You should go back to Tom's. That's an exclusive golf club. Only peace can save the world. This product is a bargain. He took his shahada four years ago. You stay right where you are. "Are you happy to be alive?" "Yes, I'm happy." The cost of living has risen enormously. Three of my toes were amputated. Tom finally found out why Mary hated him. Maybe things will be better next year. Who made you come here? For whom does the bell toll? Are you suggesting that Tom killed all those people? Tom and Mary certainly didn't have my permission to do what they did. There must be another way to do that. We never lost hope. Sami converted to Islam during college. Can you actually imagine doing that? I want to know what's going on out there. What's that tablet on the counter? I can do this myself. You do it next time. Tom used to play the trombone. Now he plays the cello. I should do that. Don't touch that blue button. Are you certain Tom is OK? I owe her a great deal. Tom didn't like dogs when he was a child. The name Canada comes from the Iroquoian word kanata, which means "village" or "settlement". Tom wouldn't have been able to do that any better. Tom didn't seem to be happy. Sami didn't even know what he was apologizing for. I didn't really want to go to work yesterday. Tom can't hurt Mary anymore. Sami is in good hands here. Tom and Mary said that they knew you couldn't win. We spread out the tablecloth on the grass by the river. Yanni's commercial is absolutely racist and offensive. I know all three of Tom's brothers. Tidying up is great, but it has the downside that one can never find anything afterwards! If you live in the water, do not feud with the fishes. He thought he could do that again. Egyptian history is never boring. Ziri is nice. Tom wants to play, but he doesn't know the rules. Algeria can become a powerful economy. ','TRUE',20,1,14,'2023-6-10 15:50:3');INSERT INTO article_category(articleID, categoryID)VALUES(59,3);INSERT INTO article_category(articleID, categoryID)VALUES(59,7);INSERT INTO article_category(articleID, categoryID)VALUES(59,7);INSERT INTO article_category(articleID, categoryID)VALUES(59,8);INSERT INTO article_has_topic(articleID, topicID)VALUES(59,10);INSERT INTO write_article(userID, articleID)VALUES(59,4);INSERT INTO article(articleID, title, articleDescription, body, accepted, nLikes, nDislikes, nComments, postDate)VALUES(60,'I can't control it.','He's someone you really wouldn't like to mess with. Why can't I see them? Have you ever dug a hole as deep as this one? The air in here is foul. Clay accepted the offer. He must have been at home at that time. Mary tossed her dog some bread. I'll help them. Tom and Mary sang "Auld Lang Syne". We should start getting gifts for the children. ','He's someone you really wouldn't like to mess with. Why can't I see them? Have you ever dug a hole as deep as this one? The air in here is foul. Clay accepted the offer. He must have been at home at that time. Mary tossed her dog some bread. I'll help them. Tom and Mary sang "Auld Lang Syne". We should start getting gifts for the children. I looked in the direction of the window, but didn't see anything. Tom and Mary put their ice skates on. He said he wasn't sorry. Do you really think someone would do that? We have to memorize this poem by the next class. Tom's passport will expire next month. You don't have to worry about anything. I wonder why Tom is supposed to do that. They're keeping their promise. Come right this way, please. Yanni goes to Algeria every Thursday. They said they'd clean up this mess. I didn't want this to happen. We've got to hit the road. They cried in each other's arms. You're with me, aren't you? How long have you been in Bulgaria? I think Tom would do anything to get what he wants. You must wash your hands! Here, he threw himself on the ground in despair, before the statues of the Nymphs whom he charged with having deserted Chloe. I argued her out of going skiing. Tom has promised to do that for us. Living costs this month are lower than those of last month are. Tom and Mary said they'd leave. The roof is shining in the sun. He thinks he's smarter than her. Now I'm a little scared. The bread is baking in the oven. He acquiesced in Zachary's proposal that on their next interview the vespers bell should be rung half an hour later than usual. Tom told everybody that Mary could speak French. Tom is at the counter. Tom said he'd help you do that as well. Tom was the only one sleeping. A school has male and female students. Saying is easier than doing. I had absolutely nothing to do with what happened here yesterday. My nerves have had about all they can endure for one day. I know Tom will be the first one to do that. Have you ever gone to Paris? I think most sentences are inherently useful for language learners, although some are harder to monetize than others. He left everything to her. I'll find you and I'll kill you. They say that he's still alive. He got taken. Take my advice! I don't think Tom will be able to walk for two or three days. I dreamed about coming to class naked. I wrung out my clothes. It's pretty cold out here. Mary switched off her light. This is the ideology to which my speech is written. I'll pay for my stay here out of my own pocket. He held his breath as he gazed at her. I just wanted to impress you. Algiers is becoming larger and larger. Tom knows that we trust him. Doesn't that mean anything to you? You're very old-fashioned. It is true that behavior cannot be legislated, and legislation cannot make you love me, but legislation can restrain you from lynching me, and I think that is kind of important. Sami is so happy. I could hardly make myself understood. He wakes up at noon. Why did you ask her to give you her picture? He's ticklish. I asked Tom to teach me French. I hope you practiced your flute solo! Tom agreed to meet us in front of the movie theater tomorrow at 2:30 in the afternoon. Please come here between two and three this afternoon. Tom is happy with his new guitar. Have you ever seen the International Space Station? Lie back down. Didn't you know that Tom lived in Australia when he was a child? It's already November, but it hasn't snowed yet. Tom said Mary knew John might be permitted to do that by himself. ','FALSE',19,19,18,'2024-8-24 1:58:29');INSERT INTO article_category(articleID, categoryID)VALUES(60,7);INSERT INTO article_category(articleID, categoryID)VALUES(60,7);INSERT INTO article_has_topic(articleID, topicID)VALUES(60,3);INSERT INTO write_article(userID, articleID)VALUES(60,12);INSERT INTO comment(commentID, content, nLikes, nDislikes, postDate)VALUES(1,There's a white van parked in front of your house. Tom isn't better than I am, but he's pretty good. Tom can carry his own weight. Would you like any more coffee? The pandemic has required many Canadian lawmakers to participate in sessions via videoconference instead of in person.,11,16,'2024-6-6 12:47:37');INSERT INTO comment_article(commentID, articleID)VALUES(1,5);INSERT INTO write_comment(commentID, userID)VALUES(1,10);INSERT INTO comment(commentID, content, nLikes, nDislikes, postDate)VALUES(2,This book is written in easy English. They say that they have everything they want. I don't think that I'll let Tom do that. Yanni and Skura began a dating relationship.,4,8,'2024-7-11 23:44:32');INSERT INTO comment_article(commentID, articleID)VALUES(2,5);INSERT INTO write_comment(commentID, userID)VALUES(2,11);INSERT INTO comment(commentID, content, nLikes, nDislikes, postDate)VALUES(4,He only eats lean meats and vegetables. At first, the local cowboys laughed at him. Tom is getting married in three months. There are eggs in the carton. Business is going badly.,19,8,'2023-3-24 1:51:44');INSERT INTO comment_article(commentID, articleID)VALUES(4,7);INSERT INTO write_comment(commentID, userID)VALUES(4,17);INSERT INTO answer(parentID, answerID)VALUES(4,3);INSERT INTO comment_article(commentID, articleID)VALUES(3,7);INSERT INTO comment(commentID, content, nLikes, nDislikes, postDate)VALUES(6,We've just got to find a way to get this done. Is it true that private schools are better than public schools?,18,8,'2023-4-5 8:50:7');INSERT INTO comment_article(commentID, articleID)VALUES(6,7);INSERT INTO write_comment(commentID, userID)VALUES(6,18);INSERT INTO answer(parentID, answerID)VALUES(6,5);INSERT INTO comment_article(commentID, articleID)VALUES(5,7);INSERT INTO comment(commentID, content, nLikes, nDislikes, postDate)VALUES(7,Live and let live. Tom rewarded Mary with a kiss. There was a loud bang. Did you see which way Tom went? Mira and Silya met Skura on their way to the theater. You got here too early.,19,17,'2023-10-31 20:29:1');INSERT INTO comment_article(commentID, articleID)VALUES(7,8);INSERT INTO write_comment(commentID, userID)VALUES(7,3);INSERT INTO comment(commentID, content, nLikes, nDislikes, postDate)VALUES(9,Why doesn't he smile at me anymore? Yanni doesn't speak German but he understands a good amount of it. I hope there is a resolution of this problem. I talked to her. Barack Obama is the President of the USA.,6,6,'2024-2-10 1:47:21');INSERT INTO comment_article(commentID, articleID)VALUES(9,8);INSERT INTO write_comment(commentID, userID)VALUES(9,11);INSERT INTO answer(parentID, answerID)VALUES(9,8);INSERT INTO comment_article(commentID, articleID)VALUES(8,8);INSERT INTO comment(commentID, content, nLikes, nDislikes, postDate)VALUES(10,Mary was playing hard to get. Would you please just leave? Life in freedom is not easy, and democracy is not perfect. But we never needed to build a wall to keep our people with us and prevent them from going elsewhere. In fact, the stones are soft. They just tense up when they are touched.,1,8,'2024-4-25 3:28:55');INSERT INTO comment_article(commentID, articleID)VALUES(10,12);INSERT INTO write_comment(commentID, userID)VALUES(10,4);INSERT INTO comment(commentID, content, nLikes, nDislikes, postDate)VALUES(11,It is another story now. I read it in a magazine three days ago. We're unhurt. Face masks are mandatory on public transport.,12,20,'2023-12-31 4:59:25');INSERT INTO comment_article(commentID, articleID)VALUES(11,13);INSERT INTO write_comment(commentID, userID)VALUES(11,19);INSERT INTO comment(commentID, content, nLikes, nDislikes, postDate)VALUES(13,I'm not apologizing. I don't like school very much.,16,11,'2023-9-14 5:50:0');INSERT INTO comment_article(commentID, articleID)VALUES(13,14);INSERT INTO write_comment(commentID, userID)VALUES(13,5);INSERT INTO answer(parentID, answerID)VALUES(13,12);INSERT INTO comment_article(commentID, articleID)VALUES(12,14);INSERT INTO comment(commentID, content, nLikes, nDislikes, postDate)VALUES(14,You can't stop bullets. Why am I getting fatter and fatter? Tom and Mary were by themselves in their car.,10,19,'2023-11-16 2:28:52');INSERT INTO comment_article(commentID, articleID)VALUES(14,14);INSERT INTO write_comment(commentID, userID)VALUES(14,4);INSERT INTO comment(commentID, content, nLikes, nDislikes, postDate)VALUES(15,All the televisions were tuned to Fox News. Tom doesn't want to become an electrician. More than 40 percent of the students go on to university.,20,2,'2024-12-20 10:40:15');INSERT INTO comment_article(commentID, articleID)VALUES(15,18);INSERT INTO write_comment(commentID, userID)VALUES(15,12);INSERT INTO comment(commentID, content, nLikes, nDislikes, postDate)VALUES(16,Ziri gave Rima back the oboe. Mary said she's glad Tom did that. Tom didn't light the candles. The mother just held tightly onto her daughter, saying nothing else.,7,13,'2023-8-22 0:6:5');INSERT INTO comment_article(commentID, articleID)VALUES(16,20);INSERT INTO write_comment(commentID, userID)VALUES(16,10);INSERT INTO comment(commentID, content, nLikes, nDislikes, postDate)VALUES(17,I seldom speak to Tom anymore. Go ahead, gentlemen. He did that as soon as he could. I admonished him of the danger. I know Tom is looking at me. The light was on in the kitchen. Tom never knew that.,10,8,'2023-12-15 6:4:39');INSERT INTO comment_article(commentID, articleID)VALUES(17,20);INSERT INTO write_comment(commentID, userID)VALUES(17,4);INSERT INTO comment(commentID, content, nLikes, nDislikes, postDate)VALUES(20,I feel for my father, who has to work on Sundays. It must be fate. Those are just details. Look at the big picture. We are officially opening the store. Watch what you're doing. You almost killed Tom. Did you see the rainbow today? I know Tom better than anyone else does.,1,3,'2023-3-18 14:2:59');INSERT INTO comment_article(commentID, articleID)VALUES(20,20);INSERT INTO write_comment(commentID, userID)VALUES(20,14);INSERT INTO answer(parentID, answerID)VALUES(20,18);INSERT INTO comment_article(commentID, articleID)VALUES(18,20);INSERT INTO answer(parentID, answerID)VALUES(20,19);INSERT INTO comment_article(commentID, articleID)VALUES(19,20);INSERT INTO comment(commentID, content, nLikes, nDislikes, postDate)VALUES(23,Tom and I'll be neighbors soon. He failed in his business and now is a total wreck. I don't think that Tom would be stupid enough to do something like that.,10,5,'2023-10-12 22:50:28');INSERT INTO comment_article(commentID, articleID)VALUES(23,21);INSERT INTO write_comment(commentID, userID)VALUES(23,13);INSERT INTO answer(parentID, answerID)VALUES(23,21);INSERT INTO comment_article(commentID, articleID)VALUES(21,21);INSERT INTO answer(parentID, answerID)VALUES(23,22);INSERT INTO comment_article(commentID, articleID)VALUES(22,21);INSERT INTO comment(commentID, content, nLikes, nDislikes, postDate)VALUES(24,The sunlight is painful in this time period. Sami was playing a joke on Layla. What's drinking? A mere pause from thinking! What kind of car do you drive? Write your name in the same place. He reads ten books a month at least. He doesn't know anything about his family.,15,12,'2023-7-17 23:4:10');INSERT INTO comment_article(commentID, articleID)VALUES(24,24);INSERT INTO write_comment(commentID, userID)VALUES(24,7);INSERT INTO comment(commentID, content, nLikes, nDislikes, postDate)VALUES(25,Once upon a time, there was an honest but poor man. He lived to be 95. Didn't Tom agree to do that? Many roads remain closed. Don't disturb her while she's sleeping. I missed the bus. This desk has a secret drawer.,4,18,'2024-11-10 2:1:39');INSERT INTO comment_article(commentID, articleID)VALUES(25,26);INSERT INTO write_comment(commentID, userID)VALUES(25,6);INSERT INTO comment(commentID, content, nLikes, nDislikes, postDate)VALUES(26,The old woman lends money at the rate of three percent. Will you go to Boston with us? Why did you agree to do this if you're so busy? He is earnest for success. I had a good vacation. Tom and Mary say they have to speak French.,5,2,'2023-10-26 23:35:13');INSERT INTO comment_article(commentID, articleID)VALUES(26,28);INSERT INTO write_comment(commentID, userID)VALUES(26,10);INSERT INTO comment(commentID, content, nLikes, nDislikes, postDate)VALUES(27,I think doing that will take longer than you think it will. We're down in the pit, cleaning out the muck, and Tom goes traipsing by and waves. Tom doesn't have to work on Sundays. I will do it according to your instructions.,3,8,'2023-4-26 13:59:7');INSERT INTO comment_article(commentID, articleID)VALUES(27,28);INSERT INTO write_comment(commentID, userID)VALUES(27,12);INSERT INTO comment(commentID, content, nLikes, nDislikes, postDate)VALUES(28,You brought her cognac? Sami feared for his safety.,8,8,'2024-8-28 2:39:51');INSERT INTO comment_article(commentID, articleID)VALUES(28,28);INSERT INTO write_comment(commentID, userID)VALUES(28,13);INSERT INTO comment(commentID, content, nLikes, nDislikes, postDate)VALUES(31,You sure do eat a lot of meat. It'll be invisible. I think it's going to be difficult to find a good place to live Boston. Tom is the one who told me not to do that again.,5,18,'2024-6-26 2:13:23');INSERT INTO comment_article(commentID, articleID)VALUES(31,30);INSERT INTO write_comment(commentID, userID)VALUES(31,12);INSERT INTO answer(parentID, answerID)VALUES(31,29);INSERT INTO comment_article(commentID, articleID)VALUES(29,30);INSERT INTO answer(parentID, answerID)VALUES(31,30);INSERT INTO comment_article(commentID, articleID)VALUES(30,30);INSERT INTO comment(commentID, content, nLikes, nDislikes, postDate)VALUES(33,Do you have much time to spare? Going carless obviates the need for a dedicated parking space at home. They cut out a path through thick jungle. Tom hasn't done anything wrong, as far as I know.,10,20,'2024-8-9 15:12:48');INSERT INTO comment_article(commentID, articleID)VALUES(33,30);INSERT INTO write_comment(commentID, userID)VALUES(33,17);INSERT INTO answer(parentID, answerID)VALUES(33,32);INSERT INTO comment_article(commentID, articleID)VALUES(32,30);INSERT INTO comment(commentID, content, nLikes, nDislikes, postDate)VALUES(35,The album belongs to him. The revised timetable will go into effect on the 5th of this month. I have the power to find out when someone is reading my mind. Tom is ready to begin, isn't he?,13,11,'2024-10-19 23:46:35');INSERT INTO comment_article(commentID, articleID)VALUES(35,35);INSERT INTO write_comment(commentID, userID)VALUES(35,1);INSERT INTO answer(parentID, answerID)VALUES(35,34);INSERT INTO comment_article(commentID, articleID)VALUES(34,35);INSERT INTO comment(commentID, content, nLikes, nDislikes, postDate)VALUES(36,There is no telling when we will fall ill.,1,14,'2023-6-23 10:33:5');INSERT INTO comment_article(commentID, articleID)VALUES(36,35);INSERT INTO write_comment(commentID, userID)VALUES(36,3);INSERT INTO comment(commentID, content, nLikes, nDislikes, postDate)VALUES(37,Lincoln agreed to do so. I didn't know I shouldn't be doing what I was doing. I wanted to be loved. "Hey, is it good? What's good about it?" "You just want to know because you made it, don't you?" "Exactly." He often dates Mary.,6,18,'2023-7-29 23:5:51');INSERT INTO comment_article(commentID, articleID)VALUES(37,36);INSERT INTO write_comment(commentID, userID)VALUES(37,18);INSERT INTO comment(commentID, content, nLikes, nDislikes, postDate)VALUES(38,Tom advised Mary to stay where she was. Tom immediately fell asleep. Sami answered the phone and heard a female voice on the other end. We have Monday off. Tom and Mary were paying each other out at the party last night. Have you watched it? "My dear Mr. Grant Munro—" began Holmes.,2,8,'2023-11-18 14:57:7');INSERT INTO comment_article(commentID, articleID)VALUES(38,36);INSERT INTO write_comment(commentID, userID)VALUES(38,8);INSERT INTO comment(commentID, content, nLikes, nDislikes, postDate)VALUES(39,It's been hundreds of years since just one person could grasp the whole of scientific knowledge. When are you going to buy that? Do you like working in Australia? He left a note to the effect that he was going out for lunch. I just want to be comfortable.,6,3,'2023-3-30 5:21:54');INSERT INTO comment_article(commentID, articleID)VALUES(39,36);INSERT INTO write_comment(commentID, userID)VALUES(39,9);INSERT INTO comment(commentID, content, nLikes, nDislikes, postDate)VALUES(40,Tom is down there. They were trying to kill you. Tom gave Mary the book he was holding. The statue was damaged. Tom and Mary would never go swimming by themselves.,6,19,'2023-5-23 18:33:26');INSERT INTO comment_article(commentID, articleID)VALUES(40,36);INSERT INTO write_comment(commentID, userID)VALUES(40,11);INSERT INTO comment(commentID, content, nLikes, nDislikes, postDate)VALUES(41,Mary is very tense, isn't she? They say that they aren't sure that they're ready. Poor girl. Who's your teacher? There are no clear signs that warmer conditions will subdue or stop the virus. Are they free on Friday afternoon? Do you know how Tom lost his hearing?,11,17,'2023-2-3 23:46:47');INSERT INTO comment_article(commentID, articleID)VALUES(41,38);INSERT INTO write_comment(commentID, userID)VALUES(41,4);INSERT INTO comment(commentID, content, nLikes, nDislikes, postDate)VALUES(42,You've misspelled my name. I poured water into the bucket.,3,12,'2023-10-9 20:59:22');INSERT INTO comment_article(commentID, articleID)VALUES(42,38);INSERT INTO write_comment(commentID, userID)VALUES(42,3);INSERT INTO comment(commentID, content, nLikes, nDislikes, postDate)VALUES(43,"Thou, who alone Troy's sorrows deign'st to hear, / and us, the gleanings of the Danaan spear, / poor world-wide wanderers and in desperate case, / has ta'en to share thy city and thy cheer, / meet thanks nor we, nor what of Dardan race / yet roams the earth, can give to recompense thy grace.",20,15,'2024-2-19 2:21:0');INSERT INTO comment_article(commentID, articleID)VALUES(43,40);INSERT INTO write_comment(commentID, userID)VALUES(43,18);INSERT INTO comment(commentID, content, nLikes, nDislikes, postDate)VALUES(45,They did everything we asked of them. Tom came out on top. I love your German accent. The soldier is dead. Tom is looking for a vending machine. At the same time Ismo jumps and baffles the attendants.,15,11,'2024-7-30 15:1:44');INSERT INTO comment_article(commentID, articleID)VALUES(45,40);INSERT INTO write_comment(commentID, userID)VALUES(45,14);INSERT INTO answer(parentID, answerID)VALUES(45,44);INSERT INTO comment_article(commentID, articleID)VALUES(44,40);INSERT INTO comment(commentID, content, nLikes, nDislikes, postDate)VALUES(46,I have no reason to lie to them. Do you really think Tom and Mary are lonely? Many Algerians have heart problems. This is the best ink.,6,5,'2023-8-11 2:31:46');INSERT INTO comment_article(commentID, articleID)VALUES(46,40);INSERT INTO write_comment(commentID, userID)VALUES(46,3);INSERT INTO comment(commentID, content, nLikes, nDislikes, postDate)VALUES(47,Suffering changes people. Get to your point, Ziri. Tom still hopes Mary can do that. I just told them about it here, hey! She said that she'd be cooperative. I think that Tom will be confused. Tom wasn't asleep, but Mary was.,8,20,'2023-12-29 2:15:17');INSERT INTO comment_article(commentID, articleID)VALUES(47,41);INSERT INTO write_comment(commentID, userID)VALUES(47,19);INSERT INTO comment(commentID, content, nLikes, nDislikes, postDate)VALUES(48,It's closed. Tom may not be as busy today as he was yesterday. I knew Tom was going to like doing that. Do you think Tom might be afraid? If it rains tomorrow, I won't go on a picnic.,3,18,'2024-8-8 0:52:23');INSERT INTO comment_article(commentID, articleID)VALUES(48,41);INSERT INTO write_comment(commentID, userID)VALUES(48,18);INSERT INTO comment(commentID, content, nLikes, nDislikes, postDate)VALUES(49,Tom was the obvious choice. I hope Tom isn't the next one to do that.,4,11,'2024-12-23 9:23:58');INSERT INTO comment_article(commentID, articleID)VALUES(49,41);INSERT INTO write_comment(commentID, userID)VALUES(49,13);INSERT INTO comment(commentID, content, nLikes, nDislikes, postDate)VALUES(50,Tom promised not to divulge the source of the information to anyone. Two American students live in this dorm. He was very thirsty and asked for some water. Why are you talking so funny? He was an impoverished musician. You promised you'd do that yesterday.,15,4,'2023-9-24 11:45:59');INSERT INTO comment_article(commentID, articleID)VALUES(50,43);INSERT INTO write_comment(commentID, userID)VALUES(50,18);INSERT INTO comment(commentID, content, nLikes, nDislikes, postDate)VALUES(51,Tom pulled out his gun.,2,14,'2024-6-17 22:7:43');INSERT INTO comment_article(commentID, articleID)VALUES(51,43);INSERT INTO write_comment(commentID, userID)VALUES(51,14);INSERT INTO comment(commentID, content, nLikes, nDislikes, postDate)VALUES(54,This doesn't remind me of anything. Sami moved back home. All these devices are unreliable.,4,9,'2024-10-25 15:51:25');INSERT INTO comment_article(commentID, articleID)VALUES(54,44);INSERT INTO write_comment(commentID, userID)VALUES(54,17);INSERT INTO answer(parentID, answerID)VALUES(54,52);INSERT INTO comment_article(commentID, articleID)VALUES(52,44);INSERT INTO answer(parentID, answerID)VALUES(54,53);INSERT INTO comment_article(commentID, articleID)VALUES(53,44);INSERT INTO comment(commentID, content, nLikes, nDislikes, postDate)VALUES(57,Mary said she didn't want to eat leftovers.,19,4,'2023-9-30 10:26:7');INSERT INTO comment_article(commentID, articleID)VALUES(57,48);INSERT INTO write_comment(commentID, userID)VALUES(57,18);INSERT INTO answer(parentID, answerID)VALUES(57,55);INSERT INTO comment_article(commentID, articleID)VALUES(55,48);INSERT INTO answer(parentID, answerID)VALUES(57,56);INSERT INTO comment_article(commentID, articleID)VALUES(56,48);INSERT INTO comment(commentID, content, nLikes, nDislikes, postDate)VALUES(58,Tom is likely to still be lonely. It is estimated that 1.5 billion children worldwide are missing school.,18,8,'2023-2-6 2:44:11');INSERT INTO comment_article(commentID, articleID)VALUES(58,48);INSERT INTO write_comment(commentID, userID)VALUES(58,12);INSERT INTO comment(commentID, content, nLikes, nDislikes, postDate)VALUES(59,Sami checked Layla's room. How do you spell the word? Sami didn't have the permission to do that. Tom is going to get there before Mary. That isn't my knife. He didn't have any money, so he couldn't buy anything to eat. I owe Tom so much. I'm much better at reading French than Tom is.,10,12,'2023-4-4 9:21:52');INSERT INTO comment_article(commentID, articleID)VALUES(59,48);INSERT INTO write_comment(commentID, userID)VALUES(59,10);INSERT INTO comment(commentID, content, nLikes, nDislikes, postDate)VALUES(60,Have you been in Boston for a long time? He's a pushover. He enjoys walking in the countryside. Sami wasn't really trying to settle down. Were you looking at her?,20,1,'2023-10-30 13:37:54');INSERT INTO comment_article(commentID, articleID)VALUES(60,48);INSERT INTO write_comment(commentID, userID)VALUES(60,5);INSERT INTO comment(commentID, content, nLikes, nDislikes, postDate)VALUES(61,Tom is a veteran now. We accepted his invitation. Do you need a coat? This terrible monster was the Sphinx. It is not wise, nor in the long run is it kind, to tax the thrifty for the thriftless.,7,6,'2024-9-15 11:49:28');INSERT INTO comment_article(commentID, articleID)VALUES(61,50);INSERT INTO write_comment(commentID, userID)VALUES(61,10);INSERT INTO comment(commentID, content, nLikes, nDislikes, postDate)VALUES(62,I always go home for lunch. Tom doesn't have a credit card. I proved the fact on the strength of the data. Tom's house was built by a 3D printer. She didn't seem very busy, did she?,15,1,'2023-4-25 5:46:16');INSERT INTO comment_article(commentID, articleID)VALUES(62,50);INSERT INTO write_comment(commentID, userID)VALUES(62,19);INSERT INTO comment(commentID, content, nLikes, nDislikes, postDate)VALUES(63,Tom knew that he was overweight. These products are mediocre quality. War has taken away our happiness and replaced it with horror. Her life is in your hands. You made good time. Is there a problem?,2,19,'2024-10-2 16:1:54');INSERT INTO comment_article(commentID, articleID)VALUES(63,54);INSERT INTO write_comment(commentID, userID)VALUES(63,7);INSERT INTO comment(commentID, content, nLikes, nDislikes, postDate)VALUES(65,When do you watch TV? I'm considering it seriously.,17,17,'2023-7-4 17:48:40');INSERT INTO comment_article(commentID, articleID)VALUES(65,54);INSERT INTO write_comment(commentID, userID)VALUES(65,8);INSERT INTO answer(parentID, answerID)VALUES(65,64);INSERT INTO comment_article(commentID, articleID)VALUES(64,54);INSERT INTO comment(commentID, content, nLikes, nDislikes, postDate)VALUES(66,I gave each kid one cookie. You don't need to overcommunicate in detail at work. I didn't think that anyone could do this. I have to pay this bill by Monday. I also checked the tire pressures. I know that Tom is a person we can trust.,18,20,'2023-6-9 17:18:35');INSERT INTO comment_article(commentID, articleID)VALUES(66,54);INSERT INTO write_comment(commentID, userID)VALUES(66,13);INSERT INTO comment(commentID, content, nLikes, nDislikes, postDate)VALUES(67,He's learned a lot about Boston from her.,17,7,'2024-10-13 1:8:55');INSERT INTO comment_article(commentID, articleID)VALUES(67,56);INSERT INTO write_comment(commentID, userID)VALUES(67,5);INSERT INTO comment(commentID, content, nLikes, nDislikes, postDate)VALUES(68,I drove up to the house. It's very hot at night. Did Tom tell you where the picnic is going to be? We need to be more aware of what's going on. The car's left-turn signal was broken. Ziri remembers the feeling. At least four were killed in the explosion of a car bomb outside a police station in the capital, Nairobi.,8,14,'2024-8-5 18:9:17');INSERT INTO comment_article(commentID, articleID)VALUES(68,56);INSERT INTO write_comment(commentID, userID)VALUES(68,5);INSERT INTO comment(commentID, content, nLikes, nDislikes, postDate)VALUES(70,He turned off his computer. Mennad and Baya are going to have a little girl. Sami said he was intimidated by the manager.,12,12,'2023-6-20 17:34:38');INSERT INTO comment_article(commentID, articleID)VALUES(70,56);INSERT INTO write_comment(commentID, userID)VALUES(70,3);INSERT INTO answer(parentID, answerID)VALUES(70,69);INSERT INTO comment_article(commentID, articleID)VALUES(69,56);INSERT INTO comment(commentID, content, nLikes, nDislikes, postDate)VALUES(72,If you don't kill them, they'll kill you. The militia put up posters of Beth's face in an attempt to name and shame her. Tom doesn't want to do that tomorrow.,6,5,'2024-8-17 11:43:25');INSERT INTO comment_article(commentID, articleID)VALUES(72,56);INSERT INTO write_comment(commentID, userID)VALUES(72,16);INSERT INTO answer(parentID, answerID)VALUES(72,71);INSERT INTO comment_article(commentID, articleID)VALUES(71,56);INSERT INTO comment(commentID, content, nLikes, nDislikes, postDate)VALUES(73,This shouldn't be very hard to do. Tom and Mary have been told that they have to do that. Close your eyes when you listen to music! I want an answer to that question. I think I ate too many egg rolls. Yumi's boyfriend is a bit antisocial.,7,12,'2024-9-3 1:28:38');INSERT INTO comment_article(commentID, articleID)VALUES(73,58);INSERT INTO write_comment(commentID, userID)VALUES(73,3);INSERT INTO comment(commentID, content, nLikes, nDislikes, postDate)VALUES(74,I guess you can have it. We're really glad you stayed in Algeria. This is the novel I talked to you about. He's in a tricky situation. With whom is Tom walking?,20,17,'2024-5-14 10:54:45');INSERT INTO comment_article(commentID, articleID)VALUES(74,58);INSERT INTO write_comment(commentID, userID)VALUES(74,7);INSERT INTO comment(commentID, content, nLikes, nDislikes, postDate)VALUES(76,Stop for two minutes and watch this. Your proposal sounds good. The average height of girls in this class is over 155 centimeters.,2,12,'2024-9-28 18:45:29');INSERT INTO comment_article(commentID, articleID)VALUES(76,58);INSERT INTO write_comment(commentID, userID)VALUES(76,18);INSERT INTO answer(parentID, answerID)VALUES(76,75);INSERT INTO comment_article(commentID, articleID)VALUES(75,58);INSERT INTO comment(commentID, content, nLikes, nDislikes, postDate)VALUES(77,How do you buy silver?,19,4,'2023-12-20 20:57:54');INSERT INTO comment_article(commentID, articleID)VALUES(77,60);INSERT INTO write_comment(commentID, userID)VALUES(77,18);INSERT INTO comment(commentID, content, nLikes, nDislikes, postDate)VALUES(78,Is the hire car insured? Tom and Mary would help you if you asked them to. Tom locked the door after he entered his apartment.,13,10,'2024-8-22 20:25:53');INSERT INTO comment_article(commentID, articleID)VALUES(78,60);INSERT INTO write_comment(commentID, userID)VALUES(78,18);INSERT INTO comment(commentID, content, nLikes, nDislikes, postDate)VALUES(79,I don't know if it will rain tomorrow or not. Ziri refused to adopt Rima. Why do you need a comb if you have no hair? Tom won't be home by midnight. Should we wait here for Tom?,3,15,'2024-6-8 6:58:30');INSERT INTO comment_article(commentID, articleID)VALUES(79,60);INSERT INTO write_comment(commentID, userID)VALUES(79,18);INSERT INTO comment(commentID, content, nLikes, nDislikes, postDate)VALUES(80,Tom said he wanted to impress his girlfriend. The result confirmed my hypothesis. He's the hero who rescued her hamster. I don't appreciate Tom's humor. We're shaken. I just want us to be together.,18,10,'2023-2-8 5:7:29');INSERT INTO comment_article(commentID, articleID)VALUES(80,60);INSERT INTO write_comment(commentID, userID)VALUES(80,10);INSERT INTO user_message(messageID, content, messageDate)VALUES(1,'I can't tell you how sad I am about all this.','2024-3-23 12:39:6');INSERT INTO user_conversation(messageID, senderID, receiverID)VALUES(1,1,15);INSERT INTO user_message(messageID, content, messageDate)VALUES(2,'It is easy to swim.','2024-11-12 21:49:11');INSERT INTO user_conversation(messageID, senderID, receiverID)VALUES(2,1,15);INSERT INTO user_message(messageID, content, messageDate)VALUES(3,'They canceled Yanni's card.','2024-8-30 1:16:11');INSERT INTO user_conversation(messageID, senderID, receiverID)VALUES(3,1,15);INSERT INTO user_message(messageID, content, messageDate)VALUES(4,'We need to find out where Tom works.','2024-9-11 17:5:5');INSERT INTO user_conversation(messageID, senderID, receiverID)VALUES(4,1,15);INSERT INTO user_message(messageID, content, messageDate)VALUES(5,'Don't keep me waiting here like this.','2024-4-18 0:30:13');INSERT INTO user_conversation(messageID, senderID, receiverID)VALUES(5,1,15);INSERT INTO user_message(messageID, content, messageDate)VALUES(6,'I am too lazy to go there.','2024-4-5 3:42:52');INSERT INTO user_conversation(messageID, senderID, receiverID)VALUES(6,1,15);INSERT INTO user_message(messageID, content, messageDate)VALUES(7,'Tom had a normal life growing up.','2024-4-18 23:5:12');INSERT INTO user_conversation(messageID, senderID, receiverID)VALUES(7,1,15);INSERT INTO user_message(messageID, content, messageDate)VALUES(8,'A good coach is like a parent to the players.','2024-5-14 3:55:55');INSERT INTO user_conversation(messageID, senderID, receiverID)VALUES(8,15,1);INSERT INTO user_message(messageID, content, messageDate)VALUES(9,'She can't have written this letter herself.','2024-4-16 21:56:57');INSERT INTO user_conversation(messageID, senderID, receiverID)VALUES(9,15,1);INSERT INTO user_message(messageID, content, messageDate)VALUES(10,'Tom is wearing a cowboy hat.','2023-8-24 6:25:49');INSERT INTO user_conversation(messageID, senderID, receiverID)VALUES(10,15,1);INSERT INTO user_message(messageID, content, messageDate)VALUES(11,'The house could not be saved.','2024-7-2 18:52:24');INSERT INTO user_conversation(messageID, senderID, receiverID)VALUES(11,15,1);INSERT INTO user_message(messageID, content, messageDate)VALUES(12,'Do you have any questions?','2024-8-11 1:36:51');INSERT INTO user_conversation(messageID, senderID, receiverID)VALUES(12,15,1);INSERT INTO user_message(messageID, content, messageDate)VALUES(13,'From now on, no more TV before you have done your homework.','2024-10-22 14:23:3');INSERT INTO user_conversation(messageID, senderID, receiverID)VALUES(13,15,1);INSERT INTO user_message(messageID, content, messageDate)VALUES(14,'I hope I don't get caught.','2023-4-18 13:9:42');INSERT INTO user_conversation(messageID, senderID, receiverID)VALUES(14,1,11);INSERT INTO user_message(messageID, content, messageDate)VALUES(15,'Just be patient.','2023-8-21 4:3:10');INSERT INTO user_conversation(messageID, senderID, receiverID)VALUES(15,1,11);INSERT INTO user_message(messageID, content, messageDate)VALUES(16,'We should give Tom another chance.','2024-9-28 23:15:4');INSERT INTO user_conversation(messageID, senderID, receiverID)VALUES(16,1,11);INSERT INTO user_message(messageID, content, messageDate)VALUES(17,'We discussed the problem all afternoon.','2024-5-8 8:41:43');INSERT INTO user_conversation(messageID, senderID, receiverID)VALUES(17,1,11);INSERT INTO user_message(messageID, content, messageDate)VALUES(18,'There's someone at the front door who wants to thank you.','2023-12-17 18:5:44');INSERT INTO user_conversation(messageID, senderID, receiverID)VALUES(18,1,11);INSERT INTO user_message(messageID, content, messageDate)VALUES(19,'Would you mind helping Tom and me?','2023-2-11 23:58:53');INSERT INTO user_conversation(messageID, senderID, receiverID)VALUES(19,1,11);INSERT INTO user_message(messageID, content, messageDate)VALUES(20,'Some people in the crowd fired back.','2024-4-3 18:33:24');INSERT INTO user_conversation(messageID, senderID, receiverID)VALUES(20,1,11);INSERT INTO user_message(messageID, content, messageDate)VALUES(21,'"Why did you become a translator?" "It just sort of happened."','2023-8-28 19:35:1');INSERT INTO user_conversation(messageID, senderID, receiverID)VALUES(21,11,1);INSERT INTO user_message(messageID, content, messageDate)VALUES(22,'Would you please stop following me?','2024-11-20 18:24:26');INSERT INTO user_conversation(messageID, senderID, receiverID)VALUES(22,11,1);INSERT INTO user_message(messageID, content, messageDate)VALUES(23,'He served in the House for twelve years.','2023-9-15 12:29:9');INSERT INTO user_conversation(messageID, senderID, receiverID)VALUES(23,11,1);INSERT INTO user_message(messageID, content, messageDate)VALUES(24,'There are many old Indian legends.','2024-5-19 15:23:18');INSERT INTO user_conversation(messageID, senderID, receiverID)VALUES(24,11,1);INSERT INTO user_message(messageID, content, messageDate)VALUES(25,'What did Tom and Mary tell you they had to do?','2024-4-15 1:55:47');INSERT INTO user_conversation(messageID, senderID, receiverID)VALUES(25,11,1);INSERT INTO user_message(messageID, content, messageDate)VALUES(26,'Yanni was singing an old Berber song.','2023-9-28 7:18:51');INSERT INTO user_conversation(messageID, senderID, receiverID)VALUES(26,11,1);INSERT INTO user_message(messageID, content, messageDate)VALUES(27,'He bought the land for the purpose of building his house on it.','2023-9-5 18:11:14');INSERT INTO user_conversation(messageID, senderID, receiverID)VALUES(27,11,1);INSERT INTO user_message(messageID, content, messageDate)VALUES(28,'Tom didn't give us any money.','2024-9-27 21:13:1');INSERT INTO user_conversation(messageID, senderID, receiverID)VALUES(28,11,1);INSERT INTO user_message(messageID, content, messageDate)VALUES(29,'Tom and Mary said that they'll look after me.','2023-7-30 16:50:51');INSERT INTO user_conversation(messageID, senderID, receiverID)VALUES(29,11,1);INSERT INTO user_message(messageID, content, messageDate)VALUES(30,'Wolves scare me.','2023-5-24 2:50:23');INSERT INTO user_conversation(messageID, senderID, receiverID)VALUES(30,1,2);INSERT INTO user_message(messageID, content, messageDate)VALUES(31,'I got a lot of insect bites in the woods.','2023-11-10 3:45:17');INSERT INTO user_conversation(messageID, senderID, receiverID)VALUES(31,1,2);INSERT INTO user_message(messageID, content, messageDate)VALUES(32,'They have taken the form of sculptures.','2023-11-7 19:16:47');INSERT INTO user_conversation(messageID, senderID, receiverID)VALUES(32,1,2);INSERT INTO user_message(messageID, content, messageDate)VALUES(33,'He left the house without so much as a "goodbye".','2024-3-4 19:5:39');INSERT INTO user_conversation(messageID, senderID, receiverID)VALUES(33,2,1);INSERT INTO user_message(messageID, content, messageDate)VALUES(34,'I have to be home before eight o'clock.','2023-7-18 1:30:56');INSERT INTO user_conversation(messageID, senderID, receiverID)VALUES(34,2,1);INSERT INTO user_message(messageID, content, messageDate)VALUES(35,'I am so sick.','2023-9-26 2:57:34');INSERT INTO user_conversation(messageID, senderID, receiverID)VALUES(35,1,18);INSERT INTO user_message(messageID, content, messageDate)VALUES(36,'I took a wrong turn.','2024-2-15 1:14:22');INSERT INTO user_conversation(messageID, senderID, receiverID)VALUES(36,1,18);INSERT INTO user_message(messageID, content, messageDate)VALUES(37,'Tom said it didn't look like I was tired.','2024-2-28 0:2:22');INSERT INTO user_conversation(messageID, senderID, receiverID)VALUES(37,1,18);INSERT INTO user_message(messageID, content, messageDate)VALUES(38,'This is a very firm fig.','2023-6-18 15:44:1');INSERT INTO user_conversation(messageID, senderID, receiverID)VALUES(38,1,18);INSERT INTO user_message(messageID, content, messageDate)VALUES(39,'Tom said he had to call the police.','2024-11-10 14:29:36');INSERT INTO user_conversation(messageID, senderID, receiverID)VALUES(39,1,18);INSERT INTO user_message(messageID, content, messageDate)VALUES(40,'She got out of the water and dried herself off.','2024-3-5 20:3:23');INSERT INTO user_conversation(messageID, senderID, receiverID)VALUES(40,1,18);INSERT INTO user_message(messageID, content, messageDate)VALUES(41,'Tom is now 13.','2023-12-26 16:9:47');INSERT INTO user_conversation(messageID, senderID, receiverID)VALUES(41,1,18);INSERT INTO user_message(messageID, content, messageDate)VALUES(42,'The British soldiers rested.','2024-5-13 5:20:58');INSERT INTO user_conversation(messageID, senderID, receiverID)VALUES(42,1,18);INSERT INTO user_message(messageID, content, messageDate)VALUES(43,'Are you already awake?','2023-11-10 9:58:53');INSERT INTO user_conversation(messageID, senderID, receiverID)VALUES(43,1,18);INSERT INTO user_message(messageID, content, messageDate)VALUES(44,'How many unemployed are there in the world?','2023-3-23 20:23:8');INSERT INTO user_conversation(messageID, senderID, receiverID)VALUES(44,18,1);INSERT INTO user_message(messageID, content, messageDate)VALUES(45,'Choose any one book you like.','2023-12-9 1:21:40');INSERT INTO user_conversation(messageID, senderID, receiverID)VALUES(45,18,1);INSERT INTO user_message(messageID, content, messageDate)VALUES(46,'I knew that Tom was a French teacher in Boston, so I didn't believe Mary when she told me he was a taxi driver in Chicago.','2023-5-3 11:43:50');INSERT INTO user_conversation(messageID, senderID, receiverID)VALUES(46,18,1);INSERT INTO user_message(messageID, content, messageDate)VALUES(47,'Tell Tom I love him.','2024-5-11 10:28:0');INSERT INTO user_conversation(messageID, senderID, receiverID)VALUES(47,18,1);INSERT INTO user_message(messageID, content, messageDate)VALUES(48,'Tatoeba: Ever heard of sentence fights? Yeah, that's what we do for fun.','2024-3-28 7:58:45');INSERT INTO user_conversation(messageID, senderID, receiverID)VALUES(48,18,1);INSERT INTO user_message(messageID, content, messageDate)VALUES(49,'We could see the lights of the city in the distance.','2023-8-5 11:7:47');INSERT INTO user_conversation(messageID, senderID, receiverID)VALUES(49,18,1);INSERT INTO user_message(messageID, content, messageDate)VALUES(50,'All I want is my freedom.','2023-2-15 0:31:1');INSERT INTO user_conversation(messageID, senderID, receiverID)VALUES(50,18,1);INSERT INTO user_message(messageID, content, messageDate)VALUES(51,'The space bar is the largest key on the keyboard.','2023-12-10 0:31:2');INSERT INTO user_conversation(messageID, senderID, receiverID)VALUES(51,18,1);INSERT INTO user_message(messageID, content, messageDate)VALUES(52,'The museum also contains oddities.','2024-11-7 7:24:8');INSERT INTO user_conversation(messageID, senderID, receiverID)VALUES(52,18,1);INSERT INTO user_message(messageID, content, messageDate)VALUES(53,'Sami means everything to me.','2023-6-16 10:16:53');INSERT INTO user_conversation(messageID, senderID, receiverID)VALUES(53,1,14);INSERT INTO user_message(messageID, content, messageDate)VALUES(54,'He likes rock.','2023-6-17 18:55:48');INSERT INTO user_conversation(messageID, senderID, receiverID)VALUES(54,1,14);INSERT INTO user_message(messageID, content, messageDate)VALUES(55,'Do both sentences really mean the same thing?','2024-4-19 15:35:11');INSERT INTO user_conversation(messageID, senderID, receiverID)VALUES(55,1,14);INSERT INTO user_message(messageID, content, messageDate)VALUES(56,'I'm not surprised Tom didn't accept the job.','2023-9-23 10:46:31');INSERT INTO user_conversation(messageID, senderID, receiverID)VALUES(56,1,14);INSERT INTO user_message(messageID, content, messageDate)VALUES(57,'No one dares to contradict his employer for fear of being fired.','2024-7-8 4:11:35');INSERT INTO user_conversation(messageID, senderID, receiverID)VALUES(57,1,14);INSERT INTO user_message(messageID, content, messageDate)VALUES(58,'Tom gave me a bad cold.','2024-4-20 19:19:44');INSERT INTO user_conversation(messageID, senderID, receiverID)VALUES(58,1,19);INSERT INTO user_message(messageID, content, messageDate)VALUES(59,'I've only seen people do that in movies.','2024-7-17 2:19:25');INSERT INTO user_conversation(messageID, senderID, receiverID)VALUES(59,1,19);INSERT INTO user_message(messageID, content, messageDate)VALUES(60,'Tom and Mary do that even when they're sick.','2023-10-10 1:29:20');INSERT INTO user_conversation(messageID, senderID, receiverID)VALUES(60,1,19);INSERT INTO user_message(messageID, content, messageDate)VALUES(61,'Rents in the city centre are prohibitively expensive.','2024-5-18 18:11:58');INSERT INTO user_conversation(messageID, senderID, receiverID)VALUES(61,1,19);INSERT INTO user_message(messageID, content, messageDate)VALUES(62,'I said leave them alone.','2024-7-19 8:29:32');INSERT INTO user_conversation(messageID, senderID, receiverID)VALUES(62,1,19);INSERT INTO user_message(messageID, content, messageDate)VALUES(63,'My summer school dress is blue and white checkered.','2024-11-2 1:14:16');INSERT INTO user_conversation(messageID, senderID, receiverID)VALUES(63,1,19);INSERT INTO user_message(messageID, content, messageDate)VALUES(64,'No, you don't.','2024-10-18 8:10:29');INSERT INTO user_conversation(messageID, senderID, receiverID)VALUES(64,1,19);INSERT INTO user_message(messageID, content, messageDate)VALUES(65,'I'll inform Tom about what we decided.','2023-5-20 13:41:29');INSERT INTO user_conversation(messageID, senderID, receiverID)VALUES(65,1,19);INSERT INTO user_message(messageID, content, messageDate)VALUES(66,'Tom doesn't think you're going to do that.','2023-7-3 11:53:28');INSERT INTO user_conversation(messageID, senderID, receiverID)VALUES(66,19,1);INSERT INTO user_message(messageID, content, messageDate)VALUES(67,'Most basketball players are tall.','2024-4-2 18:42:17');INSERT INTO user_conversation(messageID, senderID, receiverID)VALUES(67,19,1);INSERT INTO user_message(messageID, content, messageDate)VALUES(68,'I hate rainy days.','2024-12-20 9:59:5');INSERT INTO user_conversation(messageID, senderID, receiverID)VALUES(68,1,3);INSERT INTO user_message(messageID, content, messageDate)VALUES(69,'It seems like Tom and Mary enjoy doing that.','2023-8-3 19:23:37');INSERT INTO user_conversation(messageID, senderID, receiverID)VALUES(69,1,3);INSERT INTO user_message(messageID, content, messageDate)VALUES(70,'Tom told me that he was really hungry.','2024-6-30 4:27:35');INSERT INTO user_conversation(messageID, senderID, receiverID)VALUES(70,1,3);INSERT INTO user_message(messageID, content, messageDate)VALUES(71,'Astro Boy protected the country from danger.','2024-4-3 1:36:37');INSERT INTO user_conversation(messageID, senderID, receiverID)VALUES(71,1,3);INSERT INTO user_message(messageID, content, messageDate)VALUES(72,'I couldn't fall asleep, so I started to read a book.','2024-2-26 22:36:50');INSERT INTO user_conversation(messageID, senderID, receiverID)VALUES(72,1,3);INSERT INTO user_message(messageID, content, messageDate)VALUES(73,'Tom grabbed Mary by the arm and pulled her out of the water.','2023-2-15 23:28:26');INSERT INTO user_conversation(messageID, senderID, receiverID)VALUES(73,1,3);INSERT INTO user_message(messageID, content, messageDate)VALUES(74,'Those are serious accusations.','2024-7-28 8:22:7');INSERT INTO user_conversation(messageID, senderID, receiverID)VALUES(74,1,3);INSERT INTO user_message(messageID, content, messageDate)VALUES(75,'Tom realized Mary had to help John do that.','2023-12-26 12:20:34');INSERT INTO user_conversation(messageID, senderID, receiverID)VALUES(75,3,1);INSERT INTO user_message(messageID, content, messageDate)VALUES(76,'They aren't just any 3-D glasses.','2023-10-11 6:55:59');INSERT INTO user_conversation(messageID, senderID, receiverID)VALUES(76,3,1);INSERT INTO user_message(messageID, content, messageDate)VALUES(77,'We've made a big mistake.','2024-8-10 6:1:1');INSERT INTO user_conversation(messageID, senderID, receiverID)VALUES(77,3,1);INSERT INTO user_message(messageID, content, messageDate)VALUES(78,'He hypnotized her.','2023-9-8 9:47:19');INSERT INTO user_conversation(messageID, senderID, receiverID)VALUES(78,1,17);INSERT INTO user_message(messageID, content, messageDate)VALUES(79,'You're getting into deep water.','2024-3-21 23:35:49');INSERT INTO user_conversation(messageID, senderID, receiverID)VALUES(79,1,17);INSERT INTO user_message(messageID, content, messageDate)VALUES(80,'We'll be hungry again in an hour.','2024-5-16 5:0:1');INSERT INTO user_conversation(messageID, senderID, receiverID)VALUES(80,17,1);INSERT INTO user_message(messageID, content, messageDate)VALUES(81,'He's thirty.','2023-7-22 5:28:7');INSERT INTO user_conversation(messageID, senderID, receiverID)VALUES(81,17,1);INSERT INTO user_message(messageID, content, messageDate)VALUES(82,'His face brightened.','2024-3-21 6:4:11');INSERT INTO user_conversation(messageID, senderID, receiverID)VALUES(82,17,1);INSERT INTO user_message(messageID, content, messageDate)VALUES(83,'According to you, which sport is the most popular one in Japan?','2024-10-28 2:55:55');INSERT INTO user_conversation(messageID, senderID, receiverID)VALUES(83,17,1);INSERT INTO user_message(messageID, content, messageDate)VALUES(84,'I've already checked those possibilities.','2023-10-30 1:37:31');INSERT INTO user_conversation(messageID, senderID, receiverID)VALUES(84,17,1);INSERT INTO user_message(messageID, content, messageDate)VALUES(85,'I've been spending time outside.','2023-11-28 23:10:2');INSERT INTO user_conversation(messageID, senderID, receiverID)VALUES(85,17,1);INSERT INTO user_message(messageID, content, messageDate)VALUES(86,'I haven't eaten lunch yet.','2024-8-12 16:1:7');INSERT INTO user_conversation(messageID, senderID, receiverID)VALUES(86,17,1);INSERT INTO user_message(messageID, content, messageDate)VALUES(87,'It's not Tom you have to watch out for.','2024-7-15 2:30:41');INSERT INTO user_conversation(messageID, senderID, receiverID)VALUES(87,17,1);INSERT INTO user_message(messageID, content, messageDate)VALUES(88,'Tom said that he planned to do that on October 20th.','2024-9-15 12:15:39');INSERT INTO user_conversation(messageID, senderID, receiverID)VALUES(88,17,1);INSERT INTO user_message(messageID, content, messageDate)VALUES(89,'Tom was waiting for me at the pool.','2024-11-12 16:28:19');INSERT INTO user_conversation(messageID, senderID, receiverID)VALUES(89,1,4);INSERT INTO user_message(messageID, content, messageDate)VALUES(90,'I got in trouble with the police last night.','2024-11-15 1:56:1');INSERT INTO user_conversation(messageID, senderID, receiverID)VALUES(90,1,4);INSERT INTO user_message(messageID, content, messageDate)VALUES(91,'I am calling from Germany.','2024-7-13 3:54:19');INSERT INTO user_conversation(messageID, senderID, receiverID)VALUES(91,1,4);INSERT INTO user_message(messageID, content, messageDate)VALUES(92,'She often plays in the garden.','2023-8-16 7:32:58');INSERT INTO user_conversation(messageID, senderID, receiverID)VALUES(92,1,4);INSERT INTO user_message(messageID, content, messageDate)VALUES(93,'Tom, I want you to stay with the kids.','2024-11-13 19:42:14');INSERT INTO user_conversation(messageID, senderID, receiverID)VALUES(93,4,1);INSERT INTO user_message(messageID, content, messageDate)VALUES(94,'Having lost my job I became one of the unwaged.','2023-8-25 14:18:40');INSERT INTO user_conversation(messageID, senderID, receiverID)VALUES(94,4,1);INSERT INTO user_message(messageID, content, messageDate)VALUES(95,'I bought a kitten.','2023-8-3 20:3:27');INSERT INTO user_conversation(messageID, senderID, receiverID)VALUES(95,4,1);INSERT INTO user_message(messageID, content, messageDate)VALUES(96,'It lifts your spirits.','2024-12-29 1:24:23');INSERT INTO user_conversation(messageID, senderID, receiverID)VALUES(96,4,1);INSERT INTO user_message(messageID, content, messageDate)VALUES(97,'You better go get dressed now.','2023-4-7 11:57:57');INSERT INTO user_conversation(messageID, senderID, receiverID)VALUES(97,4,1);INSERT INTO user_message(messageID, content, messageDate)VALUES(98,'Libya's foreign minister has defected.','2024-11-6 23:27:51');INSERT INTO user_conversation(messageID, senderID, receiverID)VALUES(98,4,1);INSERT INTO user_message(messageID, content, messageDate)VALUES(99,'I have heard this proverb used.','2024-7-9 12:46:12');INSERT INTO user_conversation(messageID, senderID, receiverID)VALUES(99,2,6);INSERT INTO user_message(messageID, content, messageDate)VALUES(100,'As of 2012, Maggi Seasoning is 125 years old.','2023-6-22 14:45:0');INSERT INTO user_conversation(messageID, senderID, receiverID)VALUES(100,2,6);INSERT INTO user_message(messageID, content, messageDate)VALUES(101,'I think Tom might cry.','2024-12-6 4:14:20');INSERT INTO user_conversation(messageID, senderID, receiverID)VALUES(101,2,6);INSERT INTO user_message(messageID, content, messageDate)VALUES(102,'Ask yourself that question.','2024-11-6 1:55:5');INSERT INTO user_conversation(messageID, senderID, receiverID)VALUES(102,2,6);INSERT INTO user_message(messageID, content, messageDate)VALUES(103,'Sami is not supposed to touch this dog.','2023-6-6 11:52:42');INSERT INTO user_conversation(messageID, senderID, receiverID)VALUES(103,2,6);INSERT INTO user_message(messageID, content, messageDate)VALUES(104,'Airplanes are audible long before they are visible.','2024-12-3 3:15:17');INSERT INTO user_conversation(messageID, senderID, receiverID)VALUES(104,2,6);INSERT INTO user_message(messageID, content, messageDate)VALUES(105,'Apparently Tom's father is into photography.','2024-9-27 11:51:56');INSERT INTO user_conversation(messageID, senderID, receiverID)VALUES(105,2,6);INSERT INTO user_message(messageID, content, messageDate)VALUES(106,'I'm sure you must've seen it.','2023-4-9 12:52:38');INSERT INTO user_conversation(messageID, senderID, receiverID)VALUES(106,2,6);INSERT INTO user_message(messageID, content, messageDate)VALUES(107,'He was speaking to some neighbors.','2023-10-23 12:56:14');INSERT INTO user_conversation(messageID, senderID, receiverID)VALUES(107,2,6);INSERT INTO user_message(messageID, content, messageDate)VALUES(108,'You're breaking up with me, aren't you?','2024-9-21 13:56:24');INSERT INTO user_conversation(messageID, senderID, receiverID)VALUES(108,6,2);INSERT INTO user_message(messageID, content, messageDate)VALUES(109,'If it rains tomorrow, I will stay at home all day.','2024-9-11 18:21:13');INSERT INTO user_conversation(messageID, senderID, receiverID)VALUES(109,6,2);INSERT INTO user_message(messageID, content, messageDate)VALUES(110,'I didn't like Tom at first.','2023-11-21 14:25:52');INSERT INTO user_conversation(messageID, senderID, receiverID)VALUES(110,6,2);INSERT INTO user_message(messageID, content, messageDate)VALUES(111,'It's the last one.','2023-5-6 5:31:42');INSERT INTO user_conversation(messageID, senderID, receiverID)VALUES(111,6,2);INSERT INTO user_message(messageID, content, messageDate)VALUES(112,'Taro's and Hanako's desk is small.','2024-12-27 20:47:39');INSERT INTO user_conversation(messageID, senderID, receiverID)VALUES(112,6,2);INSERT INTO user_message(messageID, content, messageDate)VALUES(113,'This may not sound serious.','2024-2-4 1:37:50');INSERT INTO user_conversation(messageID, senderID, receiverID)VALUES(113,6,2);INSERT INTO user_message(messageID, content, messageDate)VALUES(114,'How do you know Yanni?','2024-6-2 3:56:55');INSERT INTO user_conversation(messageID, senderID, receiverID)VALUES(114,6,2);INSERT INTO user_message(messageID, content, messageDate)VALUES(115,'That's really immature, Tom.','2024-4-16 3:45:16');INSERT INTO user_conversation(messageID, senderID, receiverID)VALUES(115,15,2);INSERT INTO user_message(messageID, content, messageDate)VALUES(116,'Hey, could you give me a hand over here, please?','2023-2-9 23:59:10');INSERT INTO user_conversation(messageID, senderID, receiverID)VALUES(116,15,2);INSERT INTO user_message(messageID, content, messageDate)VALUES(117,'They told me that they're cold.','2024-7-7 4:35:54');INSERT INTO user_conversation(messageID, senderID, receiverID)VALUES(117,15,2);INSERT INTO user_message(messageID, content, messageDate)VALUES(118,'I can't do it right away.','2024-9-23 16:8:51');INSERT INTO user_conversation(messageID, senderID, receiverID)VALUES(118,15,2);INSERT INTO user_message(messageID, content, messageDate)VALUES(119,'This book is more interesting than the one I read last week.','2024-5-8 10:3:4');INSERT INTO user_conversation(messageID, senderID, receiverID)VALUES(119,2,12);INSERT INTO user_message(messageID, content, messageDate)VALUES(120,'Mennad wanted to come to a party.','2023-7-20 1:0:17');INSERT INTO user_conversation(messageID, senderID, receiverID)VALUES(120,2,12);INSERT INTO user_message(messageID, content, messageDate)VALUES(121,'It was decided that Tom should do that.','2023-8-28 11:32:14');INSERT INTO user_conversation(messageID, senderID, receiverID)VALUES(121,2,12);INSERT INTO user_message(messageID, content, messageDate)VALUES(122,'Algeria rejects Western hegemony.','2024-8-30 12:18:35');INSERT INTO user_conversation(messageID, senderID, receiverID)VALUES(122,2,12);INSERT INTO user_message(messageID, content, messageDate)VALUES(123,'She said that she was getting drowsy.','2023-2-12 1:25:3');INSERT INTO user_conversation(messageID, senderID, receiverID)VALUES(123,12,2);INSERT INTO user_message(messageID, content, messageDate)VALUES(124,'I like your tea.','2023-9-10 8:36:38');INSERT INTO user_conversation(messageID, senderID, receiverID)VALUES(124,12,2);INSERT INTO user_message(messageID, content, messageDate)VALUES(125,'This is not my business!','2024-8-17 20:31:48');INSERT INTO user_conversation(messageID, senderID, receiverID)VALUES(125,12,2);INSERT INTO user_message(messageID, content, messageDate)VALUES(126,'When she came to Berlin to study, she was still very young.','2023-6-15 12:55:46');INSERT INTO user_conversation(messageID, senderID, receiverID)VALUES(126,12,2);INSERT INTO user_message(messageID, content, messageDate)VALUES(127,'The Tuaregs don't always get along with the other ethnic groups of the Sahara and the Sahel regions.','2024-10-10 7:54:6');INSERT INTO user_conversation(messageID, senderID, receiverID)VALUES(127,2,5);INSERT INTO user_message(messageID, content, messageDate)VALUES(128,'Tom doesn't understand Mary at all.','2023-10-13 3:19:14');INSERT INTO user_conversation(messageID, senderID, receiverID)VALUES(128,2,5);INSERT INTO user_message(messageID, content, messageDate)VALUES(129,'We've been working closely with Tom.','2024-12-23 20:24:50');INSERT INTO user_conversation(messageID, senderID, receiverID)VALUES(129,2,5);INSERT INTO user_message(messageID, content, messageDate)VALUES(130,'Tomorrow will be perfect.','2023-4-17 13:35:4');INSERT INTO user_conversation(messageID, senderID, receiverID)VALUES(130,14,2);INSERT INTO user_message(messageID, content, messageDate)VALUES(131,'That won't happen either.','2023-9-30 19:19:42');INSERT INTO user_conversation(messageID, senderID, receiverID)VALUES(131,14,2);INSERT INTO user_message(messageID, content, messageDate)VALUES(132,'I bought a new printer.','2024-4-16 5:46:24');INSERT INTO user_conversation(messageID, senderID, receiverID)VALUES(132,14,2);INSERT INTO user_message(messageID, content, messageDate)VALUES(133,'Our parents live right across the street from us.','2024-2-20 20:46:43');INSERT INTO user_conversation(messageID, senderID, receiverID)VALUES(133,2,16);INSERT INTO user_message(messageID, content, messageDate)VALUES(134,'Tom shook his head as he drove away.','2023-5-7 16:22:19');INSERT INTO user_conversation(messageID, senderID, receiverID)VALUES(134,2,16);INSERT INTO user_message(messageID, content, messageDate)VALUES(135,'I should've called her.','2024-8-20 5:1:13');INSERT INTO user_conversation(messageID, senderID, receiverID)VALUES(135,2,16);INSERT INTO user_message(messageID, content, messageDate)VALUES(136,'Who gave those flowers to you?','2023-12-28 19:36:52');INSERT INTO user_conversation(messageID, senderID, receiverID)VALUES(136,16,2);INSERT INTO user_message(messageID, content, messageDate)VALUES(137,'Do you think we'll never see Tom again?','2024-8-14 15:13:44');INSERT INTO user_conversation(messageID, senderID, receiverID)VALUES(137,2,7);INSERT INTO user_message(messageID, content, messageDate)VALUES(138,'This has an interesting aftertaste.','2023-11-29 0:58:37');INSERT INTO user_conversation(messageID, senderID, receiverID)VALUES(138,2,7);INSERT INTO user_message(messageID, content, messageDate)VALUES(139,'It's very small and cramped.','2023-2-23 17:9:45');INSERT INTO user_conversation(messageID, senderID, receiverID)VALUES(139,2,7);INSERT INTO user_message(messageID, content, messageDate)VALUES(140,'I didn't follow that.','2024-5-7 1:37:23');INSERT INTO user_conversation(messageID, senderID, receiverID)VALUES(140,2,7);INSERT INTO user_message(messageID, content, messageDate)VALUES(141,'I won't complain about that.','2023-10-21 16:24:1');INSERT INTO user_conversation(messageID, senderID, receiverID)VALUES(141,2,7);INSERT INTO user_message(messageID, content, messageDate)VALUES(142,'He looked nothing like his profile picture.','2023-2-7 22:34:41');INSERT INTO user_conversation(messageID, senderID, receiverID)VALUES(142,7,2);INSERT INTO user_message(messageID, content, messageDate)VALUES(143,'Most anime characters have large eyes.','2023-12-2 11:34:12');INSERT INTO user_conversation(messageID, senderID, receiverID)VALUES(143,7,2);INSERT INTO user_message(messageID, content, messageDate)VALUES(144,'Waves are fun to play in.','2023-9-10 1:35:38');INSERT INTO user_conversation(messageID, senderID, receiverID)VALUES(144,2,17);INSERT INTO user_message(messageID, content, messageDate)VALUES(145,'Did we hit something?','2024-6-3 14:22:32');INSERT INTO user_conversation(messageID, senderID, receiverID)VALUES(145,2,17);INSERT INTO user_message(messageID, content, messageDate)VALUES(146,'I hear someone calling.','2023-7-16 14:14:10');INSERT INTO user_conversation(messageID, senderID, receiverID)VALUES(146,2,17);INSERT INTO user_message(messageID, content, messageDate)VALUES(147,'Thanks for your thought-provoking speech.','2023-8-25 11:55:42');INSERT INTO user_conversation(messageID, senderID, receiverID)VALUES(147,2,17);INSERT INTO user_message(messageID, content, messageDate)VALUES(148,'Tom bought a present for his son.','2023-12-27 17:31:30');INSERT INTO user_conversation(messageID, senderID, receiverID)VALUES(148,2,17);INSERT INTO user_message(messageID, content, messageDate)VALUES(149,'He wears his heart on his sleeve.','2024-5-20 13:21:34');INSERT INTO user_conversation(messageID, senderID, receiverID)VALUES(149,2,17);INSERT INTO user_message(messageID, content, messageDate)VALUES(150,'Mary didn't seem to remember what she needed to do.','2023-12-11 21:33:53');INSERT INTO user_conversation(messageID, senderID, receiverID)VALUES(150,2,17);INSERT INTO user_message(messageID, content, messageDate)VALUES(151,'Mary nearly killed herself a few hours ago.','2023-5-29 12:45:43');INSERT INTO user_conversation(messageID, senderID, receiverID)VALUES(151,2,17);INSERT INTO user_message(messageID, content, messageDate)VALUES(152,'Why didn't you tell me that you were allergic to peanuts?','2023-7-4 15:47:27');INSERT INTO user_conversation(messageID, senderID, receiverID)VALUES(152,3,16);INSERT INTO user_message(messageID, content, messageDate)VALUES(153,'Sami wasn't going to go away quietly.','2023-9-13 12:10:12');INSERT INTO user_conversation(messageID, senderID, receiverID)VALUES(153,3,16);INSERT INTO user_message(messageID, content, messageDate)VALUES(154,'Sami is in his country.','2023-8-5 5:20:3');INSERT INTO user_conversation(messageID, senderID, receiverID)VALUES(154,3,16);INSERT INTO user_message(messageID, content, messageDate)VALUES(155,'He has never been to Okinawa before.','2024-10-2 7:35:55');INSERT INTO user_conversation(messageID, senderID, receiverID)VALUES(155,3,16);INSERT INTO user_message(messageID, content, messageDate)VALUES(156,'Our project fell into the water.','2024-4-27 0:53:35');INSERT INTO user_conversation(messageID, senderID, receiverID)VALUES(156,3,16);INSERT INTO user_message(messageID, content, messageDate)VALUES(157,'What do you think about this song?','2024-4-15 1:37:8');INSERT INTO user_conversation(messageID, senderID, receiverID)VALUES(157,3,16);INSERT INTO user_message(messageID, content, messageDate)VALUES(158,'His brother isn't here today.','2023-2-24 1:2:35');INSERT INTO user_conversation(messageID, senderID, receiverID)VALUES(158,3,16);INSERT INTO user_message(messageID, content, messageDate)VALUES(159,'This book is too expensive for me.','2023-6-21 6:24:44');INSERT INTO user_conversation(messageID, senderID, receiverID)VALUES(159,16,3);INSERT INTO user_message(messageID, content, messageDate)VALUES(160,'Get in line, weirdo.','2024-10-2 21:35:30');INSERT INTO user_conversation(messageID, senderID, receiverID)VALUES(160,16,3);INSERT INTO user_message(messageID, content, messageDate)VALUES(161,'It was really nice of you to stop by.','2024-8-12 0:43:59');INSERT INTO user_conversation(messageID, senderID, receiverID)VALUES(161,16,3);INSERT INTO user_message(messageID, content, messageDate)VALUES(162,'He explained the rules in detail.','2023-7-12 1:40:56');INSERT INTO user_conversation(messageID, senderID, receiverID)VALUES(162,16,3);INSERT INTO user_message(messageID, content, messageDate)VALUES(163,'He might ask you to help him.','2024-7-26 13:19:2');INSERT INTO user_conversation(messageID, senderID, receiverID)VALUES(163,16,3);INSERT INTO user_message(messageID, content, messageDate)VALUES(164,'Tom decided to risk it all.','2023-4-10 3:53:56');INSERT INTO user_conversation(messageID, senderID, receiverID)VALUES(164,3,15);INSERT INTO user_message(messageID, content, messageDate)VALUES(165,'Yanni died from gunfire.','2024-11-2 2:20:31');INSERT INTO user_conversation(messageID, senderID, receiverID)VALUES(165,3,15);INSERT INTO user_message(messageID, content, messageDate)VALUES(166,'How will you be spending your weekend?','2023-7-10 19:49:8');INSERT INTO user_conversation(messageID, senderID, receiverID)VALUES(166,3,15);INSERT INTO user_message(messageID, content, messageDate)VALUES(167,'I know that Tom likes it.','2024-10-11 2:47:33');INSERT INTO user_conversation(messageID, senderID, receiverID)VALUES(167,3,15);INSERT INTO user_message(messageID, content, messageDate)VALUES(168,'Mary finishes her shift at 2:30.','2024-12-25 15:12:34');INSERT INTO user_conversation(messageID, senderID, receiverID)VALUES(168,3,15);INSERT INTO user_message(messageID, content, messageDate)VALUES(169,'Tom wants a shot at that.','2024-8-28 2:39:18');INSERT INTO user_conversation(messageID, senderID, receiverID)VALUES(169,3,15);INSERT INTO user_message(messageID, content, messageDate)VALUES(170,'Good bye!','2024-7-31 1:50:3');INSERT INTO user_conversation(messageID, senderID, receiverID)VALUES(170,15,3);INSERT INTO user_message(messageID, content, messageDate)VALUES(171,'He must have done it out of mischief.','2024-3-25 5:3:44');INSERT INTO user_conversation(messageID, senderID, receiverID)VALUES(171,3,13);INSERT INTO user_message(messageID, content, messageDate)VALUES(172,'Tom told Mary that he'd help John do that.','2023-4-24 5:38:27');INSERT INTO user_conversation(messageID, senderID, receiverID)VALUES(172,13,3);INSERT INTO user_message(messageID, content, messageDate)VALUES(173,'We're all immigrants, if not in first person, then definitely in the form of some relative or ancestor.','2023-4-28 11:16:27');INSERT INTO user_conversation(messageID, senderID, receiverID)VALUES(173,13,3);INSERT INTO user_message(messageID, content, messageDate)VALUES(174,'I looked for something I could use to defend myself.','2023-6-8 20:45:25');INSERT INTO user_conversation(messageID, senderID, receiverID)VALUES(174,13,3);INSERT INTO user_message(messageID, content, messageDate)VALUES(175,'I normally get off work at about 8 o'clock in the evening.','2024-10-21 7:42:20');INSERT INTO user_conversation(messageID, senderID, receiverID)VALUES(175,13,3);INSERT INTO user_message(messageID, content, messageDate)VALUES(176,'I don't think Tom has any plans for tomorrow.','2024-3-26 18:27:9');INSERT INTO user_conversation(messageID, senderID, receiverID)VALUES(176,13,3);INSERT INTO user_message(messageID, content, messageDate)VALUES(177,'He told me he'd be careful.','2024-5-17 3:18:20');INSERT INTO user_conversation(messageID, senderID, receiverID)VALUES(177,4,6);INSERT INTO user_message(messageID, content, messageDate)VALUES(178,'Ziri talked about weird stuff that he had experienced as a kid.','2023-7-24 9:47:3');INSERT INTO user_conversation(messageID, senderID, receiverID)VALUES(178,6,4);INSERT INTO user_message(messageID, content, messageDate)VALUES(179,'Can I be honest with you?','2023-8-11 5:42:55');INSERT INTO user_conversation(messageID, senderID, receiverID)VALUES(179,6,4);INSERT INTO user_message(messageID, content, messageDate)VALUES(180,'Chromium is the name for the element with atomic number 24 and is represented by the symbol Cr. It is a member of the transition metals group.','2024-6-16 0:7:1');INSERT INTO user_conversation(messageID, senderID, receiverID)VALUES(180,6,4);INSERT INTO user_message(messageID, content, messageDate)VALUES(181,'Please be back by 2:30.','2023-3-17 16:42:37');INSERT INTO user_conversation(messageID, senderID, receiverID)VALUES(181,6,4);INSERT INTO user_message(messageID, content, messageDate)VALUES(182,'I do not know the train schedules, could you find out for me?','2023-6-30 1:32:57');INSERT INTO user_conversation(messageID, senderID, receiverID)VALUES(182,6,4);INSERT INTO user_message(messageID, content, messageDate)VALUES(183,'Tom says I need to do that.','2024-2-23 1:14:36');INSERT INTO user_conversation(messageID, senderID, receiverID)VALUES(183,6,4);INSERT INTO user_message(messageID, content, messageDate)VALUES(184,'Send my best wishes to your family.','2023-2-6 18:41:41');INSERT INTO user_conversation(messageID, senderID, receiverID)VALUES(184,4,19);INSERT INTO user_message(messageID, content, messageDate)VALUES(185,'I don't feel like filling out this questionnaire. There are too many items.','2024-3-18 5:6:18');INSERT INTO user_conversation(messageID, senderID, receiverID)VALUES(185,4,19);INSERT INTO user_message(messageID, content, messageDate)VALUES(186,'Are your glasses prescription?','2023-8-10 21:22:19');INSERT INTO user_conversation(messageID, senderID, receiverID)VALUES(186,4,19);INSERT INTO user_message(messageID, content, messageDate)VALUES(187,'You two make such a cute couple.','2023-4-24 2:37:25');INSERT INTO user_conversation(messageID, senderID, receiverID)VALUES(187,4,19);INSERT INTO user_message(messageID, content, messageDate)VALUES(188,'Do you know whether it's going to rain tomorrow?','2023-3-11 15:22:50');INSERT INTO user_conversation(messageID, senderID, receiverID)VALUES(188,4,19);INSERT INTO user_message(messageID, content, messageDate)VALUES(189,'The witches were stripped naked and danced in circle.','2023-6-4 8:30:44');INSERT INTO user_conversation(messageID, senderID, receiverID)VALUES(189,4,19);INSERT INTO user_message(messageID, content, messageDate)VALUES(190,'It was enough.','2023-10-2 22:6:52');INSERT INTO user_conversation(messageID, senderID, receiverID)VALUES(190,4,19);INSERT INTO user_message(messageID, content, messageDate)VALUES(191,'They carried the injured man by car to the hospital.','2024-2-20 4:4:50');INSERT INTO user_conversation(messageID, senderID, receiverID)VALUES(191,4,19);INSERT INTO user_message(messageID, content, messageDate)VALUES(192,'Tom didn't know I was supposed to do that today.','2024-9-16 13:7:25');INSERT INTO user_conversation(messageID, senderID, receiverID)VALUES(192,4,19);INSERT INTO user_message(messageID, content, messageDate)VALUES(193,'They live on a small island off the coast of Greece.','2024-8-19 4:12:57');INSERT INTO user_conversation(messageID, senderID, receiverID)VALUES(193,19,4);INSERT INTO user_message(messageID, content, messageDate)VALUES(194,'I apologized to my boss.','2024-9-23 22:24:51');INSERT INTO user_conversation(messageID, senderID, receiverID)VALUES(194,19,4);INSERT INTO user_message(messageID, content, messageDate)VALUES(195,'Tom wasn't surprised Mary was still up.','2024-8-23 20:34:40');INSERT INTO user_conversation(messageID, senderID, receiverID)VALUES(195,19,4);INSERT INTO user_message(messageID, content, messageDate)VALUES(196,'Tom wasn't the first man Mary robbed.','2023-11-22 0:5:23');INSERT INTO user_conversation(messageID, senderID, receiverID)VALUES(196,19,4);INSERT INTO user_message(messageID, content, messageDate)VALUES(197,'Sami needs to record another video.','2023-9-18 7:5:51');INSERT INTO user_conversation(messageID, senderID, receiverID)VALUES(197,19,4);INSERT INTO user_message(messageID, content, messageDate)VALUES(198,'Tom is very fat, isn't he?','2023-5-6 1:20:48');INSERT INTO user_conversation(messageID, senderID, receiverID)VALUES(198,19,4);INSERT INTO user_message(messageID, content, messageDate)VALUES(199,'He was very sure he had to do that.','2024-5-14 19:24:7');INSERT INTO user_conversation(messageID, senderID, receiverID)VALUES(199,19,4);INSERT INTO user_message(messageID, content, messageDate)VALUES(200,'Can you count to ten?','2024-2-10 14:59:49');INSERT INTO user_conversation(messageID, senderID, receiverID)VALUES(200,19,4);INSERT INTO user_message(messageID, content, messageDate)VALUES(201,'We just met tonight.','2023-8-30 23:36:13');INSERT INTO user_conversation(messageID, senderID, receiverID)VALUES(201,4,11);INSERT INTO user_message(messageID, content, messageDate)VALUES(202,'Mary's parents live in a 8,000 sq ft. mountaintop home in Aspen.','2023-8-15 11:50:41');INSERT INTO user_conversation(messageID, senderID, receiverID)VALUES(202,4,11);INSERT INTO user_message(messageID, content, messageDate)VALUES(203,'Out of the way!','2023-4-2 3:33:38');INSERT INTO user_conversation(messageID, senderID, receiverID)VALUES(203,4,11);INSERT INTO user_message(messageID, content, messageDate)VALUES(204,'Tom has lost more than thirty kilograms.','2024-7-23 22:44:1');INSERT INTO user_conversation(messageID, senderID, receiverID)VALUES(204,4,11);INSERT INTO user_message(messageID, content, messageDate)VALUES(205,'Sami created a fake account.','2024-12-7 14:52:24');INSERT INTO user_conversation(messageID, senderID, receiverID)VALUES(205,4,11);INSERT INTO user_message(messageID, content, messageDate)VALUES(206,'I don't think Mary knows what she needs to do yet.','2023-11-22 1:41:30');INSERT INTO user_conversation(messageID, senderID, receiverID)VALUES(206,4,11);INSERT INTO user_message(messageID, content, messageDate)VALUES(207,'Does everybody have a pencil?','2024-5-30 2:25:53');INSERT INTO user_conversation(messageID, senderID, receiverID)VALUES(207,4,11);INSERT INTO user_message(messageID, content, messageDate)VALUES(208,'My husband is in prison.','2023-11-26 3:40:5');INSERT INTO user_conversation(messageID, senderID, receiverID)VALUES(208,4,11);INSERT INTO user_message(messageID, content, messageDate)VALUES(209,'He regretted what he did.','2024-3-16 3:51:14');INSERT INTO user_conversation(messageID, senderID, receiverID)VALUES(209,4,11);INSERT INTO user_message(messageID, content, messageDate)VALUES(210,'There's a restaurant pretty close to here, but it's not very good.','2024-2-20 20:57:52');INSERT INTO user_conversation(messageID, senderID, receiverID)VALUES(210,11,4);INSERT INTO user_message(messageID, content, messageDate)VALUES(211,'Sami told Layla that cheating wasn't really his thing.','2024-5-2 1:12:3');INSERT INTO user_conversation(messageID, senderID, receiverID)VALUES(211,11,4);INSERT INTO user_message(messageID, content, messageDate)VALUES(212,'For men of that culture, women with extremely long necks are considered attractive.','2024-4-18 16:20:8');INSERT INTO user_conversation(messageID, senderID, receiverID)VALUES(212,11,4);INSERT INTO user_message(messageID, content, messageDate)VALUES(213,'Mary said she wouldn't do it again.','2024-2-6 15:50:8');INSERT INTO user_conversation(messageID, senderID, receiverID)VALUES(213,11,4);INSERT INTO user_message(messageID, content, messageDate)VALUES(214,'Boston isn't at all like Chicago.','2023-9-10 10:42:38');INSERT INTO user_conversation(messageID, senderID, receiverID)VALUES(214,11,4);INSERT INTO user_message(messageID, content, messageDate)VALUES(215,'Let this be a lesson for you.','2024-11-27 7:58:9');INSERT INTO user_conversation(messageID, senderID, receiverID)VALUES(215,4,12);INSERT INTO user_message(messageID, content, messageDate)VALUES(216,'It isn't always easy to face reality.','2024-2-27 10:10:34');INSERT INTO user_conversation(messageID, senderID, receiverID)VALUES(216,4,12);INSERT INTO user_message(messageID, content, messageDate)VALUES(217,'Sami slept in the living room.','2024-5-20 1:42:29');INSERT INTO user_conversation(messageID, senderID, receiverID)VALUES(217,4,12);INSERT INTO user_message(messageID, content, messageDate)VALUES(218,'I realized that his exposure to these books has really expanded his vocabulary.','2024-11-2 17:32:59');INSERT INTO user_conversation(messageID, senderID, receiverID)VALUES(218,4,12);INSERT INTO user_message(messageID, content, messageDate)VALUES(219,'Tom might be the best choice.','2023-2-8 16:49:16');INSERT INTO user_conversation(messageID, senderID, receiverID)VALUES(219,4,12);INSERT INTO user_message(messageID, content, messageDate)VALUES(220,'You can study IP related material during work hours when you have time to spare.','2023-8-12 23:32:58');INSERT INTO user_conversation(messageID, senderID, receiverID)VALUES(220,4,12);INSERT INTO user_message(messageID, content, messageDate)VALUES(221,'Tom thought the worst was over.','2023-5-16 23:55:14');INSERT INTO user_conversation(messageID, senderID, receiverID)VALUES(221,4,12);INSERT INTO user_message(messageID, content, messageDate)VALUES(222,'As I looked from their windows at the interminable granite-flecked moor rolling unbroken to the farthest horizon I could not but marvel at what could have brought this highly educated man and this beautiful woman to live in such a place.','2024-3-5 5:52:3');INSERT INTO user_conversation(messageID, senderID, receiverID)VALUES(222,12,4);INSERT INTO user_message(messageID, content, messageDate)VALUES(223,'Tom is visiting his grandfather.','2024-4-11 7:13:19');INSERT INTO user_conversation(messageID, senderID, receiverID)VALUES(223,12,4);INSERT INTO user_message(messageID, content, messageDate)VALUES(224,'Mary did not bleed in her first sexual intercourse with Tom.','2024-6-29 5:24:53');INSERT INTO user_conversation(messageID, senderID, receiverID)VALUES(224,12,4);INSERT INTO user_message(messageID, content, messageDate)VALUES(225,'Tom told me that he wasn't hungry.','2023-6-7 8:11:34');INSERT INTO user_conversation(messageID, senderID, receiverID)VALUES(225,12,4);INSERT INTO user_message(messageID, content, messageDate)VALUES(226,'I'm not asking for their opinion.','2023-3-20 5:48:41');INSERT INTO user_conversation(messageID, senderID, receiverID)VALUES(226,4,3);INSERT INTO user_message(messageID, content, messageDate)VALUES(227,'Tom was a rugby player.','2024-10-23 14:14:1');INSERT INTO user_conversation(messageID, senderID, receiverID)VALUES(227,4,3);INSERT INTO user_message(messageID, content, messageDate)VALUES(228,'Tom is going to need some more time.','2024-4-16 22:54:47');INSERT INTO user_conversation(messageID, senderID, receiverID)VALUES(228,4,3);INSERT INTO user_message(messageID, content, messageDate)VALUES(229,'Is this what you wanted me to buy?','2024-2-13 0:11:54');INSERT INTO user_conversation(messageID, senderID, receiverID)VALUES(229,4,3);INSERT INTO user_message(messageID, content, messageDate)VALUES(230,'We're still talking about it.','2024-4-20 4:1:18');INSERT INTO user_conversation(messageID, senderID, receiverID)VALUES(230,4,3);INSERT INTO user_message(messageID, content, messageDate)VALUES(231,'It's great to be here.','2023-7-6 17:7:47');INSERT INTO user_conversation(messageID, senderID, receiverID)VALUES(231,4,3);INSERT INTO user_message(messageID, content, messageDate)VALUES(232,'Oh, let's not talk about it.','2023-3-18 3:57:35');INSERT INTO user_conversation(messageID, senderID, receiverID)VALUES(232,4,3);INSERT INTO user_message(messageID, content, messageDate)VALUES(233,'Why did Tom do that for you?','2023-5-14 1:1:5');INSERT INTO user_conversation(messageID, senderID, receiverID)VALUES(233,4,3);INSERT INTO user_message(messageID, content, messageDate)VALUES(234,'I have to wake him up.','2023-4-16 2:34:21');INSERT INTO user_conversation(messageID, senderID, receiverID)VALUES(234,4,3);INSERT INTO user_message(messageID, content, messageDate)VALUES(235,'Tom and Mary told me that they thought John was upset.','2023-12-23 1:14:19');INSERT INTO user_conversation(messageID, senderID, receiverID)VALUES(235,3,4);INSERT INTO user_message(messageID, content, messageDate)VALUES(236,'Cactuses need only a little water.','2024-8-6 3:32:11');INSERT INTO user_conversation(messageID, senderID, receiverID)VALUES(236,3,4);INSERT INTO user_message(messageID, content, messageDate)VALUES(237,'They fool people into buying those amulets.','2023-2-18 14:39:47');INSERT INTO user_conversation(messageID, senderID, receiverID)VALUES(237,3,4);INSERT INTO user_message(messageID, content, messageDate)VALUES(238,'He's very laid back, isn't he?','2023-8-7 5:45:39');INSERT INTO user_conversation(messageID, senderID, receiverID)VALUES(238,3,4);INSERT INTO user_message(messageID, content, messageDate)VALUES(239,'If the government wants to write news, it is not news.','2023-8-9 13:45:8');INSERT INTO user_conversation(messageID, senderID, receiverID)VALUES(239,3,4);INSERT INTO user_message(messageID, content, messageDate)VALUES(240,'Their morale is high.','2023-11-4 0:46:37');INSERT INTO user_conversation(messageID, senderID, receiverID)VALUES(240,3,4);INSERT INTO user_message(messageID, content, messageDate)VALUES(241,'How much is all this going to cost?','2024-8-7 0:30:38');INSERT INTO user_conversation(messageID, senderID, receiverID)VALUES(241,3,4);INSERT INTO user_message(messageID, content, messageDate)VALUES(242,'Tom feels really bad about what happened.','2023-10-8 11:39:3');INSERT INTO user_conversation(messageID, senderID, receiverID)VALUES(242,3,4);INSERT INTO user_message(messageID, content, messageDate)VALUES(243,'This is the deepest lake in Japan.','2024-7-11 6:34:22');INSERT INTO user_conversation(messageID, senderID, receiverID)VALUES(243,3,4);INSERT INTO user_message(messageID, content, messageDate)VALUES(244,'If this is your knife, then I have lost mine.','2024-4-13 16:45:24');INSERT INTO user_conversation(messageID, senderID, receiverID)VALUES(244,4,10);INSERT INTO user_message(messageID, content, messageDate)VALUES(245,'In this hotel breakfast is served from 7:00 A.M. to 10:00 A.M.','2024-4-22 16:40:38');INSERT INTO user_conversation(messageID, senderID, receiverID)VALUES(245,4,10);INSERT INTO user_message(messageID, content, messageDate)VALUES(246,'Ziri never canceled an appointment.','2024-12-17 21:43:43');INSERT INTO user_conversation(messageID, senderID, receiverID)VALUES(246,4,10);INSERT INTO user_message(messageID, content, messageDate)VALUES(247,'Mary has never asked me to help her.','2023-6-5 7:24:10');INSERT INTO user_conversation(messageID, senderID, receiverID)VALUES(247,10,4);INSERT INTO user_message(messageID, content, messageDate)VALUES(248,'Tom said he was glad Mary did that.','2023-12-16 17:56:39');INSERT INTO user_conversation(messageID, senderID, receiverID)VALUES(248,10,4);INSERT INTO user_message(messageID, content, messageDate)VALUES(249,'Tom and Mary are going to take a quick break.','2024-12-22 10:34:31');INSERT INTO user_conversation(messageID, senderID, receiverID)VALUES(249,10,4);INSERT INTO user_message(messageID, content, messageDate)VALUES(250,'There are other changes, too.','2023-11-21 7:1:54');INSERT INTO user_conversation(messageID, senderID, receiverID)VALUES(250,4,5);INSERT INTO user_message(messageID, content, messageDate)VALUES(251,'Who knows for sure?','2024-9-11 19:8:59');INSERT INTO user_conversation(messageID, senderID, receiverID)VALUES(251,4,5);INSERT INTO user_message(messageID, content, messageDate)VALUES(252,'Buy one pair of shoes and get another pair for free.','2023-4-18 16:22:55');INSERT INTO user_conversation(messageID, senderID, receiverID)VALUES(252,4,5);INSERT INTO user_message(messageID, content, messageDate)VALUES(253,'How long can that last?','2023-10-7 9:35:29');INSERT INTO user_conversation(messageID, senderID, receiverID)VALUES(253,4,5);INSERT INTO user_message(messageID, content, messageDate)VALUES(254,'Is Tom really a relative of yours?','2024-6-22 23:9:58');INSERT INTO user_conversation(messageID, senderID, receiverID)VALUES(254,5,4);INSERT INTO user_message(messageID, content, messageDate)VALUES(255,'He is on leave.','2024-8-23 19:5:57');INSERT INTO user_conversation(messageID, senderID, receiverID)VALUES(255,5,4);INSERT INTO user_message(messageID, content, messageDate)VALUES(256,'I'd never leave early.','2023-8-15 14:48:19');INSERT INTO user_conversation(messageID, senderID, receiverID)VALUES(256,5,9);INSERT INTO user_message(messageID, content, messageDate)VALUES(257,'The textbook will show the meaning of every word using a picture.','2023-11-26 10:1:40');INSERT INTO user_conversation(messageID, senderID, receiverID)VALUES(257,5,9);INSERT INTO user_message(messageID, content, messageDate)VALUES(258,'I overheard the phone ringing.','2023-10-18 7:2:0');INSERT INTO user_conversation(messageID, senderID, receiverID)VALUES(258,9,5);INSERT INTO user_message(messageID, content, messageDate)VALUES(259,'I never had a room of my own.','2023-9-13 13:22:6');INSERT INTO user_conversation(messageID, senderID, receiverID)VALUES(259,9,5);INSERT INTO user_message(messageID, content, messageDate)VALUES(260,'You speak so quietly that I can barely hear you.','2023-2-23 11:30:20');INSERT INTO user_conversation(messageID, senderID, receiverID)VALUES(260,9,5);INSERT INTO user_message(messageID, content, messageDate)VALUES(261,'I recharged my phone.','2024-3-15 11:53:29');INSERT INTO user_conversation(messageID, senderID, receiverID)VALUES(261,9,5);INSERT INTO user_message(messageID, content, messageDate)VALUES(262,'At what time is sunset?','2024-4-29 16:41:59');INSERT INTO user_conversation(messageID, senderID, receiverID)VALUES(262,9,5);INSERT INTO user_message(messageID, content, messageDate)VALUES(263,'I have a low opinion of them.','2024-6-19 4:50:4');INSERT INTO user_conversation(messageID, senderID, receiverID)VALUES(263,9,5);INSERT INTO user_message(messageID, content, messageDate)VALUES(264,'I don't think Tom needs to do that.','2023-3-8 4:54:58');INSERT INTO user_conversation(messageID, senderID, receiverID)VALUES(264,9,5);INSERT INTO user_message(messageID, content, messageDate)VALUES(265,'He signed his name.','2024-4-13 15:19:37');INSERT INTO user_conversation(messageID, senderID, receiverID)VALUES(265,9,5);INSERT INTO user_message(messageID, content, messageDate)VALUES(266,'Tell me what the problem is.','2023-9-28 2:31:52');INSERT INTO user_conversation(messageID, senderID, receiverID)VALUES(266,9,5);INSERT INTO user_message(messageID, content, messageDate)VALUES(267,'Sami was loyal to his friends.','2024-8-17 5:9:20');INSERT INTO user_conversation(messageID, senderID, receiverID)VALUES(267,5,7);INSERT INTO user_message(messageID, content, messageDate)VALUES(268,'He purchased a duplex in Kabylie, Algeria.','2024-7-11 12:27:4');INSERT INTO user_conversation(messageID, senderID, receiverID)VALUES(268,5,7);INSERT INTO user_message(messageID, content, messageDate)VALUES(269,'Sami lives in the worst part of town.','2024-8-31 2:27:24');INSERT INTO user_conversation(messageID, senderID, receiverID)VALUES(269,5,7);INSERT INTO user_message(messageID, content, messageDate)VALUES(270,'If we're lucky, we'll have good weather tomorrow.','2024-2-19 14:53:34');INSERT INTO user_conversation(messageID, senderID, receiverID)VALUES(270,5,7);INSERT INTO user_message(messageID, content, messageDate)VALUES(271,'A precise date hasn't been set yet.','2024-8-4 10:4:42');INSERT INTO user_conversation(messageID, senderID, receiverID)VALUES(271,5,7);INSERT INTO user_message(messageID, content, messageDate)VALUES(272,'NASA's Ingenuity Mars Helicopter became the first aircraft in history to make a powered, controlled flight on another planet.','2024-9-29 8:10:3');INSERT INTO user_conversation(messageID, senderID, receiverID)VALUES(272,5,7);INSERT INTO user_message(messageID, content, messageDate)VALUES(273,'If Tom and Mary go, I will, too.','2024-2-15 8:51:12');INSERT INTO user_conversation(messageID, senderID, receiverID)VALUES(273,5,7);INSERT INTO user_message(messageID, content, messageDate)VALUES(274,'That's very cruel.','2023-6-30 23:27:52');INSERT INTO user_conversation(messageID, senderID, receiverID)VALUES(274,7,5);INSERT INTO user_message(messageID, content, messageDate)VALUES(275,'The photo shoot was fun.','2024-9-5 14:39:13');INSERT INTO user_conversation(messageID, senderID, receiverID)VALUES(275,7,5);INSERT INTO user_message(messageID, content, messageDate)VALUES(276,'Sami did the job.','2023-4-12 4:16:48');INSERT INTO user_conversation(messageID, senderID, receiverID)VALUES(276,7,5);INSERT INTO user_message(messageID, content, messageDate)VALUES(277,'Tom traveled on the legendary Orient Express from Paris to Istanbul.','2023-12-16 20:43:59');INSERT INTO user_conversation(messageID, senderID, receiverID)VALUES(277,7,5);INSERT INTO user_message(messageID, content, messageDate)VALUES(278,'I promised not to tell Tom.','2024-4-11 4:12:43');INSERT INTO user_conversation(messageID, senderID, receiverID)VALUES(278,7,5);INSERT INTO user_message(messageID, content, messageDate)VALUES(279,'Tom could just be shy.','2023-2-22 20:44:0');INSERT INTO user_conversation(messageID, senderID, receiverID)VALUES(279,7,5);INSERT INTO user_message(messageID, content, messageDate)VALUES(280,'I left him a couple messages.','2024-9-11 1:58:51');INSERT INTO user_conversation(messageID, senderID, receiverID)VALUES(280,7,5);INSERT INTO user_message(messageID, content, messageDate)VALUES(281,'We entered the shower together.','2023-4-29 14:49:30');INSERT INTO user_conversation(messageID, senderID, receiverID)VALUES(281,5,11);INSERT INTO user_message(messageID, content, messageDate)VALUES(282,'I don't think Tom knows why Mary likes living in Boston.','2024-3-4 1:28:48');INSERT INTO user_conversation(messageID, senderID, receiverID)VALUES(282,5,11);INSERT INTO user_message(messageID, content, messageDate)VALUES(283,'You need really good marks to be admitted into the university.','2023-4-27 3:10:57');INSERT INTO user_conversation(messageID, senderID, receiverID)VALUES(283,5,11);INSERT INTO user_message(messageID, content, messageDate)VALUES(284,'I don't think Tom cares what you do.','2023-10-27 20:19:10');INSERT INTO user_conversation(messageID, senderID, receiverID)VALUES(284,5,11);INSERT INTO user_message(messageID, content, messageDate)VALUES(285,'No one man could do that.','2023-9-7 3:53:42');INSERT INTO user_conversation(messageID, senderID, receiverID)VALUES(285,5,11);INSERT INTO user_message(messageID, content, messageDate)VALUES(286,'You knew I wouldn't be able to do that, didn't you?','2023-10-14 21:8:39');INSERT INTO user_conversation(messageID, senderID, receiverID)VALUES(286,5,11);INSERT INTO user_message(messageID, content, messageDate)VALUES(287,'Ziri wanted to do a show again.','2023-8-21 9:39:37');INSERT INTO user_conversation(messageID, senderID, receiverID)VALUES(287,5,11);INSERT INTO user_message(messageID, content, messageDate)VALUES(288,'That's better, isn't it?','2024-12-25 23:39:12');INSERT INTO user_conversation(messageID, senderID, receiverID)VALUES(288,5,11);INSERT INTO user_message(messageID, content, messageDate)VALUES(289,'Tom didn't get the promotion he was expecting to get.','2024-9-19 12:23:52');INSERT INTO user_conversation(messageID, senderID, receiverID)VALUES(289,5,11);INSERT INTO user_message(messageID, content, messageDate)VALUES(290,'Someone gave Tom a car.','2023-12-20 5:47:28');INSERT INTO user_conversation(messageID, senderID, receiverID)VALUES(290,11,5);INSERT INTO user_message(messageID, content, messageDate)VALUES(291,'Tom hasn't yet finished his homework.','2023-5-3 4:13:50');INSERT INTO user_conversation(messageID, senderID, receiverID)VALUES(291,11,5);INSERT INTO user_message(messageID, content, messageDate)VALUES(292,'A beautiful gull flies over the sea.','2023-12-22 8:28:3');INSERT INTO user_conversation(messageID, senderID, receiverID)VALUES(292,11,5);INSERT INTO user_message(messageID, content, messageDate)VALUES(293,'Tom felt a little nauseated.','2024-8-17 20:59:57');INSERT INTO user_conversation(messageID, senderID, receiverID)VALUES(293,11,5);INSERT INTO user_message(messageID, content, messageDate)VALUES(294,'Mennad is doing way better.','2024-10-11 1:18:59');INSERT INTO user_conversation(messageID, senderID, receiverID)VALUES(294,11,5);INSERT INTO user_message(messageID, content, messageDate)VALUES(295,'They had a good life.','2024-5-21 13:56:25');INSERT INTO user_conversation(messageID, senderID, receiverID)VALUES(295,11,5);INSERT INTO user_message(messageID, content, messageDate)VALUES(296,'I was looking at Skura's dog.','2023-4-25 16:10:46');INSERT INTO user_conversation(messageID, senderID, receiverID)VALUES(296,5,6);INSERT INTO user_message(messageID, content, messageDate)VALUES(297,'Don't you think that's strange?','2023-4-28 19:11:26');INSERT INTO user_conversation(messageID, senderID, receiverID)VALUES(297,5,6);INSERT INTO user_message(messageID, content, messageDate)VALUES(298,'Mother mentioned that it was about time to prepare supper.','2024-7-20 21:50:29');INSERT INTO user_conversation(messageID, senderID, receiverID)VALUES(298,5,6);INSERT INTO user_message(messageID, content, messageDate)VALUES(299,'The earthquake brought about disaster.','2023-4-6 21:21:59');INSERT INTO user_conversation(messageID, senderID, receiverID)VALUES(299,5,6);INSERT INTO user_message(messageID, content, messageDate)VALUES(300,'You made this, didn't you?','2023-9-28 19:33:50');INSERT INTO user_conversation(messageID, senderID, receiverID)VALUES(300,5,6);INSERT INTO user_message(messageID, content, messageDate)VALUES(301,'They don't know what difficulties Tom went through in his youth.','2023-11-4 1:52:34');INSERT INTO user_conversation(messageID, senderID, receiverID)VALUES(301,6,5);INSERT INTO user_message(messageID, content, messageDate)VALUES(302,'I feel like I'm improving.','2023-11-19 14:57:57');INSERT INTO user_conversation(messageID, senderID, receiverID)VALUES(302,6,5);INSERT INTO user_message(messageID, content, messageDate)VALUES(303,'He stayed there all the time.','2024-4-2 7:0:59');INSERT INTO user_conversation(messageID, senderID, receiverID)VALUES(303,6,5);INSERT INTO user_message(messageID, content, messageDate)VALUES(304,'His love grew cold.','2023-7-16 17:48:4');INSERT INTO user_conversation(messageID, senderID, receiverID)VALUES(304,6,5);INSERT INTO user_message(messageID, content, messageDate)VALUES(305,'Tom isn't a very good speller.','2023-10-11 1:20:47');INSERT INTO user_conversation(messageID, senderID, receiverID)VALUES(305,6,5);INSERT INTO user_message(messageID, content, messageDate)VALUES(306,'And why isn't this an interesting topic?','2023-4-28 4:58:30');INSERT INTO user_conversation(messageID, senderID, receiverID)VALUES(306,6,5);INSERT INTO user_message(messageID, content, messageDate)VALUES(307,'I wish you hadn't told Tom I had trouble doing that.','2023-12-2 10:1:33');INSERT INTO user_conversation(messageID, senderID, receiverID)VALUES(307,6,5);INSERT INTO user_message(messageID, content, messageDate)VALUES(308,'This isn't the first time that I've been bullied.','2024-3-22 19:40:47');INSERT INTO user_conversation(messageID, senderID, receiverID)VALUES(308,6,5);INSERT INTO user_message(messageID, content, messageDate)VALUES(309,'It was only when I met him that I realized his true intention.','2023-12-19 6:17:48');INSERT INTO user_conversation(messageID, senderID, receiverID)VALUES(309,6,8);INSERT INTO user_message(messageID, content, messageDate)VALUES(310,'He knows how to bind books.','2023-6-15 0:16:39');INSERT INTO user_conversation(messageID, senderID, receiverID)VALUES(310,6,8);INSERT INTO user_message(messageID, content, messageDate)VALUES(311,'I suggest you do that very carefully.','2024-12-16 15:28:44');INSERT INTO user_conversation(messageID, senderID, receiverID)VALUES(311,6,9);INSERT INTO user_message(messageID, content, messageDate)VALUES(312,'Tom was covered in mud.','2023-5-2 6:59:30');INSERT INTO user_conversation(messageID, senderID, receiverID)VALUES(312,6,9);INSERT INTO user_message(messageID, content, messageDate)VALUES(313,'Ziri's memory got fuzzy again.','2024-12-30 15:19:29');INSERT INTO user_conversation(messageID, senderID, receiverID)VALUES(313,9,6);INSERT INTO user_message(messageID, content, messageDate)VALUES(314,'He and I were unable to help her.','2023-7-30 3:45:36');INSERT INTO user_conversation(messageID, senderID, receiverID)VALUES(314,9,6);INSERT INTO user_message(messageID, content, messageDate)VALUES(315,'She pressed her nose against the sheet of glass.','2024-9-4 9:3:56');INSERT INTO user_conversation(messageID, senderID, receiverID)VALUES(315,9,6);INSERT INTO user_message(messageID, content, messageDate)VALUES(316,'Tom said Mary is drunk.','2024-3-7 19:6:42');INSERT INTO user_conversation(messageID, senderID, receiverID)VALUES(316,7,18);INSERT INTO user_message(messageID, content, messageDate)VALUES(317,'I like owls. They are beautiful and wise birds.','2024-8-10 19:1:40');INSERT INTO user_conversation(messageID, senderID, receiverID)VALUES(317,7,18);INSERT INTO user_message(messageID, content, messageDate)VALUES(318,'Tom asked me which university I wanted to go to.','2024-2-18 1:7:52');INSERT INTO user_conversation(messageID, senderID, receiverID)VALUES(318,7,18);INSERT INTO user_message(messageID, content, messageDate)VALUES(319,'The news that Sami was having an affair was devastating to Layla.','2023-11-22 16:14:21');INSERT INTO user_conversation(messageID, senderID, receiverID)VALUES(319,7,18);INSERT INTO user_message(messageID, content, messageDate)VALUES(320,'Who accompanied you?','2023-5-31 17:30:44');INSERT INTO user_conversation(messageID, senderID, receiverID)VALUES(320,7,18);INSERT INTO user_message(messageID, content, messageDate)VALUES(321,'When will you go shopping?','2024-12-25 19:10:30');INSERT INTO user_conversation(messageID, senderID, receiverID)VALUES(321,7,18);INSERT INTO user_message(messageID, content, messageDate)VALUES(322,'The car is salvageable.','2024-12-2 7:35:12');INSERT INTO user_conversation(messageID, senderID, receiverID)VALUES(322,7,18);INSERT INTO user_message(messageID, content, messageDate)VALUES(323,'Tom is one of my best customers.','2023-6-26 22:0:58');INSERT INTO user_conversation(messageID, senderID, receiverID)VALUES(323,18,7);INSERT INTO user_message(messageID, content, messageDate)VALUES(324,'He finished his Berber course.','2023-6-9 3:52:34');INSERT INTO user_conversation(messageID, senderID, receiverID)VALUES(324,18,7);INSERT INTO user_message(messageID, content, messageDate)VALUES(325,'I was rather impressed.','2023-10-24 15:13:59');INSERT INTO user_conversation(messageID, senderID, receiverID)VALUES(325,18,7);INSERT INTO user_message(messageID, content, messageDate)VALUES(326,'Tom is hoping that he can persuade Mary to do that.','2023-5-27 1:24:13');INSERT INTO user_conversation(messageID, senderID, receiverID)VALUES(326,18,7);INSERT INTO user_message(messageID, content, messageDate)VALUES(327,'I didn't know Mary was your girlfriend.','2023-5-25 0:31:1');INSERT INTO user_conversation(messageID, senderID, receiverID)VALUES(327,18,7);INSERT INTO user_message(messageID, content, messageDate)VALUES(328,'What's that horrible noise?','2023-11-3 6:46:22');INSERT INTO user_conversation(messageID, senderID, receiverID)VALUES(328,18,7);INSERT INTO user_message(messageID, content, messageDate)VALUES(329,'He begged them to teach him Berber.','2024-9-14 11:19:3');INSERT INTO user_conversation(messageID, senderID, receiverID)VALUES(329,7,2);INSERT INTO user_message(messageID, content, messageDate)VALUES(330,'Hmmm, how shall I say this?','2024-3-21 23:56:54');INSERT INTO user_conversation(messageID, senderID, receiverID)VALUES(330,7,2);INSERT INTO user_message(messageID, content, messageDate)VALUES(331,'I hated Tom.','2024-11-28 9:46:1');INSERT INTO user_conversation(messageID, senderID, receiverID)VALUES(331,7,2);INSERT INTO user_message(messageID, content, messageDate)VALUES(332,'He is scrupulous in matters of business.','2023-11-28 19:28:51');INSERT INTO user_conversation(messageID, senderID, receiverID)VALUES(332,7,2);INSERT INTO user_message(messageID, content, messageDate)VALUES(333,'You should tell Tom that you intend to do that.','2024-2-16 22:41:13');INSERT INTO user_conversation(messageID, senderID, receiverID)VALUES(333,7,2);INSERT INTO user_message(messageID, content, messageDate)VALUES(334,'No one ever died thinking, "I should have read more internet comments."','2024-2-27 13:41:43');INSERT INTO user_conversation(messageID, senderID, receiverID)VALUES(334,7,2);INSERT INTO user_message(messageID, content, messageDate)VALUES(335,'I don't think you're cute.','2023-7-18 18:4:24');INSERT INTO user_conversation(messageID, senderID, receiverID)VALUES(335,7,2);INSERT INTO user_message(messageID, content, messageDate)VALUES(336,'Tom managed to find a place to sit.','2024-6-22 19:33:1');INSERT INTO user_conversation(messageID, senderID, receiverID)VALUES(336,7,2);INSERT INTO user_message(messageID, content, messageDate)VALUES(337,'You should study hard, if you are to pass the exam.','2023-6-28 9:25:45');INSERT INTO user_conversation(messageID, senderID, receiverID)VALUES(337,2,7);INSERT INTO user_message(messageID, content, messageDate)VALUES(338,'I should stay away from here.','2024-11-4 3:53:28');INSERT INTO user_conversation(messageID, senderID, receiverID)VALUES(338,2,7);INSERT INTO user_message(messageID, content, messageDate)VALUES(339,'Will you permit Tom to do that?','2024-2-5 16:10:30');INSERT INTO user_conversation(messageID, senderID, receiverID)VALUES(339,2,7);INSERT INTO user_message(messageID, content, messageDate)VALUES(340,'I couldn't visit Boston last summer.','2023-9-26 18:3:1');INSERT INTO user_conversation(messageID, senderID, receiverID)VALUES(340,2,7);INSERT INTO user_message(messageID, content, messageDate)VALUES(341,'He would never ever imagine that I could become a Muslim.','2024-7-18 13:7:43');INSERT INTO user_conversation(messageID, senderID, receiverID)VALUES(341,2,7);INSERT INTO user_message(messageID, content, messageDate)VALUES(342,'I admit there are a few problems.','2024-10-31 6:49:19');INSERT INTO user_conversation(messageID, senderID, receiverID)VALUES(342,7,10);INSERT INTO user_message(messageID, content, messageDate)VALUES(343,'What do you think of the wine?','2024-2-24 1:33:20');INSERT INTO user_conversation(messageID, senderID, receiverID)VALUES(343,7,10);INSERT INTO user_message(messageID, content, messageDate)VALUES(344,'Tom no longer teaches French.','2023-6-26 3:15:52');INSERT INTO user_conversation(messageID, senderID, receiverID)VALUES(344,7,10);INSERT INTO user_message(messageID, content, messageDate)VALUES(345,'Don't leave me again, please.','2023-9-11 20:27:8');INSERT INTO user_conversation(messageID, senderID, receiverID)VALUES(345,7,10);INSERT INTO user_message(messageID, content, messageDate)VALUES(346,'She could hear him, but she couldn't see him.','2023-9-24 6:4:37');INSERT INTO user_conversation(messageID, senderID, receiverID)VALUES(346,7,10);INSERT INTO user_message(messageID, content, messageDate)VALUES(347,'If you go out wearing that little you will catch a cold.','2024-8-31 11:55:21');INSERT INTO user_conversation(messageID, senderID, receiverID)VALUES(347,7,10);INSERT INTO user_message(messageID, content, messageDate)VALUES(348,'Someone's made off with the milk.','2023-5-31 7:38:35');INSERT INTO user_conversation(messageID, senderID, receiverID)VALUES(348,10,7);INSERT INTO user_message(messageID, content, messageDate)VALUES(349,'I don't mind your smoking.','2023-4-18 20:58:27');INSERT INTO user_conversation(messageID, senderID, receiverID)VALUES(349,10,7);INSERT INTO user_message(messageID, content, messageDate)VALUES(350,'You should take a look.','2024-10-29 20:22:38');INSERT INTO user_conversation(messageID, senderID, receiverID)VALUES(350,10,7);INSERT INTO user_message(messageID, content, messageDate)VALUES(351,'Another example is tamarisk. The shrub was imported from Eurasia and Africa in the mid-1800s to control soil erosion in the American Southwest, but it spread to river systems across the West and up mountainsides, to elevations of 2,000 meters.','2024-2-25 1:3:42');INSERT INTO user_conversation(messageID, senderID, receiverID)VALUES(351,10,7);INSERT INTO user_message(messageID, content, messageDate)VALUES(352,'He said he was coming to Kabylie.','2024-3-8 2:14:39');INSERT INTO user_conversation(messageID, senderID, receiverID)VALUES(352,10,7);INSERT INTO user_message(messageID, content, messageDate)VALUES(353,'Tom lost his temper and shouted at Mary.','2024-11-5 13:40:28');INSERT INTO user_conversation(messageID, senderID, receiverID)VALUES(353,10,7);INSERT INTO user_message(messageID, content, messageDate)VALUES(354,'You may find that in Japan, if you are sensitive to the environment, communication includes subtleties that may be too subtle for what you're used to at home.','2024-2-27 13:1:50');INSERT INTO user_conversation(messageID, senderID, receiverID)VALUES(354,10,7);INSERT INTO user_message(messageID, content, messageDate)VALUES(355,'Tom is a tailor, isn't he?','2024-9-27 1:35:44');INSERT INTO user_conversation(messageID, senderID, receiverID)VALUES(355,10,7);INSERT INTO user_message(messageID, content, messageDate)VALUES(356,'Tom is here on vacation.','2023-2-28 15:52:51');INSERT INTO user_conversation(messageID, senderID, receiverID)VALUES(356,7,5);INSERT INTO user_message(messageID, content, messageDate)VALUES(357,'You need to spend more time studying.','2023-11-21 23:1:7');INSERT INTO user_conversation(messageID, senderID, receiverID)VALUES(357,7,5);INSERT INTO user_message(messageID, content, messageDate)VALUES(358,'Tom is hoping you'll help Mary.','2024-8-18 23:49:45');INSERT INTO user_conversation(messageID, senderID, receiverID)VALUES(358,5,7);INSERT INTO user_message(messageID, content, messageDate)VALUES(359,'Sami and his children shared the same bed.','2023-9-4 14:0:1');INSERT INTO user_conversation(messageID, senderID, receiverID)VALUES(359,5,7);INSERT INTO user_message(messageID, content, messageDate)VALUES(360,'Is this they way he speaks to his father?','2023-12-23 9:23:13');INSERT INTO user_conversation(messageID, senderID, receiverID)VALUES(360,5,7);INSERT INTO user_message(messageID, content, messageDate)VALUES(361,'Tom is pretty reckless.','2024-8-11 11:49:15');INSERT INTO user_conversation(messageID, senderID, receiverID)VALUES(361,5,7);INSERT INTO user_message(messageID, content, messageDate)VALUES(362,'We don't get many visitors here.','2024-2-13 16:36:27');INSERT INTO user_conversation(messageID, senderID, receiverID)VALUES(362,5,7);INSERT INTO user_message(messageID, content, messageDate)VALUES(363,'Tom wasn't expecting that.','2023-8-22 20:7:30');INSERT INTO user_conversation(messageID, senderID, receiverID)VALUES(363,5,7);INSERT INTO user_message(messageID, content, messageDate)VALUES(364,'There are no people.','2023-10-22 1:15:29');INSERT INTO user_conversation(messageID, senderID, receiverID)VALUES(364,5,7);INSERT INTO user_message(messageID, content, messageDate)VALUES(365,'I'm looking at a pretty picture.','2024-2-13 23:17:20');INSERT INTO user_conversation(messageID, senderID, receiverID)VALUES(365,7,20);INSERT INTO user_message(messageID, content, messageDate)VALUES(366,'We'd better find it.','2023-8-25 18:20:29');INSERT INTO user_conversation(messageID, senderID, receiverID)VALUES(366,7,20);INSERT INTO user_message(messageID, content, messageDate)VALUES(367,'A poet is the translator of the silent language of nature to the world.','2024-7-14 21:24:15');INSERT INTO user_conversation(messageID, senderID, receiverID)VALUES(367,7,20);INSERT INTO user_message(messageID, content, messageDate)VALUES(368,'I thought you'd be different.','2024-10-31 14:55:47');INSERT INTO user_conversation(messageID, senderID, receiverID)VALUES(368,7,20);INSERT INTO user_message(messageID, content, messageDate)VALUES(369,'Tom wasn't at the funeral.','2023-7-17 21:26:35');INSERT INTO user_conversation(messageID, senderID, receiverID)VALUES(369,7,20);INSERT INTO user_message(messageID, content, messageDate)VALUES(370,'Why are you doing this to him?','2023-3-12 20:58:8');INSERT INTO user_conversation(messageID, senderID, receiverID)VALUES(370,7,20);INSERT INTO user_message(messageID, content, messageDate)VALUES(371,'I could've visited Australia, but decided to go to New Zealand instead.','2024-5-14 10:31:11');INSERT INTO user_conversation(messageID, senderID, receiverID)VALUES(371,7,20);INSERT INTO user_message(messageID, content, messageDate)VALUES(372,'Ziri suddenly dropped his spoon.','2023-12-26 15:19:12');INSERT INTO user_conversation(messageID, senderID, receiverID)VALUES(372,7,20);INSERT INTO user_message(messageID, content, messageDate)VALUES(373,'Kabyle singer Amirouche said that the separatists promised they'd "take care of him."','2024-8-28 12:23:20');INSERT INTO user_conversation(messageID, senderID, receiverID)VALUES(373,20,7);INSERT INTO user_message(messageID, content, messageDate)VALUES(374,'Do you remember how it used to be in those days?','2023-6-7 22:48:48');INSERT INTO user_conversation(messageID, senderID, receiverID)VALUES(374,20,7);INSERT INTO user_message(messageID, content, messageDate)VALUES(375,'Which language would you prefer to use?','2024-5-13 18:50:41');INSERT INTO user_conversation(messageID, senderID, receiverID)VALUES(375,20,7);INSERT INTO user_message(messageID, content, messageDate)VALUES(376,'She's intelligent and sophisticated.','2023-9-8 19:39:47');INSERT INTO user_conversation(messageID, senderID, receiverID)VALUES(376,20,7);INSERT INTO user_message(messageID, content, messageDate)VALUES(377,'They say they're not thirsty.','2024-8-12 3:7:3');INSERT INTO user_conversation(messageID, senderID, receiverID)VALUES(377,20,7);INSERT INTO user_message(messageID, content, messageDate)VALUES(378,'The author doesn't display much talent in his book.','2023-4-19 11:56:9');INSERT INTO user_conversation(messageID, senderID, receiverID)VALUES(378,20,7);INSERT INTO user_message(messageID, content, messageDate)VALUES(379,'I don't think it's serious.','2023-4-12 5:30:57');INSERT INTO user_conversation(messageID, senderID, receiverID)VALUES(379,7,6);INSERT INTO user_message(messageID, content, messageDate)VALUES(380,'Have Tom and Mary already agreed to do that?','2024-5-21 8:46:20');INSERT INTO user_conversation(messageID, senderID, receiverID)VALUES(380,7,6);INSERT INTO user_message(messageID, content, messageDate)VALUES(381,'They said that they were disoriented.','2024-5-16 23:21:43');INSERT INTO user_conversation(messageID, senderID, receiverID)VALUES(381,7,6);INSERT INTO user_message(messageID, content, messageDate)VALUES(382,'Tom loves building things.','2023-10-25 18:37:34');INSERT INTO user_conversation(messageID, senderID, receiverID)VALUES(382,7,6);INSERT INTO user_message(messageID, content, messageDate)VALUES(383,'Ziri drove Rima away.','2024-8-18 12:44:30');INSERT INTO user_conversation(messageID, senderID, receiverID)VALUES(383,7,6);INSERT INTO user_message(messageID, content, messageDate)VALUES(384,'Tom hasn't been charged yet.','2024-5-29 12:5:57');INSERT INTO user_conversation(messageID, senderID, receiverID)VALUES(384,7,6);INSERT INTO user_message(messageID, content, messageDate)VALUES(385,'Tom is hyperactive, but Mary isn't.','2023-11-22 5:21:18');INSERT INTO user_conversation(messageID, senderID, receiverID)VALUES(385,7,6);INSERT INTO user_message(messageID, content, messageDate)VALUES(386,'This phenomenon is being understood slowly.','2023-8-30 15:38:32');INSERT INTO user_conversation(messageID, senderID, receiverID)VALUES(386,7,6);INSERT INTO user_message(messageID, content, messageDate)VALUES(387,'I'm going to the bank.','2023-12-3 0:42:25');INSERT INTO user_conversation(messageID, senderID, receiverID)VALUES(387,7,6);INSERT INTO user_message(messageID, content, messageDate)VALUES(388,'The shooting iron binds.','2024-12-21 1:46:38');INSERT INTO user_conversation(messageID, senderID, receiverID)VALUES(388,6,7);INSERT INTO user_message(messageID, content, messageDate)VALUES(389,'Sami knew you were here.','2023-2-27 6:47:53');INSERT INTO user_conversation(messageID, senderID, receiverID)VALUES(389,6,7);INSERT INTO user_message(messageID, content, messageDate)VALUES(390,'I wish I could stop thinking about what's happened.','2024-2-22 20:31:12');INSERT INTO user_conversation(messageID, senderID, receiverID)VALUES(390,6,7);INSERT INTO user_message(messageID, content, messageDate)VALUES(391,'Tom doesn't want to live in an apartment.','2024-9-2 7:44:20');INSERT INTO user_conversation(messageID, senderID, receiverID)VALUES(391,6,7);INSERT INTO user_message(messageID, content, messageDate)VALUES(392,'Tom and Mary want you to help them paint the fence.','2024-4-5 10:56:50');INSERT INTO user_conversation(messageID, senderID, receiverID)VALUES(392,6,7);INSERT INTO user_message(messageID, content, messageDate)VALUES(393,'One day, I'll introduce you two.','2024-9-28 14:45:10');INSERT INTO user_conversation(messageID, senderID, receiverID)VALUES(393,6,7);INSERT INTO user_message(messageID, content, messageDate)VALUES(394,'The only kind of music Tom listens to is punk rock.','2023-5-4 4:43:6');INSERT INTO user_conversation(messageID, senderID, receiverID)VALUES(394,6,7);INSERT INTO user_message(messageID, content, messageDate)VALUES(395,'I think the worst is over now.','2023-8-5 1:26:26');INSERT INTO user_conversation(messageID, senderID, receiverID)VALUES(395,6,7);INSERT INTO user_message(messageID, content, messageDate)VALUES(396,'We beat about for a solution to the problem.','2024-11-11 11:3:41');INSERT INTO user_conversation(messageID, senderID, receiverID)VALUES(396,6,7);INSERT INTO user_message(messageID, content, messageDate)VALUES(397,'May I switch off the light?','2023-10-17 4:2:7');INSERT INTO user_conversation(messageID, senderID, receiverID)VALUES(397,7,16);INSERT INTO user_message(messageID, content, messageDate)VALUES(398,'I really enjoy being here.','2024-6-27 21:48:51');INSERT INTO user_conversation(messageID, senderID, receiverID)VALUES(398,7,16);INSERT INTO user_message(messageID, content, messageDate)VALUES(399,'Could you please briefly introduce yourself?','2023-2-17 12:10:54');INSERT INTO user_conversation(messageID, senderID, receiverID)VALUES(399,7,16);INSERT INTO user_message(messageID, content, messageDate)VALUES(400,'Tom is outside, waiting in his car.','2024-6-2 11:8:56');INSERT INTO user_conversation(messageID, senderID, receiverID)VALUES(400,7,16);INSERT INTO user_message(messageID, content, messageDate)VALUES(401,'I'll get right on that.','2024-11-20 14:21:43');INSERT INTO user_conversation(messageID, senderID, receiverID)VALUES(401,7,16);INSERT INTO user_message(messageID, content, messageDate)VALUES(402,'Oh, I don't know.','2024-11-23 9:40:5');INSERT INTO user_conversation(messageID, senderID, receiverID)VALUES(402,16,7);INSERT INTO user_message(messageID, content, messageDate)VALUES(403,'She confirmed her resignation.','2024-3-29 1:55:34');INSERT INTO user_conversation(messageID, senderID, receiverID)VALUES(403,16,7);INSERT INTO user_message(messageID, content, messageDate)VALUES(404,'I really have to leave.','2023-3-29 8:8:59');INSERT INTO user_conversation(messageID, senderID, receiverID)VALUES(404,16,7);INSERT INTO user_message(messageID, content, messageDate)VALUES(405,'Tom called his ex-girlfriend and asked her if she'd consider getting back together.','2023-5-29 12:46:48');INSERT INTO user_conversation(messageID, senderID, receiverID)VALUES(405,16,7);INSERT INTO user_message(messageID, content, messageDate)VALUES(406,'The mirror isn't so clear as your table.','2023-10-13 7:55:8');INSERT INTO user_conversation(messageID, senderID, receiverID)VALUES(406,16,7);INSERT INTO user_message(messageID, content, messageDate)VALUES(407,'Sami started telling me more about Layla.','2024-9-25 15:49:8');INSERT INTO user_conversation(messageID, senderID, receiverID)VALUES(407,16,7);INSERT INTO user_message(messageID, content, messageDate)VALUES(408,'Ziri plays hockey professional.','2024-10-17 1:9:15');INSERT INTO user_conversation(messageID, senderID, receiverID)VALUES(408,7,15);INSERT INTO user_message(messageID, content, messageDate)VALUES(409,'Sami needs to pay more attention.','2024-12-2 15:58:28');INSERT INTO user_conversation(messageID, senderID, receiverID)VALUES(409,15,7);INSERT INTO user_message(messageID, content, messageDate)VALUES(410,'Can Algeria's wheat exports increase?','2024-8-16 7:46:15');INSERT INTO user_conversation(messageID, senderID, receiverID)VALUES(410,15,7);INSERT INTO user_message(messageID, content, messageDate)VALUES(411,'The boy was expelled from music school when he was 12.','2024-6-2 6:48:48');INSERT INTO user_conversation(messageID, senderID, receiverID)VALUES(411,15,7);INSERT INTO user_message(messageID, content, messageDate)VALUES(412,'Why did Maria say that?','2024-7-11 23:31:5');INSERT INTO user_conversation(messageID, senderID, receiverID)VALUES(412,15,7);INSERT INTO user_message(messageID, content, messageDate)VALUES(413,'Fadil was a man with a complicated past.','2023-8-7 21:17:46');INSERT INTO user_conversation(messageID, senderID, receiverID)VALUES(413,15,7);INSERT INTO user_message(messageID, content, messageDate)VALUES(414,'I don't want to see Tom suffer.','2024-9-27 17:53:20');INSERT INTO user_conversation(messageID, senderID, receiverID)VALUES(414,7,14);INSERT INTO user_message(messageID, content, messageDate)VALUES(415,'It would be wise to take a break.','2024-3-13 23:46:49');INSERT INTO user_conversation(messageID, senderID, receiverID)VALUES(415,7,14);INSERT INTO user_message(messageID, content, messageDate)VALUES(416,'What do we need today?','2023-10-9 3:6:26');INSERT INTO user_conversation(messageID, senderID, receiverID)VALUES(416,7,14);INSERT INTO user_message(messageID, content, messageDate)VALUES(417,'I now have a more complete understanding of the situation.','2024-2-18 13:58:56');INSERT INTO user_conversation(messageID, senderID, receiverID)VALUES(417,7,14);INSERT INTO user_message(messageID, content, messageDate)VALUES(418,'Do you have money?','2024-10-16 14:8:18');INSERT INTO user_conversation(messageID, senderID, receiverID)VALUES(418,14,7);INSERT INTO user_message(messageID, content, messageDate)VALUES(419,'Why can't you ask them for forgiveness?','2023-5-14 4:59:10');INSERT INTO user_conversation(messageID, senderID, receiverID)VALUES(419,14,7);INSERT INTO user_message(messageID, content, messageDate)VALUES(420,'The writing group is about to meet to discuss all of our writing woes.','2023-11-23 7:31:51');INSERT INTO user_conversation(messageID, senderID, receiverID)VALUES(420,14,7);INSERT INTO user_message(messageID, content, messageDate)VALUES(421,'Tom and Mary are still in Australia, aren't they?','2024-9-16 2:57:15');INSERT INTO user_conversation(messageID, senderID, receiverID)VALUES(421,14,7);INSERT INTO user_message(messageID, content, messageDate)VALUES(422,'Tom won't hate doing that.','2024-3-16 9:35:1');INSERT INTO user_conversation(messageID, senderID, receiverID)VALUES(422,14,7);INSERT INTO user_message(messageID, content, messageDate)VALUES(423,'Sami is in his new apartment.','2024-5-13 14:55:31');INSERT INTO user_conversation(messageID, senderID, receiverID)VALUES(423,14,7);INSERT INTO user_message(messageID, content, messageDate)VALUES(424,'Mike and Ken are friends.','2024-6-5 18:10:28');INSERT INTO user_conversation(messageID, senderID, receiverID)VALUES(424,14,7);INSERT INTO user_message(messageID, content, messageDate)VALUES(425,'I did that the day before yesterday.','2023-9-19 3:42:3');INSERT INTO user_conversation(messageID, senderID, receiverID)VALUES(425,8,20);INSERT INTO user_message(messageID, content, messageDate)VALUES(426,'Tom and Mary asked if they really had to do that.','2024-9-20 12:17:52');INSERT INTO user_conversation(messageID, senderID, receiverID)VALUES(426,8,20);INSERT INTO user_message(messageID, content, messageDate)VALUES(427,'We were supposed to meet in front of the library.','2024-3-23 17:37:36');INSERT INTO user_conversation(messageID, senderID, receiverID)VALUES(427,20,8);INSERT INTO user_message(messageID, content, messageDate)VALUES(428,'Some think that too much intellectualizing will reduce their sexual vigour. It's like modern-day superstition.','2023-8-31 19:1:11');INSERT INTO user_conversation(messageID, senderID, receiverID)VALUES(428,20,8);INSERT INTO user_message(messageID, content, messageDate)VALUES(429,'I really don't want to go there.','2023-3-13 16:34:39');INSERT INTO user_conversation(messageID, senderID, receiverID)VALUES(429,20,8);INSERT INTO user_message(messageID, content, messageDate)VALUES(430,'How do we get down from here?','2024-12-27 3:26:53');INSERT INTO user_conversation(messageID, senderID, receiverID)VALUES(430,20,8);INSERT INTO user_message(messageID, content, messageDate)VALUES(431,'He says he hopes that you do that.','2023-12-17 16:46:40');INSERT INTO user_conversation(messageID, senderID, receiverID)VALUES(431,20,8);INSERT INTO user_message(messageID, content, messageDate)VALUES(432,'Algeria's development projects have taken too long.','2023-12-11 6:34:0');INSERT INTO user_conversation(messageID, senderID, receiverID)VALUES(432,20,8);INSERT INTO user_message(messageID, content, messageDate)VALUES(433,'Tom didn't know what was likely to happen?','2024-5-7 9:6:30');INSERT INTO user_conversation(messageID, senderID, receiverID)VALUES(433,8,15);INSERT INTO user_message(messageID, content, messageDate)VALUES(434,'You're just a boy.','2024-2-21 7:1:46');INSERT INTO user_conversation(messageID, senderID, receiverID)VALUES(434,15,8);INSERT INTO user_message(messageID, content, messageDate)VALUES(435,'That's cool.','2023-2-17 17:18:40');INSERT INTO user_conversation(messageID, senderID, receiverID)VALUES(435,15,8);INSERT INTO user_message(messageID, content, messageDate)VALUES(436,'You are still very young.','2023-11-26 11:9:49');INSERT INTO user_conversation(messageID, senderID, receiverID)VALUES(436,8,17);INSERT INTO user_message(messageID, content, messageDate)VALUES(437,'I love Romance languages.','2024-2-15 1:43:11');INSERT INTO user_conversation(messageID, senderID, receiverID)VALUES(437,8,17);INSERT INTO user_message(messageID, content, messageDate)VALUES(438,'Click the picture to go to the next page!','2024-7-3 4:48:1');INSERT INTO user_conversation(messageID, senderID, receiverID)VALUES(438,8,17);INSERT INTO user_message(messageID, content, messageDate)VALUES(439,'You'll have to call tech support.','2023-2-4 2:43:38');INSERT INTO user_conversation(messageID, senderID, receiverID)VALUES(439,17,8);INSERT INTO user_message(messageID, content, messageDate)VALUES(440,'It's one of their better songs.','2024-5-29 8:40:47');INSERT INTO user_conversation(messageID, senderID, receiverID)VALUES(440,17,8);INSERT INTO user_message(messageID, content, messageDate)VALUES(441,'I just don't trust you.','2024-8-6 8:6:28');INSERT INTO user_conversation(messageID, senderID, receiverID)VALUES(441,17,8);INSERT INTO user_message(messageID, content, messageDate)VALUES(442,'He's had a hard life.','2024-9-26 23:57:7');INSERT INTO user_conversation(messageID, senderID, receiverID)VALUES(442,17,8);INSERT INTO user_message(messageID, content, messageDate)VALUES(443,'Tom sipped the hot coffee slowly.','2024-2-26 20:36:16');INSERT INTO user_conversation(messageID, senderID, receiverID)VALUES(443,17,8);INSERT INTO user_message(messageID, content, messageDate)VALUES(444,'Tom and Mary said they were going to do that.','2023-11-3 16:46:53');INSERT INTO user_conversation(messageID, senderID, receiverID)VALUES(444,9,5);INSERT INTO user_message(messageID, content, messageDate)VALUES(445,'My watch gains ten minutes a day.','2024-3-29 4:47:26');INSERT INTO user_conversation(messageID, senderID, receiverID)VALUES(445,9,5);INSERT INTO user_message(messageID, content, messageDate)VALUES(446,'Mary thinks she can tell when Tom is lying.','2023-5-26 1:54:42');INSERT INTO user_conversation(messageID, senderID, receiverID)VALUES(446,9,5);INSERT INTO user_message(messageID, content, messageDate)VALUES(447,'My legs are hurting.','2024-9-14 1:37:52');INSERT INTO user_conversation(messageID, senderID, receiverID)VALUES(447,9,5);INSERT INTO user_message(messageID, content, messageDate)VALUES(448,'The dog is behind the couch.','2023-3-16 0:50:49');INSERT INTO user_conversation(messageID, senderID, receiverID)VALUES(448,9,5);INSERT INTO user_message(messageID, content, messageDate)VALUES(449,'I won't leave until tomorrow.','2023-8-14 3:12:4');INSERT INTO user_conversation(messageID, senderID, receiverID)VALUES(449,5,9);INSERT INTO user_message(messageID, content, messageDate)VALUES(450,'Why didn't you tell us?','2023-11-13 8:4:23');INSERT INTO user_conversation(messageID, senderID, receiverID)VALUES(450,5,9);INSERT INTO user_message(messageID, content, messageDate)VALUES(451,'I don't think that that's such a good idea, Tom.','2023-2-16 6:47:55');INSERT INTO user_conversation(messageID, senderID, receiverID)VALUES(451,5,9);INSERT INTO user_message(messageID, content, messageDate)VALUES(452,'Tom writes under a pseudonym.','2023-3-5 6:50:45');INSERT INTO user_conversation(messageID, senderID, receiverID)VALUES(452,5,9);INSERT INTO user_message(messageID, content, messageDate)VALUES(453,'Didn't you see the stoplight was red?','2024-8-21 22:33:56');INSERT INTO user_conversation(messageID, senderID, receiverID)VALUES(453,5,9);INSERT INTO user_message(messageID, content, messageDate)VALUES(454,'Ziri attacked the man furiously.','2023-11-6 13:55:34');INSERT INTO user_conversation(messageID, senderID, receiverID)VALUES(454,5,9);INSERT INTO user_message(messageID, content, messageDate)VALUES(455,'Tom is more than twice as old as Mary is.','2023-6-13 18:44:59');INSERT INTO user_conversation(messageID, senderID, receiverID)VALUES(455,5,9);INSERT INTO user_message(messageID, content, messageDate)VALUES(456,'I don't think that I'm the person you're looking for.','2024-10-19 1:51:17');INSERT INTO user_conversation(messageID, senderID, receiverID)VALUES(456,9,17);INSERT INTO user_message(messageID, content, messageDate)VALUES(457,'I couldn't have said it better.','2023-10-16 8:5:9');INSERT INTO user_conversation(messageID, senderID, receiverID)VALUES(457,9,17);INSERT INTO user_message(messageID, content, messageDate)VALUES(458,'Tom is usually pretty shy.','2024-9-11 2:52:56');INSERT INTO user_conversation(messageID, senderID, receiverID)VALUES(458,9,17);INSERT INTO user_message(messageID, content, messageDate)VALUES(459,'They said goodnight to their parents.','2024-5-29 18:16:7');INSERT INTO user_conversation(messageID, senderID, receiverID)VALUES(459,9,17);INSERT INTO user_message(messageID, content, messageDate)VALUES(460,'There are no ethnic tensions in Algeria.','2023-6-14 12:6:44');INSERT INTO user_conversation(messageID, senderID, receiverID)VALUES(460,9,17);INSERT INTO user_message(messageID, content, messageDate)VALUES(461,'Do you have any idea how much money you spend a month on food?','2023-5-11 5:58:47');INSERT INTO user_conversation(messageID, senderID, receiverID)VALUES(461,9,17);INSERT INTO user_message(messageID, content, messageDate)VALUES(462,'How many minutes do you estimate it'll take to do that?','2024-7-8 1:13:34');INSERT INTO user_conversation(messageID, senderID, receiverID)VALUES(462,9,17);INSERT INTO user_message(messageID, content, messageDate)VALUES(463,'I didn't see what was in the box.','2023-12-6 1:50:30');INSERT INTO user_conversation(messageID, senderID, receiverID)VALUES(463,9,17);INSERT INTO user_message(messageID, content, messageDate)VALUES(464,'Immediately Sephora took a very sharp stone, and circumcised the foreskin of her son, and touched his feet, and said: A bloody spouse art thou to me.','2023-2-12 14:23:34');INSERT INTO user_conversation(messageID, senderID, receiverID)VALUES(464,17,9);INSERT INTO user_message(messageID, content, messageDate)VALUES(465,'After doing my first workout at the gym, my body ached so much that I felt like a paralytic.','2023-7-31 15:23:21');INSERT INTO user_conversation(messageID, senderID, receiverID)VALUES(465,17,9);INSERT INTO user_message(messageID, content, messageDate)VALUES(466,'Tom's drunk.','2024-12-14 1:17:57');INSERT INTO user_conversation(messageID, senderID, receiverID)VALUES(466,17,9);INSERT INTO user_message(messageID, content, messageDate)VALUES(467,'You might have added it instead of writing it in comments.','2024-8-2 6:24:7');INSERT INTO user_conversation(messageID, senderID, receiverID)VALUES(467,17,9);INSERT INTO user_message(messageID, content, messageDate)VALUES(468,'All of a sudden all the lights went out.','2023-11-26 4:18:55');INSERT INTO user_conversation(messageID, senderID, receiverID)VALUES(468,17,9);INSERT INTO user_message(messageID, content, messageDate)VALUES(469,'Tom was clearly onto something.','2023-4-30 18:58:52');INSERT INTO user_conversation(messageID, senderID, receiverID)VALUES(469,17,9);INSERT INTO user_message(messageID, content, messageDate)VALUES(470,'Tom and Mary said that they were getting hungry.','2023-4-2 4:35:3');INSERT INTO user_conversation(messageID, senderID, receiverID)VALUES(470,17,9);INSERT INTO user_message(messageID, content, messageDate)VALUES(471,'I've already voted.','2023-10-29 15:2:34');INSERT INTO user_conversation(messageID, senderID, receiverID)VALUES(471,9,10);INSERT INTO user_message(messageID, content, messageDate)VALUES(472,'I like the Japanese custom of offering guests moist towels, called oshibori.','2024-9-11 6:16:25');INSERT INTO user_conversation(messageID, senderID, receiverID)VALUES(472,9,10);INSERT INTO user_message(messageID, content, messageDate)VALUES(473,'Do you like Mary's new Halloween costume?','2023-2-17 10:34:5');INSERT INTO user_conversation(messageID, senderID, receiverID)VALUES(473,9,10);INSERT INTO user_message(messageID, content, messageDate)VALUES(474,'Sami has hurt Layla before.','2023-7-15 17:36:27');INSERT INTO user_conversation(messageID, senderID, receiverID)VALUES(474,9,10);INSERT INTO user_message(messageID, content, messageDate)VALUES(475,'We're expecting a huge turnout.','2024-12-7 1:43:3');INSERT INTO user_conversation(messageID, senderID, receiverID)VALUES(475,9,10);INSERT INTO user_message(messageID, content, messageDate)VALUES(476,'I owe my success to my friends.','2023-5-31 1:43:56');INSERT INTO user_conversation(messageID, senderID, receiverID)VALUES(476,9,10);INSERT INTO user_message(messageID, content, messageDate)VALUES(477,'Tom is the right guy for the job.','2024-7-11 0:57:5');INSERT INTO user_conversation(messageID, senderID, receiverID)VALUES(477,9,10);INSERT INTO user_message(messageID, content, messageDate)VALUES(478,'Regarding the matter of house-rent, I have come to terms with him.','2024-5-16 14:13:28');INSERT INTO user_conversation(messageID, senderID, receiverID)VALUES(478,9,10);INSERT INTO user_message(messageID, content, messageDate)VALUES(479,'It seems to me that you have well understood the grammar rules of this useful language, Esperanto.','2023-11-11 0:31:7');INSERT INTO user_conversation(messageID, senderID, receiverID)VALUES(479,9,10);INSERT INTO user_message(messageID, content, messageDate)VALUES(480,'Tom has just proposed to Mary.','2023-3-16 5:34:6');INSERT INTO user_conversation(messageID, senderID, receiverID)VALUES(480,10,9);INSERT INTO user_message(messageID, content, messageDate)VALUES(481,'Do you prefer using sanitary napkins or tampons?','2023-12-23 1:20:0');INSERT INTO user_conversation(messageID, senderID, receiverID)VALUES(481,10,9);INSERT INTO user_message(messageID, content, messageDate)VALUES(482,'Specular image holds an important place in Lakan's theory of the Imaginary.','2024-5-18 15:46:39');INSERT INTO user_conversation(messageID, senderID, receiverID)VALUES(482,10,9);INSERT INTO user_message(messageID, content, messageDate)VALUES(483,'This may not be a real diamond.','2024-4-10 18:54:16');INSERT INTO user_conversation(messageID, senderID, receiverID)VALUES(483,10,9);INSERT INTO user_message(messageID, content, messageDate)VALUES(484,'The separatist forces quickly crumbled.','2023-5-12 21:55:41');INSERT INTO user_conversation(messageID, senderID, receiverID)VALUES(484,10,9);INSERT INTO user_message(messageID, content, messageDate)VALUES(485,'Tom went to Boston.','2024-4-25 15:40:17');INSERT INTO user_conversation(messageID, senderID, receiverID)VALUES(485,10,9);INSERT INTO user_message(messageID, content, messageDate)VALUES(486,'He has said he can't do that.','2024-3-16 17:48:19');INSERT INTO user_conversation(messageID, senderID, receiverID)VALUES(486,10,9);INSERT INTO user_message(messageID, content, messageDate)VALUES(487,'I think both Tom and Mary have been crying.','2024-3-9 3:8:52');INSERT INTO user_conversation(messageID, senderID, receiverID)VALUES(487,9,3);INSERT INTO user_message(messageID, content, messageDate)VALUES(488,'We left immediately.','2023-3-26 11:51:30');INSERT INTO user_conversation(messageID, senderID, receiverID)VALUES(488,9,3);INSERT INTO user_message(messageID, content, messageDate)VALUES(489,'Teachers must understand children.','2023-7-4 22:26:9');INSERT INTO user_conversation(messageID, senderID, receiverID)VALUES(489,3,9);INSERT INTO user_message(messageID, content, messageDate)VALUES(490,'Joe belatedly turned in his late assignment upon learning that he couldn't take the final without it submitted.','2023-5-19 1:36:4');INSERT INTO user_conversation(messageID, senderID, receiverID)VALUES(490,3,9);INSERT INTO user_message(messageID, content, messageDate)VALUES(491,'Mary said she wished she hadn't done that.','2024-12-24 16:53:17');INSERT INTO user_conversation(messageID, senderID, receiverID)VALUES(491,3,9);INSERT INTO user_message(messageID, content, messageDate)VALUES(492,'Do you think there's a chance I could get that job?','2024-5-25 10:39:14');INSERT INTO user_conversation(messageID, senderID, receiverID)VALUES(492,3,9);INSERT INTO user_message(messageID, content, messageDate)VALUES(493,'Tom and Mary are at the fair.','2023-3-14 16:7:59');INSERT INTO user_conversation(messageID, senderID, receiverID)VALUES(493,3,9);INSERT INTO user_message(messageID, content, messageDate)VALUES(494,'When would you use a graph database versus a relational database?','2024-10-6 10:37:19');INSERT INTO user_conversation(messageID, senderID, receiverID)VALUES(494,3,9);INSERT INTO user_message(messageID, content, messageDate)VALUES(495,'We should respect the old.','2023-11-4 12:14:18');INSERT INTO user_conversation(messageID, senderID, receiverID)VALUES(495,3,9);INSERT INTO user_message(messageID, content, messageDate)VALUES(496,'If the Earth was any closer to the Sun, it would be too hot to support life. If the Earth was any farther away from the Sun, it would be too cold to support life.','2024-3-28 19:8:32');INSERT INTO user_conversation(messageID, senderID, receiverID)VALUES(496,9,6);INSERT INTO user_message(messageID, content, messageDate)VALUES(497,'I gave a short talk.','2024-4-20 9:19:4');INSERT INTO user_conversation(messageID, senderID, receiverID)VALUES(497,9,6);INSERT INTO user_message(messageID, content, messageDate)VALUES(498,'I'm not going to leave you here all alone.','2024-5-20 18:26:31');INSERT INTO user_conversation(messageID, senderID, receiverID)VALUES(498,9,6);INSERT INTO user_message(messageID, content, messageDate)VALUES(499,'Ziri became cranky.','2024-9-8 1:12:44');INSERT INTO user_conversation(messageID, senderID, receiverID)VALUES(499,6,9);INSERT INTO user_message(messageID, content, messageDate)VALUES(500,'I wonder whether Tom is bored or not.','2024-2-25 8:46:3');INSERT INTO user_conversation(messageID, senderID, receiverID)VALUES(500,6,9);INSERT INTO user_message(messageID, content, messageDate)VALUES(501,'Tom and Mary are starting to get it now.','2024-6-9 17:14:13');INSERT INTO user_conversation(messageID, senderID, receiverID)VALUES(501,18,9);INSERT INTO user_message(messageID, content, messageDate)VALUES(502,'What's it like being Tom's girlfriend?','2024-11-14 0:18:9');INSERT INTO user_conversation(messageID, senderID, receiverID)VALUES(502,18,9);INSERT INTO user_message(messageID, content, messageDate)VALUES(503,'It's like a weight has been lifted from my shoulders.','2023-8-7 20:28:40');INSERT INTO user_conversation(messageID, senderID, receiverID)VALUES(503,9,11);INSERT INTO user_message(messageID, content, messageDate)VALUES(504,'Tom put his briefcase on the floor next to his desk.','2024-2-17 14:47:58');INSERT INTO user_conversation(messageID, senderID, receiverID)VALUES(504,9,11);INSERT INTO user_message(messageID, content, messageDate)VALUES(505,'Are you going to help Tom?','2023-4-2 20:6:1');INSERT INTO user_conversation(messageID, senderID, receiverID)VALUES(505,9,11);INSERT INTO user_message(messageID, content, messageDate)VALUES(506,'Sami wanted to work in a Muslim environment.','2024-11-11 4:18:36');INSERT INTO user_conversation(messageID, senderID, receiverID)VALUES(506,9,11);INSERT INTO user_message(messageID, content, messageDate)VALUES(507,'There was a poster of a pin-up girl on the wall.','2023-7-11 17:3:39');INSERT INTO user_conversation(messageID, senderID, receiverID)VALUES(507,9,11);INSERT INTO user_message(messageID, content, messageDate)VALUES(508,'Tom said he's weak.','2023-9-18 21:54:26');INSERT INTO user_conversation(messageID, senderID, receiverID)VALUES(508,9,11);INSERT INTO user_message(messageID, content, messageDate)VALUES(509,'She read the digest of War and Peace.','2024-7-9 19:51:3');INSERT INTO user_conversation(messageID, senderID, receiverID)VALUES(509,9,11);INSERT INTO user_message(messageID, content, messageDate)VALUES(510,'How do you write "Eyjafjallajökull"?','2024-6-6 5:39:18');INSERT INTO user_conversation(messageID, senderID, receiverID)VALUES(510,9,11);INSERT INTO user_message(messageID, content, messageDate)VALUES(511,'I didn't know that there was anything else to do.','2023-8-24 1:27:20');INSERT INTO user_conversation(messageID, senderID, receiverID)VALUES(511,11,9);INSERT INTO user_message(messageID, content, messageDate)VALUES(512,'Don't trust anyone, not even me.','2023-8-12 6:49:47');INSERT INTO user_conversation(messageID, senderID, receiverID)VALUES(512,11,9);INSERT INTO user_message(messageID, content, messageDate)VALUES(513,'Far away / he sees the firmament all calm and clear, / and from the stern gives signal. We obey, / and shifting camp, set sail and tempt the doubtful way.','2024-4-8 7:26:0');INSERT INTO user_conversation(messageID, senderID, receiverID)VALUES(513,11,9);INSERT INTO user_message(messageID, content, messageDate)VALUES(514,'The fire burned for a long time.','2024-4-27 4:45:4');INSERT INTO user_conversation(messageID, senderID, receiverID)VALUES(514,11,9);INSERT INTO user_message(messageID, content, messageDate)VALUES(515,'I didn't write back.','2023-8-2 12:47:56');INSERT INTO user_conversation(messageID, senderID, receiverID)VALUES(515,11,9);INSERT INTO user_message(messageID, content, messageDate)VALUES(516,'Tom has taken a day off.','2023-3-30 18:2:3');INSERT INTO user_conversation(messageID, senderID, receiverID)VALUES(516,11,9);INSERT INTO user_message(messageID, content, messageDate)VALUES(517,'Mary told us she'd cried.','2024-5-13 19:13:50');INSERT INTO user_conversation(messageID, senderID, receiverID)VALUES(517,11,9);INSERT INTO user_message(messageID, content, messageDate)VALUES(518,'I didn't know Tom back then.','2023-5-6 6:7:52');INSERT INTO user_conversation(messageID, senderID, receiverID)VALUES(518,12,9);INSERT INTO user_message(messageID, content, messageDate)VALUES(519,'I'm the regional champion.','2024-10-26 10:15:16');INSERT INTO user_conversation(messageID, senderID, receiverID)VALUES(519,12,9);INSERT INTO user_message(messageID, content, messageDate)VALUES(520,'I sprained my finger while playing volleyball.','2023-9-6 0:40:28');INSERT INTO user_conversation(messageID, senderID, receiverID)VALUES(520,12,9);INSERT INTO user_message(messageID, content, messageDate)VALUES(521,'Did Tom say when we should expect him?','2023-2-11 8:33:25');INSERT INTO user_conversation(messageID, senderID, receiverID)VALUES(521,10,16);INSERT INTO user_message(messageID, content, messageDate)VALUES(522,'The two teams arrived on the field.','2024-11-13 5:3:4');INSERT INTO user_conversation(messageID, senderID, receiverID)VALUES(522,10,16);INSERT INTO user_message(messageID, content, messageDate)VALUES(523,'We recommend you always have a first aid kit in hand in case of sudden injury or illness.','2023-2-4 0:50:47');INSERT INTO user_conversation(messageID, senderID, receiverID)VALUES(523,10,16);INSERT INTO user_message(messageID, content, messageDate)VALUES(524,'So we are not exactly on the same page, but I look forward to listening to the comments of the Honourable Members.','2023-12-21 6:0:9');INSERT INTO user_conversation(messageID, senderID, receiverID)VALUES(524,16,10);INSERT INTO user_message(messageID, content, messageDate)VALUES(525,'Who recalled Tom to work?','2024-11-26 9:32:1');INSERT INTO user_conversation(messageID, senderID, receiverID)VALUES(525,16,10);INSERT INTO user_message(messageID, content, messageDate)VALUES(526,'It's possible Tom won't want to do that.','2024-11-3 21:55:32');INSERT INTO user_conversation(messageID, senderID, receiverID)VALUES(526,16,10);INSERT INTO user_message(messageID, content, messageDate)VALUES(527,'Tom swatted the fly.','2023-11-17 14:12:33');INSERT INTO user_conversation(messageID, senderID, receiverID)VALUES(527,16,10);INSERT INTO user_message(messageID, content, messageDate)VALUES(528,'Steel is a key industry.','2023-3-24 21:31:50');INSERT INTO user_conversation(messageID, senderID, receiverID)VALUES(528,16,10);INSERT INTO user_message(messageID, content, messageDate)VALUES(529,'We are looking for a nice house to live in.','2023-5-24 19:23:24');INSERT INTO user_conversation(messageID, senderID, receiverID)VALUES(529,10,12);INSERT INTO user_message(messageID, content, messageDate)VALUES(530,'What did you buy from us?','2024-5-28 22:28:38');INSERT INTO user_conversation(messageID, senderID, receiverID)VALUES(530,12,10);INSERT INTO user_message(messageID, content, messageDate)VALUES(531,'Tom's name should be added to the list.','2023-6-29 17:18:33');INSERT INTO user_conversation(messageID, senderID, receiverID)VALUES(531,12,10);INSERT INTO user_message(messageID, content, messageDate)VALUES(532,'He married his daughter to a bank clerk.','2023-11-4 5:22:4');INSERT INTO user_conversation(messageID, senderID, receiverID)VALUES(532,12,10);INSERT INTO user_message(messageID, content, messageDate)VALUES(533,'The discussion was heated.','2024-10-13 18:32:17');INSERT INTO user_conversation(messageID, senderID, receiverID)VALUES(533,12,10);INSERT INTO user_message(messageID, content, messageDate)VALUES(534,'I had a bowl of noodles at a street nearby.','2023-3-31 13:34:44');INSERT INTO user_conversation(messageID, senderID, receiverID)VALUES(534,12,10);INSERT INTO user_message(messageID, content, messageDate)VALUES(535,'Yes, it happens once in a while.','2024-3-6 6:13:43');INSERT INTO user_conversation(messageID, senderID, receiverID)VALUES(535,12,10);INSERT INTO user_message(messageID, content, messageDate)VALUES(536,'Tom's thirty.','2023-10-22 9:56:58');INSERT INTO user_conversation(messageID, senderID, receiverID)VALUES(536,12,10);INSERT INTO user_message(messageID, content, messageDate)VALUES(537,'I'll be staying here for a while.','2024-2-11 22:48:42');INSERT INTO user_conversation(messageID, senderID, receiverID)VALUES(537,12,10);INSERT INTO user_message(messageID, content, messageDate)VALUES(538,'We'll all stay here together.','2023-11-12 0:57:13');INSERT INTO user_conversation(messageID, senderID, receiverID)VALUES(538,12,10);INSERT INTO user_message(messageID, content, messageDate)VALUES(539,'He said he was too young to vote.','2024-6-22 23:15:17');INSERT INTO user_conversation(messageID, senderID, receiverID)VALUES(539,10,5);INSERT INTO user_message(messageID, content, messageDate)VALUES(540,'The main characteristic of Egyptian climate is the heat. Sometimes it reaches 47 degrees Celsius, which is about as hot as our Turkish bath.','2024-2-11 0:1:40');INSERT INTO user_conversation(messageID, senderID, receiverID)VALUES(540,10,5);INSERT INTO user_message(messageID, content, messageDate)VALUES(541,'Tom doesn't know that Mary is hungry.','2023-4-25 4:34:32');INSERT INTO user_conversation(messageID, senderID, receiverID)VALUES(541,5,10);INSERT INTO user_message(messageID, content, messageDate)VALUES(542,'To remove a sentence from your list of favorites, click on the black heart icon.','2024-2-9 19:47:54');INSERT INTO user_conversation(messageID, senderID, receiverID)VALUES(542,5,10);INSERT INTO user_message(messageID, content, messageDate)VALUES(543,'Why do you lie flat on your face like this?','2024-2-11 17:29:8');INSERT INTO user_conversation(messageID, senderID, receiverID)VALUES(543,5,10);INSERT INTO user_message(messageID, content, messageDate)VALUES(544,'He was a kind master to his servants.','2024-7-12 3:42:31');INSERT INTO user_conversation(messageID, senderID, receiverID)VALUES(544,5,10);INSERT INTO user_message(messageID, content, messageDate)VALUES(545,'I knew that you wouldn't like it in Australia.','2023-2-12 4:8:3');INSERT INTO user_conversation(messageID, senderID, receiverID)VALUES(545,5,10);INSERT INTO user_message(messageID, content, messageDate)VALUES(546,'No other language is as beautiful as Japanese.','2024-12-2 4:54:55');INSERT INTO user_conversation(messageID, senderID, receiverID)VALUES(546,5,10);INSERT INTO user_message(messageID, content, messageDate)VALUES(547,'Who gave this to you?','2024-9-16 20:38:34');INSERT INTO user_conversation(messageID, senderID, receiverID)VALUES(547,10,8);INSERT INTO user_message(messageID, content, messageDate)VALUES(548,'He had to go himself.','2024-6-26 17:44:43');INSERT INTO user_conversation(messageID, senderID, receiverID)VALUES(548,10,8);INSERT INTO user_message(messageID, content, messageDate)VALUES(549,'That museum is worth visiting.','2023-6-27 20:2:44');INSERT INTO user_conversation(messageID, senderID, receiverID)VALUES(549,10,8);INSERT INTO user_message(messageID, content, messageDate)VALUES(550,'That must be Tom's mother.','2023-6-3 7:55:7');INSERT INTO user_conversation(messageID, senderID, receiverID)VALUES(550,10,8);INSERT INTO user_message(messageID, content, messageDate)VALUES(551,'You wouldn't know how to do this, would you?','2024-12-23 4:47:5');INSERT INTO user_conversation(messageID, senderID, receiverID)VALUES(551,10,8);INSERT INTO user_message(messageID, content, messageDate)VALUES(552,'Do you know those ladies who're getting off the bus?','2023-2-14 15:1:12');INSERT INTO user_conversation(messageID, senderID, receiverID)VALUES(552,10,8);INSERT INTO user_message(messageID, content, messageDate)VALUES(553,'I'm the only other person who should've done that.','2023-11-16 5:37:12');INSERT INTO user_conversation(messageID, senderID, receiverID)VALUES(553,10,8);INSERT INTO user_message(messageID, content, messageDate)VALUES(554,'His limbs were numbed, his beautiful eyes were closing, and he must have died if the little mermaid had not come to the rescue.','2024-9-30 1:45:13');INSERT INTO user_conversation(messageID, senderID, receiverID)VALUES(554,10,8);INSERT INTO user_message(messageID, content, messageDate)VALUES(555,'He's angry at the world.','2023-9-11 17:33:0');INSERT INTO user_conversation(messageID, senderID, receiverID)VALUES(555,10,8);INSERT INTO user_message(messageID, content, messageDate)VALUES(556,'States and local authorities had seldom pursued prosecution in lynchings.','2023-2-6 4:15:37');INSERT INTO user_conversation(messageID, senderID, receiverID)VALUES(556,8,10);INSERT INTO user_message(messageID, content, messageDate)VALUES(557,'They will not succeed.','2023-9-30 2:45:1');INSERT INTO user_conversation(messageID, senderID, receiverID)VALUES(557,8,10);INSERT INTO user_message(messageID, content, messageDate)VALUES(558,'Have another drink on me.','2024-3-9 15:32:20');INSERT INTO user_conversation(messageID, senderID, receiverID)VALUES(558,8,10);INSERT INTO user_message(messageID, content, messageDate)VALUES(559,'Tom wrote to Mary every week.','2024-3-30 18:56:38');INSERT INTO user_conversation(messageID, senderID, receiverID)VALUES(559,8,10);INSERT INTO user_message(messageID, content, messageDate)VALUES(560,'The animals need to eat.','2023-10-10 18:25:34');INSERT INTO user_conversation(messageID, senderID, receiverID)VALUES(560,10,4);INSERT INTO user_message(messageID, content, messageDate)VALUES(561,'The one that is able to define a problem, already solved half of it.','2023-12-31 21:23:8');INSERT INTO user_conversation(messageID, senderID, receiverID)VALUES(561,10,4);INSERT INTO user_message(messageID, content, messageDate)VALUES(562,'Sami cannot even touch Layla.','2024-12-2 15:57:7');INSERT INTO user_conversation(messageID, senderID, receiverID)VALUES(562,10,4);INSERT INTO user_message(messageID, content, messageDate)VALUES(563,'Sami isn't here to just hear Layla rant.','2023-2-11 12:24:51');INSERT INTO user_conversation(messageID, senderID, receiverID)VALUES(563,10,4);INSERT INTO user_message(messageID, content, messageDate)VALUES(564,'Tom and John wrestled in the backyard.','2024-12-6 4:38:15');INSERT INTO user_conversation(messageID, senderID, receiverID)VALUES(564,10,4);INSERT INTO user_message(messageID, content, messageDate)VALUES(565,'I love the sound this grasshopper makes!','2023-6-30 19:44:3');INSERT INTO user_conversation(messageID, senderID, receiverID)VALUES(565,10,4);INSERT INTO user_message(messageID, content, messageDate)VALUES(566,'Tom and Mary went to Australia last year.','2024-9-18 20:57:30');INSERT INTO user_conversation(messageID, senderID, receiverID)VALUES(566,10,4);INSERT INTO user_message(messageID, content, messageDate)VALUES(567,'We never stood a chance.','2023-5-22 18:13:6');INSERT INTO user_conversation(messageID, senderID, receiverID)VALUES(567,10,4);INSERT INTO user_message(messageID, content, messageDate)VALUES(568,'The witness identified the thief in the police lineup.','2024-3-24 19:27:7');INSERT INTO user_conversation(messageID, senderID, receiverID)VALUES(568,10,4);INSERT INTO user_message(messageID, content, messageDate)VALUES(569,'Everything Ziri does is in Berber.','2024-2-27 6:48:5');INSERT INTO user_conversation(messageID, senderID, receiverID)VALUES(569,4,10);INSERT INTO user_message(messageID, content, messageDate)VALUES(570,'It's easy to customise the camera to suit your shooting style.','2023-8-23 0:20:31');INSERT INTO user_conversation(messageID, senderID, receiverID)VALUES(570,4,10);INSERT INTO user_message(messageID, content, messageDate)VALUES(571,'What?! No! Are you really fucking with my date?','2023-5-8 5:31:32');INSERT INTO user_conversation(messageID, senderID, receiverID)VALUES(571,10,15);INSERT INTO user_message(messageID, content, messageDate)VALUES(572,'She came to see me.','2024-11-16 9:18:41');INSERT INTO user_conversation(messageID, senderID, receiverID)VALUES(572,10,15);INSERT INTO user_message(messageID, content, messageDate)VALUES(573,'What's the plan for tomorrow?','2023-9-20 21:7:23');INSERT INTO user_conversation(messageID, senderID, receiverID)VALUES(573,10,15);INSERT INTO user_message(messageID, content, messageDate)VALUES(574,'We traveled to France.','2024-3-11 12:15:31');INSERT INTO user_conversation(messageID, senderID, receiverID)VALUES(574,10,15);INSERT INTO user_message(messageID, content, messageDate)VALUES(575,'Why would anyone not like Tom?','2023-12-24 14:29:22');INSERT INTO user_conversation(messageID, senderID, receiverID)VALUES(575,10,15);INSERT INTO user_message(messageID, content, messageDate)VALUES(576,'I gave the beggar what money I had.','2024-6-3 2:41:6');INSERT INTO user_conversation(messageID, senderID, receiverID)VALUES(576,10,15);INSERT INTO user_message(messageID, content, messageDate)VALUES(577,'Yanni doesn't eat potatoes.','2024-11-28 1:44:29');INSERT INTO user_conversation(messageID, senderID, receiverID)VALUES(577,10,15);INSERT INTO user_message(messageID, content, messageDate)VALUES(578,'I don't really like this kind of music.','2024-2-11 21:46:47');INSERT INTO user_conversation(messageID, senderID, receiverID)VALUES(578,10,15);INSERT INTO user_message(messageID, content, messageDate)VALUES(579,'Mary told me she wasn't mad.','2023-5-22 5:8:34');INSERT INTO user_conversation(messageID, senderID, receiverID)VALUES(579,10,15);INSERT INTO user_message(messageID, content, messageDate)VALUES(580,'I must draw up three papers in three days.','2024-7-11 7:13:10');INSERT INTO user_conversation(messageID, senderID, receiverID)VALUES(580,15,10);INSERT INTO user_message(messageID, content, messageDate)VALUES(581,'Would it be OK if I ate one of these donuts?','2023-5-25 12:50:0');INSERT INTO user_conversation(messageID, senderID, receiverID)VALUES(581,15,10);INSERT INTO user_message(messageID, content, messageDate)VALUES(582,'I tried to do everything I could to stop Mary.','2023-12-25 19:8:11');INSERT INTO user_conversation(messageID, senderID, receiverID)VALUES(582,15,10);INSERT INTO user_message(messageID, content, messageDate)VALUES(583,'Do the glasses fit you well?','2023-8-12 11:39:25');INSERT INTO user_conversation(messageID, senderID, receiverID)VALUES(583,15,10);INSERT INTO user_message(messageID, content, messageDate)VALUES(584,'Now or never.','2024-10-25 18:42:59');INSERT INTO user_conversation(messageID, senderID, receiverID)VALUES(584,10,6);INSERT INTO user_message(messageID, content, messageDate)VALUES(585,'Tom and Mary said they weren't enjoying themselves.','2023-11-4 8:40:6');INSERT INTO user_conversation(messageID, senderID, receiverID)VALUES(585,10,6);INSERT INTO user_message(messageID, content, messageDate)VALUES(586,'Ziri is talking about the movie.','2023-12-13 5:28:32');INSERT INTO user_conversation(messageID, senderID, receiverID)VALUES(586,10,6);INSERT INTO user_message(messageID, content, messageDate)VALUES(587,'He doesn't know that I like him.','2024-3-2 7:54:28');INSERT INTO user_conversation(messageID, senderID, receiverID)VALUES(587,10,6);INSERT INTO user_message(messageID, content, messageDate)VALUES(588,'I'll drop by tonight.','2024-9-24 23:37:51');INSERT INTO user_conversation(messageID, senderID, receiverID)VALUES(588,10,6);INSERT INTO user_message(messageID, content, messageDate)VALUES(589,'Tom will probably be ready to leave when we get there.','2023-9-9 16:33:34');INSERT INTO user_conversation(messageID, senderID, receiverID)VALUES(589,10,6);INSERT INTO user_message(messageID, content, messageDate)VALUES(590,'Ziri was here, too.','2023-6-12 20:15:43');INSERT INTO user_conversation(messageID, senderID, receiverID)VALUES(590,10,6);INSERT INTO user_message(messageID, content, messageDate)VALUES(591,'This would be better than that.','2023-4-24 13:0:8');INSERT INTO user_conversation(messageID, senderID, receiverID)VALUES(591,10,6);INSERT INTO user_message(messageID, content, messageDate)VALUES(592,'Tom knows how to do everything.','2023-2-25 7:46:29');INSERT INTO user_conversation(messageID, senderID, receiverID)VALUES(592,6,10);INSERT INTO user_message(messageID, content, messageDate)VALUES(593,'The answer to these questions seems to be no.','2024-4-12 15:33:20');INSERT INTO user_conversation(messageID, senderID, receiverID)VALUES(593,10,18);INSERT INTO user_message(messageID, content, messageDate)VALUES(594,'Sami was sitting at the dinner table with Layla.','2024-11-9 2:1:9');INSERT INTO user_conversation(messageID, senderID, receiverID)VALUES(594,18,10);INSERT INTO user_message(messageID, content, messageDate)VALUES(595,'I've had many opportunities to do that.','2023-9-30 16:37:52');INSERT INTO user_conversation(messageID, senderID, receiverID)VALUES(595,18,10);INSERT INTO user_message(messageID, content, messageDate)VALUES(596,'Tom fell apart.','2024-7-3 13:1:49');INSERT INTO user_conversation(messageID, senderID, receiverID)VALUES(596,18,10);INSERT INTO user_message(messageID, content, messageDate)VALUES(597,'I should stay home.','2024-12-15 11:12:53');INSERT INTO user_conversation(messageID, senderID, receiverID)VALUES(597,18,10);INSERT INTO user_message(messageID, content, messageDate)VALUES(598,'Did you see what Tom just did?','2024-5-13 16:5:14');INSERT INTO user_conversation(messageID, senderID, receiverID)VALUES(598,18,10);INSERT INTO user_message(messageID, content, messageDate)VALUES(599,'Tom showed up at the party dressed as a pirate.','2023-4-5 10:28:41');INSERT INTO user_conversation(messageID, senderID, receiverID)VALUES(599,18,10);INSERT INTO user_message(messageID, content, messageDate)VALUES(600,'Eugenie was sublime, she was a woman.','2024-5-25 1:55:54');INSERT INTO user_conversation(messageID, senderID, receiverID)VALUES(600,18,10);INSERT INTO user_message(messageID, content, messageDate)VALUES(601,'I barely have enough money for food.','2024-5-29 8:43:1');INSERT INTO user_conversation(messageID, senderID, receiverID)VALUES(601,10,17);INSERT INTO user_message(messageID, content, messageDate)VALUES(602,'I'm not as heavy as Tom.','2024-11-4 21:53:4');INSERT INTO user_conversation(messageID, senderID, receiverID)VALUES(602,10,17);INSERT INTO user_message(messageID, content, messageDate)VALUES(603,'Tom knows a good Chinese restaurant not too far from his office.','2024-7-26 12:58:6');INSERT INTO user_conversation(messageID, senderID, receiverID)VALUES(603,17,10);INSERT INTO user_message(messageID, content, messageDate)VALUES(604,'He seemed okay when I saw him.','2023-9-16 8:4:27');INSERT INTO user_conversation(messageID, senderID, receiverID)VALUES(604,17,10);INSERT INTO user_message(messageID, content, messageDate)VALUES(605,'I thought I'd forgotten to do that.','2024-6-17 22:10:56');INSERT INTO user_conversation(messageID, senderID, receiverID)VALUES(605,17,10);INSERT INTO user_message(messageID, content, messageDate)VALUES(606,'The asphalt is so hot you can fry an egg on it.','2023-11-6 10:8:43');INSERT INTO user_conversation(messageID, senderID, receiverID)VALUES(606,17,10);INSERT INTO user_message(messageID, content, messageDate)VALUES(607,'Stop being a silly ditz.','2024-7-9 8:48:26');INSERT INTO user_conversation(messageID, senderID, receiverID)VALUES(607,11,19);INSERT INTO user_message(messageID, content, messageDate)VALUES(608,'What color is your new coat?','2023-10-6 15:1:52');INSERT INTO user_conversation(messageID, senderID, receiverID)VALUES(608,11,19);INSERT INTO user_message(messageID, content, messageDate)VALUES(609,'The refugees felt safe in their new country.','2024-3-11 11:30:57');INSERT INTO user_conversation(messageID, senderID, receiverID)VALUES(609,11,19);INSERT INTO user_message(messageID, content, messageDate)VALUES(610,'The space agency considers objects that pass within 48 million kilometers of our planet a “near-earth” object.','2024-9-13 3:44:37');INSERT INTO user_conversation(messageID, senderID, receiverID)VALUES(610,11,19);INSERT INTO user_message(messageID, content, messageDate)VALUES(611,'The NHS was created in 1948.','2023-5-30 7:22:24');INSERT INTO user_conversation(messageID, senderID, receiverID)VALUES(611,11,19);INSERT INTO user_message(messageID, content, messageDate)VALUES(612,'I'd rather not have this discussion in front of Tom.','2023-6-5 0:3:4');INSERT INTO user_conversation(messageID, senderID, receiverID)VALUES(612,11,19);INSERT INTO user_message(messageID, content, messageDate)VALUES(613,'Do you want a lawyer?','2023-4-8 1:56:6');INSERT INTO user_conversation(messageID, senderID, receiverID)VALUES(613,11,19);INSERT INTO user_message(messageID, content, messageDate)VALUES(614,'I've been living in Boston for a long time.','2024-7-9 8:25:12');INSERT INTO user_conversation(messageID, senderID, receiverID)VALUES(614,11,19);INSERT INTO user_message(messageID, content, messageDate)VALUES(615,'I don't really know what to buy.','2024-9-24 6:55:15');INSERT INTO user_conversation(messageID, senderID, receiverID)VALUES(615,19,11);INSERT INTO user_message(messageID, content, messageDate)VALUES(616,'This giraffe and her calf chose the wrong moment to go for a drink.','2024-3-18 7:36:11');INSERT INTO user_conversation(messageID, senderID, receiverID)VALUES(616,19,11);INSERT INTO user_message(messageID, content, messageDate)VALUES(617,'Sami ruined my lunch.','2023-9-27 2:42:15');INSERT INTO user_conversation(messageID, senderID, receiverID)VALUES(617,5,12);INSERT INTO user_message(messageID, content, messageDate)VALUES(618,'How long do you think it'll take us to do this?','2023-9-15 2:37:42');INSERT INTO user_conversation(messageID, senderID, receiverID)VALUES(618,5,12);INSERT INTO user_message(messageID, content, messageDate)VALUES(619,'She reads before going to sleep.','2023-10-4 12:6:10');INSERT INTO user_conversation(messageID, senderID, receiverID)VALUES(619,5,12);INSERT INTO user_message(messageID, content, messageDate)VALUES(620,'What a perfect night!','2023-12-2 15:9:15');INSERT INTO user_conversation(messageID, senderID, receiverID)VALUES(620,5,12);INSERT INTO user_message(messageID, content, messageDate)VALUES(621,'Sami was caught in 2006.','2023-8-11 19:36:58');INSERT INTO user_conversation(messageID, senderID, receiverID)VALUES(621,5,12);INSERT INTO user_message(messageID, content, messageDate)VALUES(622,'Mary was simply doing her job.','2023-6-7 16:13:11');INSERT INTO user_conversation(messageID, senderID, receiverID)VALUES(622,12,15);INSERT INTO user_message(messageID, content, messageDate)VALUES(623,'Abram passed through the country unto the place of Sichem, as far as the noble vale: now the Canaanite was at that time in the land.','2024-6-4 1:32:19');INSERT INTO user_conversation(messageID, senderID, receiverID)VALUES(623,12,15);INSERT INTO user_message(messageID, content, messageDate)VALUES(624,'Don't forget to ask Tom what he's going to do.','2023-4-7 17:48:52');INSERT INTO user_conversation(messageID, senderID, receiverID)VALUES(624,12,15);INSERT INTO user_message(messageID, content, messageDate)VALUES(625,'Tom doesn't have to do that again.','2023-9-16 22:10:29');INSERT INTO user_conversation(messageID, senderID, receiverID)VALUES(625,12,15);INSERT INTO user_message(messageID, content, messageDate)VALUES(626,'French is a really interesting language.','2024-12-12 21:21:58');INSERT INTO user_conversation(messageID, senderID, receiverID)VALUES(626,15,12);INSERT INTO user_message(messageID, content, messageDate)VALUES(627,'The Second World War began in 1939 and ended in 1945.','2024-8-11 4:44:37');INSERT INTO user_conversation(messageID, senderID, receiverID)VALUES(627,15,12);INSERT INTO user_message(messageID, content, messageDate)VALUES(628,'How many times are you going to ask me that?','2023-5-29 1:38:59');INSERT INTO user_conversation(messageID, senderID, receiverID)VALUES(628,15,12);INSERT INTO user_message(messageID, content, messageDate)VALUES(629,'The wind blew itself out.','2024-12-18 0:54:7');INSERT INTO user_conversation(messageID, senderID, receiverID)VALUES(629,12,8);INSERT INTO user_message(messageID, content, messageDate)VALUES(630,'I think we ought to leave.','2024-9-16 15:28:2');INSERT INTO user_conversation(messageID, senderID, receiverID)VALUES(630,12,8);INSERT INTO user_message(messageID, content, messageDate)VALUES(631,'Rima wanted to have a baby.','2024-11-26 16:29:31');INSERT INTO user_conversation(messageID, senderID, receiverID)VALUES(631,12,8);INSERT INTO user_message(messageID, content, messageDate)VALUES(632,'They're surprisingly good.','2023-11-17 1:29:23');INSERT INTO user_conversation(messageID, senderID, receiverID)VALUES(632,12,8);INSERT INTO user_message(messageID, content, messageDate)VALUES(633,'If it were not for the sun, every living thing would die.','2024-10-17 0:46:7');INSERT INTO user_conversation(messageID, senderID, receiverID)VALUES(633,12,8);INSERT INTO user_message(messageID, content, messageDate)VALUES(634,'The towel rack isn't stable anymore.','2023-2-13 20:28:4');INSERT INTO user_conversation(messageID, senderID, receiverID)VALUES(634,12,8);INSERT INTO user_message(messageID, content, messageDate)VALUES(635,'Money can't buy you happiness, but it can buy marshmallows, which is sort of the same thing.','2023-2-11 9:50:55');INSERT INTO user_conversation(messageID, senderID, receiverID)VALUES(635,12,8);INSERT INTO user_message(messageID, content, messageDate)VALUES(636,'What's the fastest way to get to the post office from here?','2023-6-25 9:44:24');INSERT INTO user_conversation(messageID, senderID, receiverID)VALUES(636,12,8);INSERT INTO user_message(messageID, content, messageDate)VALUES(637,'They only care about themselves.','2023-10-22 13:33:10');INSERT INTO user_conversation(messageID, senderID, receiverID)VALUES(637,8,12);INSERT INTO user_message(messageID, content, messageDate)VALUES(638,'What I have in my hand is a fossil seashell.','2024-9-17 22:33:21');INSERT INTO user_conversation(messageID, senderID, receiverID)VALUES(638,8,12);INSERT INTO user_message(messageID, content, messageDate)VALUES(639,'Mary wanted Tom to go to Boston with her.','2023-7-20 2:56:58');INSERT INTO user_conversation(messageID, senderID, receiverID)VALUES(639,8,12);INSERT INTO user_message(messageID, content, messageDate)VALUES(640,'Take this medicine for your cold three times a day.','2023-11-23 1:50:34');INSERT INTO user_conversation(messageID, senderID, receiverID)VALUES(640,8,12);INSERT INTO user_message(messageID, content, messageDate)VALUES(641,'There's no right answer to this question.','2023-7-12 14:45:10');INSERT INTO user_conversation(messageID, senderID, receiverID)VALUES(641,8,12);INSERT INTO user_message(messageID, content, messageDate)VALUES(642,'I'll ring you in a few days' time.','2024-8-14 8:0:12');INSERT INTO user_conversation(messageID, senderID, receiverID)VALUES(642,8,12);INSERT INTO user_message(messageID, content, messageDate)VALUES(643,'Well, shall we devote ourselves to study today as well?','2024-2-14 19:57:33');INSERT INTO user_conversation(messageID, senderID, receiverID)VALUES(643,8,12);INSERT INTO user_message(messageID, content, messageDate)VALUES(644,'Tom had a hard time having his voice heard by Putin at the other end of the very long table.','2024-6-25 20:3:11');INSERT INTO user_conversation(messageID, senderID, receiverID)VALUES(644,8,12);INSERT INTO user_message(messageID, content, messageDate)VALUES(645,'I've had no problems with Tom.','2023-6-17 12:14:21');INSERT INTO user_conversation(messageID, senderID, receiverID)VALUES(645,8,12);INSERT INTO user_message(messageID, content, messageDate)VALUES(646,'I thought Tom might want to do that today.','2024-10-16 16:57:54');INSERT INTO user_conversation(messageID, senderID, receiverID)VALUES(646,12,13);INSERT INTO user_message(messageID, content, messageDate)VALUES(647,'That's why I went to Kabylie.','2023-7-30 6:20:59');INSERT INTO user_conversation(messageID, senderID, receiverID)VALUES(647,12,13);INSERT INTO user_message(messageID, content, messageDate)VALUES(648,'The road to success wouldn't be so long if there weren't so many enticing stops along the way.','2024-3-17 14:18:0');INSERT INTO user_conversation(messageID, senderID, receiverID)VALUES(648,12,13);INSERT INTO user_message(messageID, content, messageDate)VALUES(649,'Have you finished the puzzle yet?','2023-11-8 12:8:47');INSERT INTO user_conversation(messageID, senderID, receiverID)VALUES(649,12,13);INSERT INTO user_message(messageID, content, messageDate)VALUES(650,'I can't go back to jail.','2024-7-6 16:11:45');INSERT INTO user_conversation(messageID, senderID, receiverID)VALUES(650,12,13);INSERT INTO user_message(messageID, content, messageDate)VALUES(651,'I'll stand by you.','2023-5-21 12:10:8');INSERT INTO user_conversation(messageID, senderID, receiverID)VALUES(651,13,12);INSERT INTO user_message(messageID, content, messageDate)VALUES(652,'Would you mind if I borrowed your newspaper?','2024-6-25 11:1:44');INSERT INTO user_conversation(messageID, senderID, receiverID)VALUES(652,13,12);INSERT INTO user_message(messageID, content, messageDate)VALUES(653,'Yanni and Nuja kept Skura company.','2023-8-15 20:30:49');INSERT INTO user_conversation(messageID, senderID, receiverID)VALUES(653,12,19);INSERT INTO user_message(messageID, content, messageDate)VALUES(654,'Have you any idea about it?','2023-10-17 10:6:19');INSERT INTO user_conversation(messageID, senderID, receiverID)VALUES(654,12,19);INSERT INTO user_message(messageID, content, messageDate)VALUES(655,'The teacher gave me detention with him during his lunch.','2023-11-17 19:36:1');INSERT INTO user_conversation(messageID, senderID, receiverID)VALUES(655,12,19);INSERT INTO user_message(messageID, content, messageDate)VALUES(656,'I had a dream about you last night.','2024-11-30 14:1:33');INSERT INTO user_conversation(messageID, senderID, receiverID)VALUES(656,12,19);INSERT INTO user_message(messageID, content, messageDate)VALUES(657,'I'm glad that my name wasn't mentioned.','2023-6-5 1:54:2');INSERT INTO user_conversation(messageID, senderID, receiverID)VALUES(657,12,4);INSERT INTO user_message(messageID, content, messageDate)VALUES(658,'She knows she's done something wrong.','2023-8-14 21:55:32');INSERT INTO user_conversation(messageID, senderID, receiverID)VALUES(658,12,4);INSERT INTO user_message(messageID, content, messageDate)VALUES(659,'Fish was our next course.','2023-10-3 5:23:50');INSERT INTO user_conversation(messageID, senderID, receiverID)VALUES(659,12,4);INSERT INTO user_message(messageID, content, messageDate)VALUES(660,'All three of us wanted to leave early.','2024-9-17 11:14:47');INSERT INTO user_conversation(messageID, senderID, receiverID)VALUES(660,12,4);INSERT INTO user_message(messageID, content, messageDate)VALUES(661,'Again the frog turned into Vasilissa, the wise maiden.','2024-5-20 5:43:45');INSERT INTO user_conversation(messageID, senderID, receiverID)VALUES(661,4,12);INSERT INTO user_message(messageID, content, messageDate)VALUES(662,'Good morning, sweetheart.','2023-3-15 5:42:26');INSERT INTO user_conversation(messageID, senderID, receiverID)VALUES(662,4,12);INSERT INTO user_message(messageID, content, messageDate)VALUES(663,'Yanni's future is too uncertain.','2023-4-6 14:16:34');INSERT INTO user_conversation(messageID, senderID, receiverID)VALUES(663,12,6);INSERT INTO user_message(messageID, content, messageDate)VALUES(664,'Nobody knew that you were in Germany.','2024-7-7 16:13:17');INSERT INTO user_conversation(messageID, senderID, receiverID)VALUES(664,12,6);INSERT INTO user_message(messageID, content, messageDate)VALUES(665,'We die only once, and for such a long time.','2023-10-13 0:39:32');INSERT INTO user_conversation(messageID, senderID, receiverID)VALUES(665,12,6);INSERT INTO user_message(messageID, content, messageDate)VALUES(666,'Bulgarian is like Russian.','2024-4-15 15:2:21');INSERT INTO user_conversation(messageID, senderID, receiverID)VALUES(666,12,6);INSERT INTO user_message(messageID, content, messageDate)VALUES(667,'He hurt himself yesterday.','2023-2-21 11:35:33');INSERT INTO user_conversation(messageID, senderID, receiverID)VALUES(667,6,12);INSERT INTO user_message(messageID, content, messageDate)VALUES(668,'You don't look too good.','2023-8-23 18:26:4');INSERT INTO user_conversation(messageID, senderID, receiverID)VALUES(668,6,12);INSERT INTO user_message(messageID, content, messageDate)VALUES(669,'Men often argue with their wives.','2023-6-18 1:25:20');INSERT INTO user_conversation(messageID, senderID, receiverID)VALUES(669,6,12);INSERT INTO user_message(messageID, content, messageDate)VALUES(670,'Affirming the consequent is an example of a formal logical fallacy.','2024-2-28 1:44:49');INSERT INTO user_conversation(messageID, senderID, receiverID)VALUES(670,6,12);INSERT INTO user_message(messageID, content, messageDate)VALUES(671,'He's the enemy of his own people.','2023-10-28 20:53:49');INSERT INTO user_conversation(messageID, senderID, receiverID)VALUES(671,6,12);INSERT INTO user_message(messageID, content, messageDate)VALUES(672,'Do you find her attractive?','2023-4-18 18:58:41');INSERT INTO user_conversation(messageID, senderID, receiverID)VALUES(672,6,12);INSERT INTO user_message(messageID, content, messageDate)VALUES(673,'I wonder why Tom just didn't ask us to help.','2024-6-26 21:18:1');INSERT INTO user_conversation(messageID, senderID, receiverID)VALUES(673,6,12);INSERT INTO user_message(messageID, content, messageDate)VALUES(674,'He plays the piano, doesn't he?','2023-7-2 18:30:17');INSERT INTO user_conversation(messageID, senderID, receiverID)VALUES(674,12,11);INSERT INTO user_message(messageID, content, messageDate)VALUES(675,'The only thing that I want to do now is to sleep.','2023-2-19 23:19:48');INSERT INTO user_conversation(messageID, senderID, receiverID)VALUES(675,12,11);INSERT INTO user_message(messageID, content, messageDate)VALUES(676,'This time, the nuclear test was a success.','2023-6-23 12:38:30');INSERT INTO user_conversation(messageID, senderID, receiverID)VALUES(676,11,12);INSERT INTO user_message(messageID, content, messageDate)VALUES(677,'Do you have this in any other colors?','2024-6-6 12:8:1');INSERT INTO user_conversation(messageID, senderID, receiverID)VALUES(677,11,12);INSERT INTO user_message(messageID, content, messageDate)VALUES(678,'Ziri put on some Kabyle music and started singing.','2023-11-7 0:32:6');INSERT INTO user_conversation(messageID, senderID, receiverID)VALUES(678,11,12);INSERT INTO user_message(messageID, content, messageDate)VALUES(679,'Tom says Mary isn't very good at doing that.','2023-12-2 6:4:48');INSERT INTO user_conversation(messageID, senderID, receiverID)VALUES(679,11,12);INSERT INTO user_message(messageID, content, messageDate)VALUES(680,'Tom told me Mary was ticklish.','2024-4-27 5:21:26');INSERT INTO user_conversation(messageID, senderID, receiverID)VALUES(680,13,1);INSERT INTO user_message(messageID, content, messageDate)VALUES(681,'You brought yours, didn't you?','2024-9-28 6:23:36');INSERT INTO user_conversation(messageID, senderID, receiverID)VALUES(681,13,1);INSERT INTO user_message(messageID, content, messageDate)VALUES(682,'She married him when she was 20.','2023-4-10 19:27:22');INSERT INTO user_conversation(messageID, senderID, receiverID)VALUES(682,13,1);INSERT INTO user_message(messageID, content, messageDate)VALUES(683,'My sister has many friends.','2023-6-15 22:27:57');INSERT INTO user_conversation(messageID, senderID, receiverID)VALUES(683,13,1);INSERT INTO user_message(messageID, content, messageDate)VALUES(684,'The captions are wrong.','2024-7-26 8:8:6');INSERT INTO user_conversation(messageID, senderID, receiverID)VALUES(684,13,1);INSERT INTO user_message(messageID, content, messageDate)VALUES(685,'Can't you live your own life?','2024-5-21 22:55:15');INSERT INTO user_conversation(messageID, senderID, receiverID)VALUES(685,13,1);INSERT INTO user_message(messageID, content, messageDate)VALUES(686,'Tom denied having ever met Mary.','2023-4-18 0:21:6');INSERT INTO user_conversation(messageID, senderID, receiverID)VALUES(686,13,1);INSERT INTO user_message(messageID, content, messageDate)VALUES(687,'Mennad would always have those people over in his house.','2024-2-25 21:52:37');INSERT INTO user_conversation(messageID, senderID, receiverID)VALUES(687,13,1);INSERT INTO user_message(messageID, content, messageDate)VALUES(688,'Tom died a few weeks ago.','2023-4-23 10:31:54');INSERT INTO user_conversation(messageID, senderID, receiverID)VALUES(688,15,17);INSERT INTO user_message(messageID, content, messageDate)VALUES(689,'Mr. Adams was foolish to agree to the proposal.','2023-8-20 5:12:7');INSERT INTO user_conversation(messageID, senderID, receiverID)VALUES(689,15,17);INSERT INTO user_message(messageID, content, messageDate)VALUES(690,'Fadil's parents knew that he was hiding something.','2023-8-20 5:17:40');INSERT INTO user_conversation(messageID, senderID, receiverID)VALUES(690,15,17);INSERT INTO user_message(messageID, content, messageDate)VALUES(691,'I think I've got the wrong number.','2023-8-9 5:1:17');INSERT INTO user_conversation(messageID, senderID, receiverID)VALUES(691,15,17);INSERT INTO user_message(messageID, content, messageDate)VALUES(692,'Algeria led a diplomatic effort that engaged multiple countries to put an end to the civil war in Mali.','2024-7-3 5:30:41');INSERT INTO user_conversation(messageID, senderID, receiverID)VALUES(692,15,17);INSERT INTO user_message(messageID, content, messageDate)VALUES(693,'Do you live in this neighborhood?','2023-4-8 5:2:57');INSERT INTO user_conversation(messageID, senderID, receiverID)VALUES(693,15,17);INSERT INTO user_message(messageID, content, messageDate)VALUES(694,'Layla was in a relationship on and off with someone who had drinking issues.','2023-8-9 17:5:22');INSERT INTO user_conversation(messageID, senderID, receiverID)VALUES(694,15,17);INSERT INTO user_message(messageID, content, messageDate)VALUES(695,'Even at that early age the other children could probably tell there was something wrong, despite the fact that I never suspected anything of the sort; and this was to be the case for a long time to come.','2024-9-25 1:21:50');INSERT INTO user_conversation(messageID, senderID, receiverID)VALUES(695,17,15);INSERT INTO user_message(messageID, content, messageDate)VALUES(696,'They are all the couscous.','2023-7-4 21:55:17');INSERT INTO user_conversation(messageID, senderID, receiverID)VALUES(696,17,15);INSERT INTO user_message(messageID, content, messageDate)VALUES(697,'Tom should have been sleeping.','2024-3-27 17:4:36');INSERT INTO user_conversation(messageID, senderID, receiverID)VALUES(697,17,15);INSERT INTO user_message(messageID, content, messageDate)VALUES(698,'Mary is interested in art, isn't she?','2024-4-22 0:8:1');INSERT INTO user_conversation(messageID, senderID, receiverID)VALUES(698,17,15);INSERT INTO user_message(messageID, content, messageDate)VALUES(699,'Islam is a religion of forbearance.','2023-10-6 20:4:8');INSERT INTO user_conversation(messageID, senderID, receiverID)VALUES(699,15,20);INSERT INTO user_message(messageID, content, messageDate)VALUES(700,'The ticket admits two persons.','2024-8-5 9:23:32');INSERT INTO user_conversation(messageID, senderID, receiverID)VALUES(700,15,20);INSERT INTO user_message(messageID, content, messageDate)VALUES(701,'It's not until you have met him that you really understand a man.','2023-7-24 1:58:33');INSERT INTO user_conversation(messageID, senderID, receiverID)VALUES(701,15,20);INSERT INTO user_message(messageID, content, messageDate)VALUES(702,'This will not go unpunished.','2023-8-31 21:46:1');INSERT INTO user_conversation(messageID, senderID, receiverID)VALUES(702,15,20);INSERT INTO user_message(messageID, content, messageDate)VALUES(703,'Did he get a receipt?','2023-3-22 13:45:25');INSERT INTO user_conversation(messageID, senderID, receiverID)VALUES(703,15,20);INSERT INTO user_message(messageID, content, messageDate)VALUES(704,'Have you ever been late?','2024-2-2 11:8:18');INSERT INTO user_conversation(messageID, senderID, receiverID)VALUES(704,15,20);INSERT INTO user_message(messageID, content, messageDate)VALUES(705,'I thought Ikenna would create a better LingQ, but I was wrong. That Fluyo app seems to be concentrating more on word learning than teaching actual language skills.','2023-7-21 16:12:3');INSERT INTO user_conversation(messageID, senderID, receiverID)VALUES(705,15,20);INSERT INTO user_message(messageID, content, messageDate)VALUES(706,'Tom told Mary he didn't do that.','2023-10-27 16:19:0');INSERT INTO user_conversation(messageID, senderID, receiverID)VALUES(706,15,20);INSERT INTO user_message(messageID, content, messageDate)VALUES(707,'Maybe he likes you.','2024-10-5 22:32:31');INSERT INTO user_conversation(messageID, senderID, receiverID)VALUES(707,15,20);INSERT INTO user_message(messageID, content, messageDate)VALUES(708,'Tom gets my vote.','2023-9-10 14:49:10');INSERT INTO user_conversation(messageID, senderID, receiverID)VALUES(708,20,15);INSERT INTO user_message(messageID, content, messageDate)VALUES(709,'He's my enemy.','2024-7-23 1:22:8');INSERT INTO user_conversation(messageID, senderID, receiverID)VALUES(709,20,15);INSERT INTO user_message(messageID, content, messageDate)VALUES(710,'Tom and Mary wrote an article together.','2024-5-20 23:24:52');INSERT INTO user_conversation(messageID, senderID, receiverID)VALUES(710,15,11);INSERT INTO user_message(messageID, content, messageDate)VALUES(711,'He isn't as witty as he used to be.','2024-11-18 1:33:1');INSERT INTO user_conversation(messageID, senderID, receiverID)VALUES(711,15,11);INSERT INTO user_message(messageID, content, messageDate)VALUES(712,'You could go home.','2024-9-30 12:55:32');INSERT INTO user_conversation(messageID, senderID, receiverID)VALUES(712,15,11);INSERT INTO user_message(messageID, content, messageDate)VALUES(713,'You're contributing.','2024-8-18 23:14:58');INSERT INTO user_conversation(messageID, senderID, receiverID)VALUES(713,15,11);INSERT INTO user_message(messageID, content, messageDate)VALUES(714,'Tom was wrong and Mary was right.','2023-3-2 15:33:33');INSERT INTO user_conversation(messageID, senderID, receiverID)VALUES(714,15,11);INSERT INTO user_message(messageID, content, messageDate)VALUES(715,'Sami is going to college.','2024-12-20 13:30:14');INSERT INTO user_conversation(messageID, senderID, receiverID)VALUES(715,15,11);INSERT INTO user_message(messageID, content, messageDate)VALUES(716,'I didn't think Tom would like my friends.','2024-8-14 7:13:1');INSERT INTO user_conversation(messageID, senderID, receiverID)VALUES(716,15,11);INSERT INTO user_message(messageID, content, messageDate)VALUES(717,'We can't pretend that it didn't happen.','2023-5-12 5:17:27');INSERT INTO user_conversation(messageID, senderID, receiverID)VALUES(717,11,15);INSERT INTO user_message(messageID, content, messageDate)VALUES(718,'I'll stay right here till you get back.','2024-9-16 18:31:36');INSERT INTO user_conversation(messageID, senderID, receiverID)VALUES(718,11,15);INSERT INTO user_message(messageID, content, messageDate)VALUES(719,'I'll telephone you beforehand.','2023-7-13 23:44:27');INSERT INTO user_conversation(messageID, senderID, receiverID)VALUES(719,11,15);INSERT INTO user_message(messageID, content, messageDate)VALUES(720,'I found this under the bench.','2024-3-2 7:21:44');INSERT INTO user_conversation(messageID, senderID, receiverID)VALUES(720,15,16);INSERT INTO user_message(messageID, content, messageDate)VALUES(721,'Tom should have made up his mind by now.','2024-9-22 11:0:14');INSERT INTO user_conversation(messageID, senderID, receiverID)VALUES(721,15,16);INSERT INTO user_message(messageID, content, messageDate)VALUES(722,'What does she really think?','2023-12-10 15:27:46');INSERT INTO user_conversation(messageID, senderID, receiverID)VALUES(722,15,16);INSERT INTO user_message(messageID, content, messageDate)VALUES(723,'Tom is ready, I think.','2024-9-4 1:35:40');INSERT INTO user_conversation(messageID, senderID, receiverID)VALUES(723,15,16);INSERT INTO user_message(messageID, content, messageDate)VALUES(724,'I've never liked Tom.','2023-10-25 0:9:47');INSERT INTO user_conversation(messageID, senderID, receiverID)VALUES(724,16,15);INSERT INTO user_message(messageID, content, messageDate)VALUES(725,'Tom was the one who gave me this ticket.','2024-8-4 0:59:2');INSERT INTO user_conversation(messageID, senderID, receiverID)VALUES(725,16,15);INSERT INTO user_message(messageID, content, messageDate)VALUES(726,'She always smiles at me.','2023-8-29 13:17:59');INSERT INTO user_conversation(messageID, senderID, receiverID)VALUES(726,16,15);INSERT INTO user_message(messageID, content, messageDate)VALUES(727,'Sharing joy multiplies it.','2024-12-24 0:11:30');INSERT INTO user_conversation(messageID, senderID, receiverID)VALUES(727,16,15);INSERT INTO user_message(messageID, content, messageDate)VALUES(728,'About 90% of the population relies on subsistence agriculture.','2024-3-22 3:57:39');INSERT INTO user_conversation(messageID, senderID, receiverID)VALUES(728,16,15);INSERT INTO user_message(messageID, content, messageDate)VALUES(729,'It is about time we were leaving.','2023-4-26 12:23:6');INSERT INTO user_conversation(messageID, senderID, receiverID)VALUES(729,16,15);INSERT INTO user_message(messageID, content, messageDate)VALUES(730,'She's his manager.','2024-5-30 12:54:25');INSERT INTO user_conversation(messageID, senderID, receiverID)VALUES(730,16,15);INSERT INTO user_message(messageID, content, messageDate)VALUES(731,'Take the money and just go away.','2023-3-7 8:7:5');INSERT INTO user_conversation(messageID, senderID, receiverID)VALUES(731,16,15);INSERT INTO user_message(messageID, content, messageDate)VALUES(732,'Tom is accustomed to doing that.','2024-10-16 12:15:34');INSERT INTO user_conversation(messageID, senderID, receiverID)VALUES(732,6,15);INSERT INTO user_message(messageID, content, messageDate)VALUES(733,'You'll tell me everything eventually.','2023-9-22 16:12:39');INSERT INTO user_conversation(messageID, senderID, receiverID)VALUES(733,6,15);INSERT INTO user_message(messageID, content, messageDate)VALUES(734,'You have to do it yourself.','2024-10-7 14:37:5');INSERT INTO user_conversation(messageID, senderID, receiverID)VALUES(734,6,15);INSERT INTO user_message(messageID, content, messageDate)VALUES(735,'We've got three more just like that one.','2024-8-19 23:58:11');INSERT INTO user_conversation(messageID, senderID, receiverID)VALUES(735,6,15);INSERT INTO user_message(messageID, content, messageDate)VALUES(736,'Mary thinks she's beautiful.','2023-6-18 9:29:17');INSERT INTO user_conversation(messageID, senderID, receiverID)VALUES(736,15,14);INSERT INTO user_message(messageID, content, messageDate)VALUES(737,'I knew it wasn't normal.','2024-6-30 13:0:51');INSERT INTO user_conversation(messageID, senderID, receiverID)VALUES(737,14,15);INSERT INTO user_message(messageID, content, messageDate)VALUES(738,'Let's do that instead.','2024-9-23 0:51:28');INSERT INTO user_conversation(messageID, senderID, receiverID)VALUES(738,13,15);INSERT INTO user_message(messageID, content, messageDate)VALUES(739,'I'm going to see Tom again.','2023-6-27 6:26:42');INSERT INTO user_conversation(messageID, senderID, receiverID)VALUES(739,13,15);INSERT INTO user_message(messageID, content, messageDate)VALUES(740,'She totally deserved it.','2023-2-27 23:20:56');INSERT INTO user_conversation(messageID, senderID, receiverID)VALUES(740,13,15);INSERT INTO user_message(messageID, content, messageDate)VALUES(741,'The cyclists were tired, but happy.','2023-2-15 13:9:11');INSERT INTO user_conversation(messageID, senderID, receiverID)VALUES(741,13,15);INSERT INTO user_message(messageID, content, messageDate)VALUES(742,'A dog ran into Sami's room.','2024-11-26 1:9:3');INSERT INTO user_conversation(messageID, senderID, receiverID)VALUES(742,13,15);INSERT INTO user_message(messageID, content, messageDate)VALUES(743,'Until next time.','2024-7-29 14:19:27');INSERT INTO user_conversation(messageID, senderID, receiverID)VALUES(743,13,15);INSERT INTO user_message(messageID, content, messageDate)VALUES(744,'Yanni and Skura were both stabbed to death.','2024-8-17 23:21:55');INSERT INTO user_conversation(messageID, senderID, receiverID)VALUES(744,15,18);INSERT INTO user_message(messageID, content, messageDate)VALUES(745,'We elected her captain of our team.','2023-2-15 1:56:59');INSERT INTO user_conversation(messageID, senderID, receiverID)VALUES(745,15,18);INSERT INTO user_message(messageID, content, messageDate)VALUES(746,'They'll be happy that they didn't do that.','2024-10-21 23:46:44');INSERT INTO user_conversation(messageID, senderID, receiverID)VALUES(746,15,18);INSERT INTO user_message(messageID, content, messageDate)VALUES(747,'I waited for Tom all afternoon, but he never showed up.','2023-4-14 1:38:48');INSERT INTO user_conversation(messageID, senderID, receiverID)VALUES(747,15,18);INSERT INTO user_message(messageID, content, messageDate)VALUES(748,'What'd you scratch me for?','2024-7-23 7:45:6');INSERT INTO user_conversation(messageID, senderID, receiverID)VALUES(748,15,18);INSERT INTO user_message(messageID, content, messageDate)VALUES(749,'I don't need this any longer.','2023-7-15 5:46:1');INSERT INTO user_conversation(messageID, senderID, receiverID)VALUES(749,15,18);INSERT INTO user_message(messageID, content, messageDate)VALUES(750,'Tom accidentally deleted some files.','2023-9-8 17:47:17');INSERT INTO user_conversation(messageID, senderID, receiverID)VALUES(750,15,18);INSERT INTO user_message(messageID, content, messageDate)VALUES(751,'I'd say we are definitely going to get some rain.','2023-7-6 23:41:24');INSERT INTO user_conversation(messageID, senderID, receiverID)VALUES(751,15,18);INSERT INTO user_message(messageID, content, messageDate)VALUES(752,'That isn't very convincing.','2024-5-17 22:52:57');INSERT INTO user_conversation(messageID, senderID, receiverID)VALUES(752,18,15);INSERT INTO user_message(messageID, content, messageDate)VALUES(753,'He was alone in the dark.','2023-9-22 16:15:45');INSERT INTO user_conversation(messageID, senderID, receiverID)VALUES(753,18,15);INSERT INTO user_message(messageID, content, messageDate)VALUES(754,'Have you two had a chance to talk things over?','2024-9-2 16:17:25');INSERT INTO user_conversation(messageID, senderID, receiverID)VALUES(754,18,15);INSERT INTO user_message(messageID, content, messageDate)VALUES(755,'The train leaves in an hour's time.','2024-6-18 2:6:53');INSERT INTO user_conversation(messageID, senderID, receiverID)VALUES(755,18,15);INSERT INTO user_message(messageID, content, messageDate)VALUES(756,'Bring it back when you are through.','2023-5-15 19:41:31');INSERT INTO user_conversation(messageID, senderID, receiverID)VALUES(756,18,15);INSERT INTO user_message(messageID, content, messageDate)VALUES(757,'I'm getting very little in return.','2024-2-5 21:31:34');INSERT INTO user_conversation(messageID, senderID, receiverID)VALUES(757,18,15);INSERT INTO user_message(messageID, content, messageDate)VALUES(758,'If you get too many traffic tickets, the state revokes your license.','2024-6-8 8:46:29');INSERT INTO user_conversation(messageID, senderID, receiverID)VALUES(758,18,15);INSERT INTO user_message(messageID, content, messageDate)VALUES(759,'He left the room on my entering it.','2024-7-16 15:14:51');INSERT INTO user_conversation(messageID, senderID, receiverID)VALUES(759,18,15);INSERT INTO user_message(messageID, content, messageDate)VALUES(760,'The store is open all the year round.','2023-5-9 13:1:42');INSERT INTO user_conversation(messageID, senderID, receiverID)VALUES(760,18,15);INSERT INTO user_message(messageID, content, messageDate)VALUES(761,'They are in danger of extinction.','2023-12-17 1:18:54');INSERT INTO user_conversation(messageID, senderID, receiverID)VALUES(761,16,17);INSERT INTO user_message(messageID, content, messageDate)VALUES(762,'Tom said that he didn't want to worry me.','2024-7-27 5:11:54');INSERT INTO user_conversation(messageID, senderID, receiverID)VALUES(762,16,17);INSERT INTO user_message(messageID, content, messageDate)VALUES(763,'Do you have any bad habits?','2023-11-18 21:40:29');INSERT INTO user_conversation(messageID, senderID, receiverID)VALUES(763,16,17);INSERT INTO user_message(messageID, content, messageDate)VALUES(764,'The test was rather difficult.','2023-2-24 9:15:40');INSERT INTO user_conversation(messageID, senderID, receiverID)VALUES(764,17,16);INSERT INTO user_message(messageID, content, messageDate)VALUES(765,'I've been teaching French for thirteen years, and I still don't know what I'm doing.','2023-12-12 3:32:13');INSERT INTO user_conversation(messageID, senderID, receiverID)VALUES(765,17,16);INSERT INTO user_message(messageID, content, messageDate)VALUES(766,'Tom isn't too old to work.','2024-11-17 9:24:48');INSERT INTO user_conversation(messageID, senderID, receiverID)VALUES(766,17,16);INSERT INTO user_message(messageID, content, messageDate)VALUES(767,'She had the wind of his true intentions.','2023-10-30 23:59:1');INSERT INTO user_conversation(messageID, senderID, receiverID)VALUES(767,17,16);INSERT INTO user_message(messageID, content, messageDate)VALUES(768,'Sitting in sun is good for you.','2023-11-3 23:13:41');INSERT INTO user_conversation(messageID, senderID, receiverID)VALUES(768,17,16);INSERT INTO user_message(messageID, content, messageDate)VALUES(769,'Tom was reprimanded for interfering.','2024-2-11 0:23:43');INSERT INTO user_conversation(messageID, senderID, receiverID)VALUES(769,17,16);INSERT INTO user_message(messageID, content, messageDate)VALUES(770,'He says he'll be sticking around after the meeting.','2024-10-21 18:33:32');INSERT INTO user_conversation(messageID, senderID, receiverID)VALUES(770,17,16);INSERT INTO user_message(messageID, content, messageDate)VALUES(771,'She was only seventeen when they met.','2024-3-2 7:19:24');INSERT INTO user_conversation(messageID, senderID, receiverID)VALUES(771,18,14);INSERT INTO user_message(messageID, content, messageDate)VALUES(772,'Sami had that feeling, too.','2023-12-25 7:8:38');INSERT INTO user_conversation(messageID, senderID, receiverID)VALUES(772,18,14);INSERT INTO user_message(messageID, content, messageDate)VALUES(773,'I had a chat with a young Canadian named Tom who gave me the idea for a new project.','2023-7-12 17:8:53');INSERT INTO user_conversation(messageID, senderID, receiverID)VALUES(773,18,14);INSERT INTO user_message(messageID, content, messageDate)VALUES(774,'She looks young, doesn't she?','2024-6-17 8:5:21');INSERT INTO user_conversation(messageID, senderID, receiverID)VALUES(774,18,14);INSERT INTO user_message(messageID, content, messageDate)VALUES(775,'With the exception of this point, things are not so simple.','2023-10-12 17:31:11');INSERT INTO user_conversation(messageID, senderID, receiverID)VALUES(775,18,14);INSERT INTO user_message(messageID, content, messageDate)VALUES(776,'I don't intend to help Tom and Mary do anything.','2024-4-30 3:33:14');INSERT INTO user_conversation(messageID, senderID, receiverID)VALUES(776,18,14);INSERT INTO user_message(messageID, content, messageDate)VALUES(777,'Do you have a map of the city of Kyoto?','2023-7-21 10:24:29');INSERT INTO user_conversation(messageID, senderID, receiverID)VALUES(777,18,14);INSERT INTO user_message(messageID, content, messageDate)VALUES(778,'I took Tom to a hospital.','2024-5-26 1:4:44');INSERT INTO user_conversation(messageID, senderID, receiverID)VALUES(778,18,14);INSERT INTO user_message(messageID, content, messageDate)VALUES(779,'I don't have a lawyer.','2023-8-30 10:23:53');INSERT INTO user_conversation(messageID, senderID, receiverID)VALUES(779,18,14);INSERT INTO user_message(messageID, content, messageDate)VALUES(780,'He belongs to the soccer club.','2024-8-13 6:50:32');INSERT INTO user_conversation(messageID, senderID, receiverID)VALUES(780,14,18);INSERT INTO user_message(messageID, content, messageDate)VALUES(781,'Did you see Tom fall?','2024-9-3 12:43:46');INSERT INTO user_conversation(messageID, senderID, receiverID)VALUES(781,14,18);INSERT INTO user_message(messageID, content, messageDate)VALUES(782,'I believe that Tom and Mary are innocent.','2024-5-17 10:41:16');INSERT INTO user_conversation(messageID, senderID, receiverID)VALUES(782,14,18);INSERT INTO user_message(messageID, content, messageDate)VALUES(783,'In South Africa, witches can fly on broomsticks, but they cannot fly above the 150 metres limit.','2024-8-13 13:2:27');INSERT INTO user_conversation(messageID, senderID, receiverID)VALUES(783,14,18);INSERT INTO user_message(messageID, content, messageDate)VALUES(784,'There are a lot of depressed Oriental women in my neighbourhood on Lulu Island.','2024-6-8 20:34:17');INSERT INTO user_conversation(messageID, senderID, receiverID)VALUES(784,14,18);INSERT INTO user_message(messageID, content, messageDate)VALUES(785,'Tom neglected his duties.','2023-10-16 10:15:28');INSERT INTO user_conversation(messageID, senderID, receiverID)VALUES(785,14,18);INSERT INTO user_message(messageID, content, messageDate)VALUES(786,'We've been told to do that.','2024-10-13 4:18:35');INSERT INTO user_conversation(messageID, senderID, receiverID)VALUES(786,14,18);INSERT INTO user_message(messageID, content, messageDate)VALUES(787,'Tom is a very crazy boy.','2024-9-12 3:34:19');INSERT INTO user_conversation(messageID, senderID, receiverID)VALUES(787,14,18);INSERT INTO user_message(messageID, content, messageDate)VALUES(788,'Yanni spent four thousand dollars on that van.','2023-4-14 18:28:18');INSERT INTO user_conversation(messageID, senderID, receiverID)VALUES(788,19,3);INSERT INTO user_message(messageID, content, messageDate)VALUES(789,'I knew Tom was going to do that in Boston last week.','2024-9-3 1:25:27');INSERT INTO user_conversation(messageID, senderID, receiverID)VALUES(789,19,3);INSERT INTO user_message(messageID, content, messageDate)VALUES(790,'He ate a bagel.','2024-4-14 9:19:19');INSERT INTO user_conversation(messageID, senderID, receiverID)VALUES(790,19,3);INSERT INTO user_message(messageID, content, messageDate)VALUES(791,'You shouldn't be too local if you want to be understood by people from diverse parts of the world.','2023-6-24 1:17:59');INSERT INTO user_conversation(messageID, senderID, receiverID)VALUES(791,19,3);INSERT INTO user_message(messageID, content, messageDate)VALUES(792,'Sami and Layla are going to fight.','2024-11-25 12:28:2');INSERT INTO user_conversation(messageID, senderID, receiverID)VALUES(792,3,19);INSERT INTO user_message(messageID, content, messageDate)VALUES(793,'I think Tom is talented.','2024-8-3 2:25:41');INSERT INTO user_conversation(messageID, senderID, receiverID)VALUES(793,3,19);INSERT INTO user_message(messageID, content, messageDate)VALUES(794,'Shows that are broadcast during prime time are not supposed to have content unsuitable for children who might be watching.','2023-3-28 18:35:27');INSERT INTO user_conversation(messageID, senderID, receiverID)VALUES(794,3,19);INSERT INTO user_message(messageID, content, messageDate)VALUES(795,'Despite the rain, the children walked to school.','2023-3-2 14:19:40');INSERT INTO user_conversation(messageID, senderID, receiverID)VALUES(795,3,19);INSERT INTO user_message(messageID, content, messageDate)VALUES(796,'It's my duty to protect you from danger.','2024-12-11 15:11:46');INSERT INTO user_conversation(messageID, senderID, receiverID)VALUES(796,3,19);INSERT INTO user_message(messageID, content, messageDate)VALUES(797,'We can do nothing.','2023-5-12 23:45:9');INSERT INTO user_conversation(messageID, senderID, receiverID)VALUES(797,3,19);INSERT INTO user_message(messageID, content, messageDate)VALUES(798,'Ziri was terrified of dentists.','2024-5-14 0:1:46');INSERT INTO user_conversation(messageID, senderID, receiverID)VALUES(798,3,19);INSERT INTO user_message(messageID, content, messageDate)VALUES(799,'It's time for me to leave the office.','2024-6-20 6:16:12');INSERT INTO user_conversation(messageID, senderID, receiverID)VALUES(799,19,20);INSERT INTO user_message(messageID, content, messageDate)VALUES(800,'I don't have an answer for that.','2024-12-19 12:7:0');INSERT INTO user_conversation(messageID, senderID, receiverID)VALUES(800,19,20);INSERT INTO user_message(messageID, content, messageDate)VALUES(801,'We held a seminar.','2024-7-27 13:40:33');INSERT INTO user_conversation(messageID, senderID, receiverID)VALUES(801,19,20);INSERT INTO user_message(messageID, content, messageDate)VALUES(802,'He said he felt very guilty.','2023-9-24 15:5:14');INSERT INTO user_conversation(messageID, senderID, receiverID)VALUES(802,19,20);INSERT INTO user_message(messageID, content, messageDate)VALUES(803,'I was born to love you.','2024-7-11 1:39:48');INSERT INTO user_conversation(messageID, senderID, receiverID)VALUES(803,19,20);INSERT INTO user_message(messageID, content, messageDate)VALUES(804,'I think it'd be better not to do that.','2023-9-3 6:54:13');INSERT INTO user_conversation(messageID, senderID, receiverID)VALUES(804,20,19);INSERT INTO user_message(messageID, content, messageDate)VALUES(805,'Sami still lives in this area.','2023-5-19 21:42:19');INSERT INTO user_conversation(messageID, senderID, receiverID)VALUES(805,20,19);INSERT INTO user_message(messageID, content, messageDate)VALUES(806,'Allot the money for R&D.','2023-8-16 6:45:5');INSERT INTO user_conversation(messageID, senderID, receiverID)VALUES(806,20,19);INSERT INTO user_message(messageID, content, messageDate)VALUES(807,'You're 3 years younger than me, so don't mess with me.','2024-3-19 13:10:2');INSERT INTO user_conversation(messageID, senderID, receiverID)VALUES(807,20,19);INSERT INTO user_message(messageID, content, messageDate)VALUES(808,'I didn't know what to do when Tom did that.','2024-10-28 20:2:20');INSERT INTO user_conversation(messageID, senderID, receiverID)VALUES(808,20,19);INSERT INTO user_message(messageID, content, messageDate)VALUES(809,'How much of your own autonomy are you ceding to these people?','2023-9-30 6:7:38');INSERT INTO user_conversation(messageID, senderID, receiverID)VALUES(809,20,19);INSERT INTO user_message(messageID, content, messageDate)VALUES(810,'Your replacement has already been picked.','2024-12-26 12:37:56');INSERT INTO user_conversation(messageID, senderID, receiverID)VALUES(810,20,19);INSERT INTO user_message(messageID, content, messageDate)VALUES(811,'What a beautiful view!','2024-4-12 1:2:7');INSERT INTO user_conversation(messageID, senderID, receiverID)VALUES(811,20,19);INSERT INTO user_message(messageID, content, messageDate)VALUES(812,'I drank too much today.','2023-11-6 1:59:1');INSERT INTO user_conversation(messageID, senderID, receiverID)VALUES(812,13,19);INSERT INTO user_message(messageID, content, messageDate)VALUES(813,'I'm sorry that I had to cancel my appointment.','2024-11-7 16:54:19');INSERT INTO user_conversation(messageID, senderID, receiverID)VALUES(813,13,19);INSERT INTO user_message(messageID, content, messageDate)VALUES(814,'It's a magnificent view, isn't it?','2024-3-31 15:26:13');INSERT INTO user_conversation(messageID, senderID, receiverID)VALUES(814,13,19);INSERT INTO user_message(messageID, content, messageDate)VALUES(815,'You need at least four people for a three-legged race.','2024-10-5 19:37:17');INSERT INTO user_conversation(messageID, senderID, receiverID)VALUES(815,13,19);INSERT INTO user_message(messageID, content, messageDate)VALUES(816,'He sat down, playing with his own toys.','2024-4-4 17:22:59');INSERT INTO user_conversation(messageID, senderID, receiverID)VALUES(816,13,19);INSERT INTO user_message(messageID, content, messageDate)VALUES(817,'Mary would like to see you in her office.','2024-2-28 20:10:52');INSERT INTO user_conversation(messageID, senderID, receiverID)VALUES(817,19,8);INSERT INTO user_message(messageID, content, messageDate)VALUES(818,'There's no way I'll be able to do that by myself.','2024-11-21 1:33:58');INSERT INTO user_conversation(messageID, senderID, receiverID)VALUES(818,19,8);INSERT INTO user_message(messageID, content, messageDate)VALUES(819,'Tom is painting the house himself.','2024-2-14 21:28:37');INSERT INTO user_conversation(messageID, senderID, receiverID)VALUES(819,19,8);INSERT INTO user_message(messageID, content, messageDate)VALUES(820,'You'd better put your cigarette out before Terry sees it.','2023-12-20 10:30:42');INSERT INTO user_conversation(messageID, senderID, receiverID)VALUES(820,19,8);INSERT INTO user_message(messageID, content, messageDate)VALUES(821,'I'd like to offer you some help.','2024-6-24 0:30:33');INSERT INTO user_conversation(messageID, senderID, receiverID)VALUES(821,19,8);INSERT INTO user_message(messageID, content, messageDate)VALUES(822,'She claims she hasn't been paid yet.','2024-10-26 6:15:32');INSERT INTO user_conversation(messageID, senderID, receiverID)VALUES(822,19,8);INSERT INTO user_message(messageID, content, messageDate)VALUES(823,'I can't see how anyone could have accomplished this without some help.','2024-8-13 11:57:42');INSERT INTO user_conversation(messageID, senderID, receiverID)VALUES(823,19,8);INSERT INTO user_message(messageID, content, messageDate)VALUES(824,'Sami was there when his mother killed herself.','2024-5-5 7:50:26');INSERT INTO user_conversation(messageID, senderID, receiverID)VALUES(824,19,8);INSERT INTO user_message(messageID, content, messageDate)VALUES(825,'Hello. I'm Nancy.','2023-2-12 22:26:17');INSERT INTO user_conversation(messageID, senderID, receiverID)VALUES(825,19,8);INSERT INTO user_message(messageID, content, messageDate)VALUES(826,'It was entirely by chance that I found out what he was doing.','2023-2-4 5:44:54');INSERT INTO user_conversation(messageID, senderID, receiverID)VALUES(826,8,19);INSERT INTO user_message(messageID, content, messageDate)VALUES(827,'I think that that's most important.','2023-6-2 11:4:29');INSERT INTO user_conversation(messageID, senderID, receiverID)VALUES(827,8,19);INSERT INTO user_message(messageID, content, messageDate)VALUES(828,'If you are economically disadvantaged or have limited financial means, how has this adversity shaped you?','2024-12-16 2:43:16');INSERT INTO user_conversation(messageID, senderID, receiverID)VALUES(828,8,19);INSERT INTO user_message(messageID, content, messageDate)VALUES(829,'I have a fever, so I won't be at school today.','2024-4-25 6:50:45');INSERT INTO user_conversation(messageID, senderID, receiverID)VALUES(829,19,18);INSERT INTO user_message(messageID, content, messageDate)VALUES(830,'Tom needs a French dictionary.','2024-6-25 20:28:29');INSERT INTO user_conversation(messageID, senderID, receiverID)VALUES(830,19,18);INSERT INTO user_message(messageID, content, messageDate)VALUES(831,'Tom didn't seem tired tonight.','2024-3-15 17:48:57');INSERT INTO user_conversation(messageID, senderID, receiverID)VALUES(831,19,18);INSERT INTO user_message(messageID, content, messageDate)VALUES(832,'They are nature's laboratory for all kinds of plant, animal and insect life.','2023-5-27 13:11:1');INSERT INTO user_conversation(messageID, senderID, receiverID)VALUES(832,19,18);INSERT INTO user_message(messageID, content, messageDate)VALUES(833,'It's as far as we're going.','2023-7-20 5:31:17');INSERT INTO user_conversation(messageID, senderID, receiverID)VALUES(833,19,18);INSERT INTO user_message(messageID, content, messageDate)VALUES(834,'Your daughter is very pretty.','2024-11-3 3:3:43');INSERT INTO user_conversation(messageID, senderID, receiverID)VALUES(834,19,18);INSERT INTO user_message(messageID, content, messageDate)VALUES(835,'I love that kind of dedication.','2023-2-6 0:17:35');INSERT INTO user_conversation(messageID, senderID, receiverID)VALUES(835,19,18);INSERT INTO user_message(messageID, content, messageDate)VALUES(836,'Are the rivers in Africa big?','2023-8-28 3:26:36');INSERT INTO user_conversation(messageID, senderID, receiverID)VALUES(836,18,19);INSERT INTO user_message(messageID, content, messageDate)VALUES(837,'When did you start teaching French?','2023-8-3 20:55:57');INSERT INTO user_conversation(messageID, senderID, receiverID)VALUES(837,18,19);INSERT INTO user_message(messageID, content, messageDate)VALUES(838,'Mary has written a very entertaining account of her Mediterranean cruise.','2023-10-4 1:55:29');INSERT INTO user_conversation(messageID, senderID, receiverID)VALUES(838,18,19);INSERT INTO user_message(messageID, content, messageDate)VALUES(839,'I had no idea about the Berber language.','2024-12-25 3:31:6');INSERT INTO user_conversation(messageID, senderID, receiverID)VALUES(839,19,11);INSERT INTO user_message(messageID, content, messageDate)VALUES(840,'You have a pretty garden.','2023-6-30 21:33:22');INSERT INTO user_conversation(messageID, senderID, receiverID)VALUES(840,19,11);INSERT INTO user_message(messageID, content, messageDate)VALUES(841,'The verb “to be” has an irregular conjugation in all languages.','2023-7-15 20:12:11');INSERT INTO user_conversation(messageID, senderID, receiverID)VALUES(841,11,19);INSERT INTO user_message(messageID, content, messageDate)VALUES(842,'Here's a list of things that you really need to buy.','2023-10-3 14:50:25');INSERT INTO user_conversation(messageID, senderID, receiverID)VALUES(842,11,19);INSERT INTO user_message(messageID, content, messageDate)VALUES(843,'Ziri learned how to talk.','2024-3-5 2:55:31');INSERT INTO user_conversation(messageID, senderID, receiverID)VALUES(843,11,19);INSERT INTO user_message(messageID, content, messageDate)VALUES(844,'Everything is working.','2023-4-2 0:25:57');INSERT INTO user_conversation(messageID, senderID, receiverID)VALUES(844,11,19);INSERT INTO user_message(messageID, content, messageDate)VALUES(845,'Tom peed his pants.','2023-6-15 0:23:2');INSERT INTO user_conversation(messageID, senderID, receiverID)VALUES(845,11,19);INSERT INTO user_message(messageID, content, messageDate)VALUES(846,'I'm eating dinner with my husband.','2023-7-28 7:47:54');INSERT INTO user_conversation(messageID, senderID, receiverID)VALUES(846,11,19);INSERT INTO user_message(messageID, content, messageDate)VALUES(847,'It is seven now.','2024-3-23 1:36:52');INSERT INTO user_conversation(messageID, senderID, receiverID)VALUES(847,11,19);INSERT INTO user_message(messageID, content, messageDate)VALUES(848,'Now try again.','2024-5-3 14:42:17');INSERT INTO user_conversation(messageID, senderID, receiverID)VALUES(848,11,19);INSERT INTO user_message(messageID, content, messageDate)VALUES(849,'Don't get left behind.','2024-2-14 3:49:12');INSERT INTO user_conversation(messageID, senderID, receiverID)VALUES(849,11,19);INSERT INTO user_message(messageID, content, messageDate)VALUES(850,'I went to see Tom, but he wasn't home.','2023-4-13 11:52:15');INSERT INTO user_conversation(messageID, senderID, receiverID)VALUES(850,19,14);INSERT INTO user_message(messageID, content, messageDate)VALUES(851,'Tom was on his way to church.','2023-12-19 8:58:11');INSERT INTO user_conversation(messageID, senderID, receiverID)VALUES(851,19,14);INSERT INTO user_message(messageID, content, messageDate)VALUES(852,'I want her left alone.','2024-5-28 3:35:34');INSERT INTO user_conversation(messageID, senderID, receiverID)VALUES(852,19,14);INSERT INTO user_message(messageID, content, messageDate)VALUES(853,'Tom said that Mary knew that he wanted to do that by himself.','2023-4-5 6:29:15');INSERT INTO user_conversation(messageID, senderID, receiverID)VALUES(853,19,14);INSERT INTO user_message(messageID, content, messageDate)VALUES(854,'Will you help me find my parents?','2023-7-17 6:59:18');INSERT INTO user_conversation(messageID, senderID, receiverID)VALUES(854,14,19);INSERT INTO user_message(messageID, content, messageDate)VALUES(855,'Six o'clock is fine by me.','2024-8-16 9:10:34');INSERT INTO user_conversation(messageID, senderID, receiverID)VALUES(855,14,19);INSERT INTO user_message(messageID, content, messageDate)VALUES(856,'My strongest language is definitely French.','2023-8-27 8:54:35');INSERT INTO user_conversation(messageID, senderID, receiverID)VALUES(856,14,19);INSERT INTO user_message(messageID, content, messageDate)VALUES(857,'Maybe Tom wasn't bluffing.','2024-10-25 6:55:40');INSERT INTO user_conversation(messageID, senderID, receiverID)VALUES(857,16,19);INSERT INTO user_message(messageID, content, messageDate)VALUES(858,'Tom has never voted in his life.','2024-6-26 14:48:2');INSERT INTO user_conversation(messageID, senderID, receiverID)VALUES(858,16,19);INSERT INTO user_message(messageID, content, messageDate)VALUES(859,'Her name is Fertilizia.','2023-10-31 21:21:19');INSERT INTO user_conversation(messageID, senderID, receiverID)VALUES(859,19,17);INSERT INTO user_message(messageID, content, messageDate)VALUES(860,'At first, Tom seemed angry, but then I realized that he was just worried.','2024-5-8 10:34:50');INSERT INTO user_conversation(messageID, senderID, receiverID)VALUES(860,19,17);INSERT INTO user_message(messageID, content, messageDate)VALUES(861,'Yanni is still in Algiers, about forty minutes away.','2023-8-2 15:5:0');INSERT INTO user_conversation(messageID, senderID, receiverID)VALUES(861,19,17);INSERT INTO user_message(messageID, content, messageDate)VALUES(862,'The boy sat on a chair.','2024-6-13 12:35:48');INSERT INTO user_conversation(messageID, senderID, receiverID)VALUES(862,19,17);INSERT INTO user_message(messageID, content, messageDate)VALUES(863,'Sami and Layla met for a last minute planning session.','2023-5-15 12:48:32');INSERT INTO user_conversation(messageID, senderID, receiverID)VALUES(863,17,19);INSERT INTO user_message(messageID, content, messageDate)VALUES(864,'I wasn't aware that Tom didn't want to do that.','2023-9-7 4:57:19');INSERT INTO user_conversation(messageID, senderID, receiverID)VALUES(864,17,19);INSERT INTO user_message(messageID, content, messageDate)VALUES(865,'Tom is apt to be forgetful.','2023-5-28 18:26:46');INSERT INTO user_conversation(messageID, senderID, receiverID)VALUES(865,17,19);INSERT INTO user_message(messageID, content, messageDate)VALUES(866,'The bird is singing. Can you hear it?','2024-10-11 1:24:28');INSERT INTO user_conversation(messageID, senderID, receiverID)VALUES(866,17,19);INSERT INTO user_message(messageID, content, messageDate)VALUES(867,'Basically, I am a honest person.','2023-12-24 1:57:2');INSERT INTO user_conversation(messageID, senderID, receiverID)VALUES(867,17,19);INSERT INTO user_message(messageID, content, messageDate)VALUES(868,'I closed my eyes for a moment.','2023-9-17 20:42:52');INSERT INTO user_conversation(messageID, senderID, receiverID)VALUES(868,20,13);INSERT INTO user_message(messageID, content, messageDate)VALUES(869,'Do you really want another dog?','2024-12-6 21:29:1');INSERT INTO user_conversation(messageID, senderID, receiverID)VALUES(869,20,13);INSERT INTO user_message(messageID, content, messageDate)VALUES(870,'Tom is homeless.','2024-7-25 14:58:25');INSERT INTO user_conversation(messageID, senderID, receiverID)VALUES(870,20,13);INSERT INTO user_message(messageID, content, messageDate)VALUES(871,'We always play tennis on Saturday morning.','2023-4-14 8:1:56');INSERT INTO user_conversation(messageID, senderID, receiverID)VALUES(871,20,13);INSERT INTO user_message(messageID, content, messageDate)VALUES(872,'Why doesn't Tom say something?','2023-5-6 18:8:43');INSERT INTO user_conversation(messageID, senderID, receiverID)VALUES(872,20,13);INSERT INTO user_message(messageID, content, messageDate)VALUES(873,'Ziri became a graphic designer.','2023-11-4 23:41:51');INSERT INTO user_conversation(messageID, senderID, receiverID)VALUES(873,20,13);INSERT INTO user_message(messageID, content, messageDate)VALUES(874,'The book was better than the movie.','2023-10-11 18:29:12');INSERT INTO user_conversation(messageID, senderID, receiverID)VALUES(874,20,13);INSERT INTO user_message(messageID, content, messageDate)VALUES(875,'Sami peed in the backyard.','2023-10-21 0:4:49');INSERT INTO user_conversation(messageID, senderID, receiverID)VALUES(875,20,13);INSERT INTO user_message(messageID, content, messageDate)VALUES(876,'He will be busy next month.','2023-8-19 19:40:51');INSERT INTO user_conversation(messageID, senderID, receiverID)VALUES(876,20,13);INSERT INTO user_message(messageID, content, messageDate)VALUES(877,'Thanks for letting me use your phone.','2023-7-7 9:41:50');INSERT INTO user_conversation(messageID, senderID, receiverID)VALUES(877,13,20);INSERT INTO user_report(reportID, reasonID)VALUES(1,2);INSERT INTO report(reportID, reporterID, reportedID)VALUES(1,8,19);INSERT INTO report_comment(reportID, commentID)VALUES(1,40);INSERT INTO reason(reportID, reasonID)VALUES(1,2);INSERT INTO user_report(reportID, reasonID)VALUES(2,2);INSERT INTO report(reportID, reporterID, reportedID)VALUES(2,2,19);INSERT INTO report_comment(reportID, commentID)VALUES(2,40);INSERT INTO reason(reportID, reasonID)VALUES(2,2);INSERT INTO user_report(reportID, reasonID)VALUES(3,1);INSERT INTO report(reportID, reporterID, reportedID)VALUES(3,4,19);INSERT INTO report_comment(reportID, commentID)VALUES(3,40);INSERT INTO reason(reportID, reasonID)VALUES(3,1);INSERT INTO user_report(reportID, reasonID)VALUES(4,4);INSERT INTO report(reportID, reporterID, reportedID)VALUES(4,3,19);INSERT INTO report_comment(reportID, commentID)VALUES(4,40);INSERT INTO reason(reportID, reasonID)VALUES(4,4);INSERT INTO user_report(reportID, reasonID)VALUES(5,5);INSERT INTO report(reportID, reporterID, reportedID)VALUES(5,8,19);INSERT INTO report_comment(reportID, commentID)VALUES(5,40);INSERT INTO reason(reportID, reasonID)VALUES(5,5);INSERT INTO user_report(reportID, reasonID)VALUES(6,5);INSERT INTO report(reportID, reporterID, reportedID)VALUES(6,15,19);INSERT INTO report_comment(reportID, commentID)VALUES(6,40);INSERT INTO reason(reportID, reasonID)VALUES(6,5);INSERT INTO user_report(reportID, reasonID)VALUES(7,4);INSERT INTO report(reportID, reporterID, reportedID)VALUES(7,17,19);INSERT INTO report_comment(reportID, commentID)VALUES(7,40);INSERT INTO reason(reportID, reasonID)VALUES(7,4);INSERT INTO user_report(reportID, reasonID)VALUES(8,1);INSERT INTO report(reportID, reporterID, reportedID)VALUES(8,20,19);INSERT INTO report_comment(reportID, commentID)VALUES(8,40);INSERT INTO reason(reportID, reasonID)VALUES(8,1);INSERT INTO user_report(reportID, reasonID)VALUES(9,2);INSERT INTO report(reportID, reporterID, reportedID)VALUES(9,13,19);INSERT INTO report_comment(reportID, commentID)VALUES(9,40);INSERT INTO reason(reportID, reasonID)VALUES(9,2);INSERT INTO user_report(reportID, reasonID)VALUES(10,1);INSERT INTO report(reportID, reporterID, reportedID)VALUES(10,7,19);INSERT INTO report_comment(reportID, commentID)VALUES(10,40);INSERT INTO reason(reportID, reasonID)VALUES(10,1);INSERT INTO user_report(reportID, reasonID)VALUES(11,4);INSERT INTO report(reportID, reporterID, reportedID)VALUES(11,4,19);INSERT INTO report_comment(reportID, commentID)VALUES(11,40);INSERT INTO reason(reportID, reasonID)VALUES(11,4);INSERT INTO user_report(reportID, reasonID)VALUES(12,2);INSERT INTO report(reportID, reporterID, reportedID)VALUES(12,12,19);INSERT INTO report_comment(reportID, commentID)VALUES(12,40);INSERT INTO reason(reportID, reasonID)VALUES(12,2);INSERT INTO user_report(reportID, reasonID)VALUES(13,5);INSERT INTO report(reportID, reporterID, reportedID)VALUES(13,13,19);INSERT INTO report_comment(reportID, commentID)VALUES(13,40);INSERT INTO reason(reportID, reasonID)VALUES(13,5);INSERT INTO user_report(reportID, reasonID)VALUES(14,1);INSERT INTO report(reportID, reporterID, reportedID)VALUES(14,14,19);INSERT INTO report_comment(reportID, commentID)VALUES(14,40);INSERT INTO reason(reportID, reasonID)VALUES(14,1);INSERT INTO user_report(reportID, reasonID)VALUES(15,1);INSERT INTO report(reportID, reporterID, reportedID)VALUES(15,15,19);INSERT INTO report_comment(reportID, commentID)VALUES(15,40);INSERT INTO reason(reportID, reasonID)VALUES(15,1);INSERT INTO user_report(reportID, reasonID)VALUES(16,4);INSERT INTO report(reportID, reporterID, reportedID)VALUES(16,13,19);INSERT INTO report_comment(reportID, commentID)VALUES(16,40);INSERT INTO reason(reportID, reasonID)VALUES(16,4);INSERT INTO user_report(reportID, reasonID)VALUES(17,2);INSERT INTO report(reportID, reporterID, reportedID)VALUES(17,7,19);INSERT INTO report_comment(reportID, commentID)VALUES(17,40);INSERT INTO reason(reportID, reasonID)VALUES(17,2);INSERT INTO user_report(reportID, reasonID)VALUES(18,5);INSERT INTO report(reportID, reporterID, reportedID)VALUES(18,4,19);INSERT INTO report_comment(reportID, commentID)VALUES(18,40);INSERT INTO reason(reportID, reasonID)VALUES(18,5);INSERT INTO user_report(reportID, reasonID)VALUES(19,4);INSERT INTO report(reportID, reporterID, reportedID)VALUES(19,16,19);INSERT INTO report_comment(reportID, commentID)VALUES(19,40);INSERT INTO reason(reportID, reasonID)VALUES(19,4);INSERT INTO user_report(reportID, reasonID)VALUES(20,3);INSERT INTO report(reportID, reporterID, reportedID)VALUES(20,10,19);INSERT INTO report_comment(reportID, commentID)VALUES(20,40);INSERT INTO reason(reportID, reasonID)VALUES(20,3);INSERT INTO user_report(reportID, reasonID)VALUES(21,3);INSERT INTO report(reportID, reporterID, reportedID)VALUES(21,8,19);INSERT INTO report_comment(reportID, commentID)VALUES(21,40);INSERT INTO reason(reportID, reasonID)VALUES(21,3);INSERT INTO user_report(reportID, reasonID)VALUES(22,2);INSERT INTO report(reportID, reporterID, reportedID)VALUES(22,4,19);INSERT INTO report_comment(reportID, commentID)VALUES(22,40);INSERT INTO reason(reportID, reasonID)VALUES(22,2);INSERT INTO user_report(reportID, reasonID)VALUES(23,5);INSERT INTO report(reportID, reporterID, reportedID)VALUES(23,5,19);INSERT INTO report_comment(reportID, commentID)VALUES(23,40);INSERT INTO reason(reportID, reasonID)VALUES(23,5);INSERT INTO user_report(reportID, reasonID)VALUES(24,3);INSERT INTO report(reportID, reporterID, reportedID)VALUES(24,1,19);INSERT INTO report_comment(reportID, commentID)VALUES(24,40);INSERT INTO reason(reportID, reasonID)VALUES(24,3);INSERT INTO user_report(reportID, reasonID)VALUES(25,3);INSERT INTO report(reportID, reporterID, reportedID)VALUES(25,1,19);INSERT INTO report_comment(reportID, commentID)VALUES(25,40);INSERT INTO reason(reportID, reasonID)VALUES(25,3);INSERT INTO user_report(reportID, reasonID)VALUES(26,1);INSERT INTO report(reportID, reporterID, reportedID)VALUES(26,19,19);INSERT INTO report_comment(reportID, commentID)VALUES(26,40);INSERT INTO reason(reportID, reasonID)VALUES(26,1);INSERT INTO user_report(reportID, reasonID)VALUES(27,2);INSERT INTO report(reportID, reporterID, reportedID)VALUES(27,4,19);INSERT INTO report_comment(reportID, commentID)VALUES(27,40);INSERT INTO reason(reportID, reasonID)VALUES(27,2);INSERT INTO user_report(reportID, reasonID)VALUES(28,2);INSERT INTO report(reportID, reporterID, reportedID)VALUES(28,16,19);INSERT INTO report_comment(reportID, commentID)VALUES(28,40);INSERT INTO reason(reportID, reasonID)VALUES(28,2);INSERT INTO user_report(reportID, reasonID)VALUES(29,1);INSERT INTO report(reportID, reporterID, reportedID)VALUES(29,19,19);INSERT INTO report_comment(reportID, commentID)VALUES(29,40);INSERT INTO reason(reportID, reasonID)VALUES(29,1);INSERT INTO user_report(reportID, reasonID)VALUES(30,4);INSERT INTO report(reportID, reporterID, reportedID)VALUES(30,20,19);INSERT INTO report_comment(reportID, commentID)VALUES(30,40);INSERT INTO reason(reportID, reasonID)VALUES(30,4);INSERT INTO user_report(reportID, reasonID)VALUES(31,4);INSERT INTO report(reportID, reporterID, reportedID)VALUES(31,16,19);INSERT INTO report_comment(reportID, commentID)VALUES(31,40);INSERT INTO reason(reportID, reasonID)VALUES(31,4);INSERT INTO user_report(reportID, reasonID)VALUES(32,3);INSERT INTO report(reportID, reporterID, reportedID)VALUES(32,11,19);INSERT INTO report_comment(reportID, commentID)VALUES(32,40);INSERT INTO reason(reportID, reasonID)VALUES(32,3);INSERT INTO user_report(reportID, reasonID)VALUES(33,4);INSERT INTO report(reportID, reporterID, reportedID)VALUES(33,16,19);INSERT INTO report_comment(reportID, commentID)VALUES(33,40);INSERT INTO reason(reportID, reasonID)VALUES(33,4);INSERT INTO user_report(reportID, reasonID)VALUES(34,3);INSERT INTO report(reportID, reporterID, reportedID)VALUES(34,12,19);INSERT INTO report_comment(reportID, commentID)VALUES(34,40);INSERT INTO reason(reportID, reasonID)VALUES(34,3);INSERT INTO user_report(reportID, reasonID)VALUES(35,1);INSERT INTO report(reportID, reporterID, reportedID)VALUES(35,17,19);INSERT INTO report_comment(reportID, commentID)VALUES(35,40);INSERT INTO reason(reportID, reasonID)VALUES(35,1);INSERT INTO user_report(reportID, reasonID)VALUES(36,3);INSERT INTO report(reportID, reporterID, reportedID)VALUES(36,6,19);INSERT INTO report_comment(reportID, commentID)VALUES(36,40);INSERT INTO reason(reportID, reasonID)VALUES(36,3);INSERT INTO user_report(reportID, reasonID)VALUES(37,2);INSERT INTO report(reportID, reporterID, reportedID)VALUES(37,17,19);INSERT INTO report_comment(reportID, commentID)VALUES(37,40);INSERT INTO reason(reportID, reasonID)VALUES(37,2);INSERT INTO user_report(reportID, reasonID)VALUES(38,3);INSERT INTO report(reportID, reporterID, reportedID)VALUES(38,14,19);INSERT INTO report_comment(reportID, commentID)VALUES(38,40);INSERT INTO reason(reportID, reasonID)VALUES(38,3);INSERT INTO user_report(reportID, reasonID)VALUES(39,5);INSERT INTO report(reportID, reporterID, reportedID)VALUES(39,14,19);INSERT INTO report_comment(reportID, commentID)VALUES(39,40);INSERT INTO reason(reportID, reasonID)VALUES(39,5);INSERT INTO user_report(reportID, reasonID)VALUES(40,4);INSERT INTO report(reportID, reporterID, reportedID)VALUES(40,11,19);INSERT INTO report_comment(reportID, commentID)VALUES(40,40);INSERT INTO reason(reportID, reasonID)VALUES(40,4);INSERT INTO user_report(reportID, reasonID)VALUES(41,3);INSERT INTO report(reportID, reporterID, reportedID)VALUES(41,3,19);INSERT INTO report_comment(reportID, commentID)VALUES(41,40);INSERT INTO reason(reportID, reasonID)VALUES(41,3);INSERT INTO user_report(reportID, reasonID)VALUES(42,4);INSERT INTO report(reportID, reporterID, reportedID)VALUES(42,15,19);INSERT INTO report_comment(reportID, commentID)VALUES(42,40);INSERT INTO reason(reportID, reasonID)VALUES(42,4);INSERT INTO user_report(reportID, reasonID)VALUES(43,5);INSERT INTO report(reportID, reporterID, reportedID)VALUES(43,13,19);INSERT INTO report_comment(reportID, commentID)VALUES(43,40);INSERT INTO reason(reportID, reasonID)VALUES(43,5);INSERT INTO user_report(reportID, reasonID)VALUES(44,1);INSERT INTO report(reportID, reporterID, reportedID)VALUES(44,4,19);INSERT INTO report_comment(reportID, commentID)VALUES(44,40);INSERT INTO reason(reportID, reasonID)VALUES(44,1);INSERT INTO user_report(reportID, reasonID)VALUES(45,5);INSERT INTO report(reportID, reporterID, reportedID)VALUES(45,9,19);INSERT INTO report_comment(reportID, commentID)VALUES(45,40);INSERT INTO reason(reportID, reasonID)VALUES(45,5);INSERT INTO user_report(reportID, reasonID)VALUES(46,3);INSERT INTO report(reportID, reporterID, reportedID)VALUES(46,13,19);INSERT INTO report_comment(reportID, commentID)VALUES(46,40);INSERT INTO reason(reportID, reasonID)VALUES(46,3);INSERT INTO user_report(reportID, reasonID)VALUES(47,5);INSERT INTO report(reportID, reporterID, reportedID)VALUES(47,19,19);INSERT INTO report_comment(reportID, commentID)VALUES(47,40);INSERT INTO reason(reportID, reasonID)VALUES(47,5);INSERT INTO user_report(reportID, reasonID)VALUES(48,1);INSERT INTO report(reportID, reporterID, reportedID)VALUES(48,3,19);INSERT INTO report_comment(reportID, commentID)VALUES(48,40);INSERT INTO reason(reportID, reasonID)VALUES(48,1);INSERT INTO user_report(reportID, reasonID)VALUES(49,4);INSERT INTO report(reportID, reporterID, reportedID)VALUES(49,12,19);INSERT INTO report_comment(reportID, commentID)VALUES(49,40);INSERT INTO reason(reportID, reasonID)VALUES(49,4);INSERT INTO user_report(reportID, reasonID)VALUES(50,3);INSERT INTO report(reportID, reporterID, reportedID)VALUES(50,16,19);INSERT INTO report_comment(reportID, commentID)VALUES(50,40);INSERT INTO reason(reportID, reasonID)VALUES(50,3);INSERT INTO user_report(reportID, reasonID)VALUES(51,1);INSERT INTO report(reportID, reporterID, reportedID)VALUES(51,11,13);INSERT INTO report_comment(reportID, commentID)VALUES(51,38);INSERT INTO reason(reportID, reasonID)VALUES(51,1);INSERT INTO user_report(reportID, reasonID)VALUES(52,5);INSERT INTO report(reportID, reporterID, reportedID)VALUES(52,6,13);INSERT INTO report_comment(reportID, commentID)VALUES(52,38);INSERT INTO reason(reportID, reasonID)VALUES(52,5);INSERT INTO user_report(reportID, reasonID)VALUES(53,3);INSERT INTO report(reportID, reporterID, reportedID)VALUES(53,6,13);INSERT INTO report_comment(reportID, commentID)VALUES(53,38);INSERT INTO reason(reportID, reasonID)VALUES(53,3);INSERT INTO user_report(reportID, reasonID)VALUES(54,5);INSERT INTO report(reportID, reporterID, reportedID)VALUES(54,13,13);INSERT INTO report_comment(reportID, commentID)VALUES(54,38);INSERT INTO reason(reportID, reasonID)VALUES(54,5);INSERT INTO user_report(reportID, reasonID)VALUES(55,1);INSERT INTO report(reportID, reporterID, reportedID)VALUES(55,9,13);INSERT INTO report_comment(reportID, commentID)VALUES(55,38);INSERT INTO reason(reportID, reasonID)VALUES(55,1);INSERT INTO user_report(reportID, reasonID)VALUES(56,4);INSERT INTO report(reportID, reporterID, reportedID)VALUES(56,3,13);INSERT INTO report_comment(reportID, commentID)VALUES(56,38);INSERT INTO reason(reportID, reasonID)VALUES(56,4);INSERT INTO user_report(reportID, reasonID)VALUES(57,4);INSERT INTO report(reportID, reporterID, reportedID)VALUES(57,6,13);INSERT INTO report_comment(reportID, commentID)VALUES(57,38);INSERT INTO reason(reportID, reasonID)VALUES(57,4);INSERT INTO user_report(reportID, reasonID)VALUES(58,4);INSERT INTO report(reportID, reporterID, reportedID)VALUES(58,9,13);INSERT INTO report_comment(reportID, commentID)VALUES(58,38);INSERT INTO reason(reportID, reasonID)VALUES(58,4);INSERT INTO user_report(reportID, reasonID)VALUES(59,2);INSERT INTO report(reportID, reporterID, reportedID)VALUES(59,10,13);INSERT INTO report_comment(reportID, commentID)VALUES(59,38);INSERT INTO reason(reportID, reasonID)VALUES(59,2);INSERT INTO user_report(reportID, reasonID)VALUES(60,1);INSERT INTO report(reportID, reporterID, reportedID)VALUES(60,11,13);INSERT INTO report_comment(reportID, commentID)VALUES(60,38);INSERT INTO reason(reportID, reasonID)VALUES(60,1);INSERT INTO user_report(reportID, reasonID)VALUES(61,1);INSERT INTO report(reportID, reporterID, reportedID)VALUES(61,12,13);INSERT INTO report_comment(reportID, commentID)VALUES(61,38);INSERT INTO reason(reportID, reasonID)VALUES(61,1);INSERT INTO user_report(reportID, reasonID)VALUES(62,3);INSERT INTO report(reportID, reporterID, reportedID)VALUES(62,4,13);INSERT INTO report_comment(reportID, commentID)VALUES(62,38);INSERT INTO reason(reportID, reasonID)VALUES(62,3);INSERT INTO user_report(reportID, reasonID)VALUES(63,5);INSERT INTO report(reportID, reporterID, reportedID)VALUES(63,15,13);INSERT INTO report_comment(reportID, commentID)VALUES(63,38);INSERT INTO reason(reportID, reasonID)VALUES(63,5);INSERT INTO user_report(reportID, reasonID)VALUES(64,4);INSERT INTO report(reportID, reporterID, reportedID)VALUES(64,7,13);INSERT INTO report_comment(reportID, commentID)VALUES(64,38);INSERT INTO reason(reportID, reasonID)VALUES(64,4);INSERT INTO user_report(reportID, reasonID)VALUES(65,1);INSERT INTO report(reportID, reporterID, reportedID)VALUES(65,6,13);INSERT INTO report_comment(reportID, commentID)VALUES(65,38);INSERT INTO reason(reportID, reasonID)VALUES(65,1);INSERT INTO user_report(reportID, reasonID)VALUES(66,2);INSERT INTO report(reportID, reporterID, reportedID)VALUES(66,8,13);INSERT INTO report_comment(reportID, commentID)VALUES(66,38);INSERT INTO reason(reportID, reasonID)VALUES(66,2);INSERT INTO user_report(reportID, reasonID)VALUES(67,2);INSERT INTO report(reportID, reporterID, reportedID)VALUES(67,2,13);INSERT INTO report_comment(reportID, commentID)VALUES(67,38);INSERT INTO reason(reportID, reasonID)VALUES(67,2);INSERT INTO user_report(reportID, reasonID)VALUES(68,2);INSERT INTO report(reportID, reporterID, reportedID)VALUES(68,16,13);INSERT INTO report_comment(reportID, commentID)VALUES(68,38);INSERT INTO reason(reportID, reasonID)VALUES(68,2);INSERT INTO user_report(reportID, reasonID)VALUES(69,2);INSERT INTO report(reportID, reporterID, reportedID)VALUES(69,16,13);INSERT INTO report_comment(reportID, commentID)VALUES(69,38);INSERT INTO reason(reportID, reasonID)VALUES(69,2);INSERT INTO user_report(reportID, reasonID)VALUES(70,3);INSERT INTO report(reportID, reporterID, reportedID)VALUES(70,17,13);INSERT INTO report_comment(reportID, commentID)VALUES(70,38);INSERT INTO reason(reportID, reasonID)VALUES(70,3);INSERT INTO user_report(reportID, reasonID)VALUES(71,3);INSERT INTO report(reportID, reporterID, reportedID)VALUES(71,12,13);INSERT INTO report_comment(reportID, commentID)VALUES(71,38);INSERT INTO reason(reportID, reasonID)VALUES(71,3);INSERT INTO user_report(reportID, reasonID)VALUES(72,5);INSERT INTO report(reportID, reporterID, reportedID)VALUES(72,2,13);INSERT INTO report_comment(reportID, commentID)VALUES(72,38);INSERT INTO reason(reportID, reasonID)VALUES(72,5);INSERT INTO user_report(reportID, reasonID)VALUES(73,3);INSERT INTO report(reportID, reporterID, reportedID)VALUES(73,19,13);INSERT INTO report_comment(reportID, commentID)VALUES(73,38);INSERT INTO reason(reportID, reasonID)VALUES(73,3);INSERT INTO user_report(reportID, reasonID)VALUES(74,5);INSERT INTO report(reportID, reporterID, reportedID)VALUES(74,10,13);INSERT INTO report_comment(reportID, commentID)VALUES(74,38);INSERT INTO reason(reportID, reasonID)VALUES(74,5);INSERT INTO user_report(reportID, reasonID)VALUES(75,3);INSERT INTO report(reportID, reporterID, reportedID)VALUES(75,17,13);INSERT INTO report_comment(reportID, commentID)VALUES(75,38);INSERT INTO reason(reportID, reasonID)VALUES(75,3);INSERT INTO user_report(reportID, reasonID)VALUES(76,1);INSERT INTO report(reportID, reporterID, reportedID)VALUES(76,15,13);INSERT INTO report_comment(reportID, commentID)VALUES(76,38);INSERT INTO reason(reportID, reasonID)VALUES(76,1);INSERT INTO user_report(reportID, reasonID)VALUES(77,5);INSERT INTO report(reportID, reporterID, reportedID)VALUES(77,7,13);INSERT INTO report_comment(reportID, commentID)VALUES(77,38);INSERT INTO reason(reportID, reasonID)VALUES(77,5);INSERT INTO user_report(reportID, reasonID)VALUES(78,5);INSERT INTO report(reportID, reporterID, reportedID)VALUES(78,5,13);INSERT INTO report_comment(reportID, commentID)VALUES(78,38);INSERT INTO reason(reportID, reasonID)VALUES(78,5);INSERT INTO user_report(reportID, reasonID)VALUES(79,1);INSERT INTO report(reportID, reporterID, reportedID)VALUES(79,14,13);INSERT INTO report_comment(reportID, commentID)VALUES(79,38);INSERT INTO reason(reportID, reasonID)VALUES(79,1);INSERT INTO user_report(reportID, reasonID)VALUES(80,5);INSERT INTO report(reportID, reporterID, reportedID)VALUES(80,4,13);INSERT INTO report_comment(reportID, commentID)VALUES(80,38);INSERT INTO reason(reportID, reasonID)VALUES(80,5);INSERT INTO user_report(reportID, reasonID)VALUES(81,2);INSERT INTO report(reportID, reporterID, reportedID)VALUES(81,16,13);INSERT INTO report_comment(reportID, commentID)VALUES(81,38);INSERT INTO reason(reportID, reasonID)VALUES(81,2);INSERT INTO user_report(reportID, reasonID)VALUES(82,5);INSERT INTO report(reportID, reporterID, reportedID)VALUES(82,10,13);INSERT INTO report_comment(reportID, commentID)VALUES(82,38);INSERT INTO reason(reportID, reasonID)VALUES(82,5);INSERT INTO user_report(reportID, reasonID)VALUES(83,1);INSERT INTO report(reportID, reporterID, reportedID)VALUES(83,12,13);INSERT INTO report_comment(reportID, commentID)VALUES(83,38);INSERT INTO reason(reportID, reasonID)VALUES(83,1);INSERT INTO user_report(reportID, reasonID)VALUES(84,4);INSERT INTO report(reportID, reporterID, reportedID)VALUES(84,3,13);INSERT INTO report_comment(reportID, commentID)VALUES(84,38);INSERT INTO reason(reportID, reasonID)VALUES(84,4);INSERT INTO user_report(reportID, reasonID)VALUES(85,4);INSERT INTO report(reportID, reporterID, reportedID)VALUES(85,17,13);INSERT INTO report_comment(reportID, commentID)VALUES(85,38);INSERT INTO reason(reportID, reasonID)VALUES(85,4);INSERT INTO user_report(reportID, reasonID)VALUES(86,1);INSERT INTO report(reportID, reporterID, reportedID)VALUES(86,8,13);INSERT INTO report_comment(reportID, commentID)VALUES(86,38);INSERT INTO reason(reportID, reasonID)VALUES(86,1);INSERT INTO user_report(reportID, reasonID)VALUES(87,4);INSERT INTO report(reportID, reporterID, reportedID)VALUES(87,4,13);INSERT INTO report_comment(reportID, commentID)VALUES(87,38);INSERT INTO reason(reportID, reasonID)VALUES(87,4);INSERT INTO user_report(reportID, reasonID)VALUES(88,2);INSERT INTO report(reportID, reporterID, reportedID)VALUES(88,20,13);INSERT INTO report_comment(reportID, commentID)VALUES(88,38);INSERT INTO reason(reportID, reasonID)VALUES(88,2);INSERT INTO user_report(reportID, reasonID)VALUES(89,2);INSERT INTO report(reportID, reporterID, reportedID)VALUES(89,9,13);INSERT INTO report_comment(reportID, commentID)VALUES(89,38);INSERT INTO reason(reportID, reasonID)VALUES(89,2);INSERT INTO user_report(reportID, reasonID)VALUES(90,3);INSERT INTO report(reportID, reporterID, reportedID)VALUES(90,13,13);INSERT INTO report_comment(reportID, commentID)VALUES(90,38);INSERT INTO reason(reportID, reasonID)VALUES(90,3);INSERT INTO user_report(reportID, reasonID)VALUES(91,1);INSERT INTO report(reportID, reporterID, reportedID)VALUES(91,16,13);INSERT INTO report_comment(reportID, commentID)VALUES(91,38);INSERT INTO reason(reportID, reasonID)VALUES(91,1);INSERT INTO user_report(reportID, reasonID)VALUES(92,1);INSERT INTO report(reportID, reporterID, reportedID)VALUES(92,16,13);INSERT INTO report_comment(reportID, commentID)VALUES(92,38);INSERT INTO reason(reportID, reasonID)VALUES(92,1);INSERT INTO user_report(reportID, reasonID)VALUES(93,3);INSERT INTO report(reportID, reporterID, reportedID)VALUES(93,12,13);INSERT INTO report_comment(reportID, commentID)VALUES(93,38);INSERT INTO reason(reportID, reasonID)VALUES(93,3);INSERT INTO user_report(reportID, reasonID)VALUES(94,3);INSERT INTO report(reportID, reporterID, reportedID)VALUES(94,11,13);INSERT INTO report_comment(reportID, commentID)VALUES(94,38);INSERT INTO reason(reportID, reasonID)VALUES(94,3);INSERT INTO user_report(reportID, reasonID)VALUES(95,1);INSERT INTO report(reportID, reporterID, reportedID)VALUES(95,20,13);INSERT INTO report_comment(reportID, commentID)VALUES(95,38);INSERT INTO reason(reportID, reasonID)VALUES(95,1);INSERT INTO user_report(reportID, reasonID)VALUES(96,3);INSERT INTO report(reportID, reporterID, reportedID)VALUES(96,3,13);INSERT INTO report_comment(reportID, commentID)VALUES(96,38);INSERT INTO reason(reportID, reasonID)VALUES(96,3);INSERT INTO user_report(reportID, reasonID)VALUES(97,5);INSERT INTO report(reportID, reporterID, reportedID)VALUES(97,7,13);INSERT INTO report_comment(reportID, commentID)VALUES(97,38);INSERT INTO reason(reportID, reasonID)VALUES(97,5);INSERT INTO user_report(reportID, reasonID)VALUES(98,5);INSERT INTO report(reportID, reporterID, reportedID)VALUES(98,5,13);INSERT INTO report_comment(reportID, commentID)VALUES(98,38);INSERT INTO reason(reportID, reasonID)VALUES(98,5);INSERT INTO user_report(reportID, reasonID)VALUES(99,2);INSERT INTO report(reportID, reporterID, reportedID)VALUES(99,12,13);INSERT INTO report_comment(reportID, commentID)VALUES(99,38);INSERT INTO reason(reportID, reasonID)VALUES(99,2);INSERT INTO user_report(reportID, reasonID)VALUES(100,3);INSERT INTO report(reportID, reporterID, reportedID)VALUES(100,16,13);INSERT INTO report_comment(reportID, commentID)VALUES(100,38);INSERT INTO reason(reportID, reasonID)VALUES(100,3);INSERT INTO user_report(reportID, reasonID)VALUES(101,2);INSERT INTO report(reportID, reporterID, reportedID)VALUES(101,3,5);INSERT INTO reported_article(reportID, articleID)VALUES(101,13);INSERT INTO reason(reportID, reasonID)VALUES(101,2);INSERT INTO user_report(reportID, reasonID)VALUES(102,3);INSERT INTO report(reportID, reporterID, reportedID)VALUES(102,4,5);INSERT INTO reported_article(reportID, articleID)VALUES(102,13);INSERT INTO reason(reportID, reasonID)VALUES(102,3);INSERT INTO user_report(reportID, reasonID)VALUES(103,5);INSERT INTO report(reportID, reporterID, reportedID)VALUES(103,10,5);INSERT INTO reported_article(reportID, articleID)VALUES(103,13);INSERT INTO reason(reportID, reasonID)VALUES(103,5);INSERT INTO user_report(reportID, reasonID)VALUES(104,1);INSERT INTO report(reportID, reporterID, reportedID)VALUES(104,5,5);INSERT INTO reported_article(reportID, articleID)VALUES(104,13);INSERT INTO reason(reportID, reasonID)VALUES(104,1);INSERT INTO user_report(reportID, reasonID)VALUES(105,2);INSERT INTO report(reportID, reporterID, reportedID)VALUES(105,7,5);INSERT INTO reported_article(reportID, articleID)VALUES(105,13);INSERT INTO reason(reportID, reasonID)VALUES(105,2);INSERT INTO user_report(reportID, reasonID)VALUES(106,4);INSERT INTO report(reportID, reporterID, reportedID)VALUES(106,1,5);INSERT INTO reported_article(reportID, articleID)VALUES(106,13);INSERT INTO reason(reportID, reasonID)VALUES(106,4);INSERT INTO user_report(reportID, reasonID)VALUES(107,2);INSERT INTO report(reportID, reporterID, reportedID)VALUES(107,20,5);INSERT INTO reported_article(reportID, articleID)VALUES(107,13);INSERT INTO reason(reportID, reasonID)VALUES(107,2);INSERT INTO user_report(reportID, reasonID)VALUES(108,4);INSERT INTO report(reportID, reporterID, reportedID)VALUES(108,14,5);INSERT INTO reported_article(reportID, articleID)VALUES(108,13);INSERT INTO reason(reportID, reasonID)VALUES(108,4);INSERT INTO user_report(reportID, reasonID)VALUES(109,1);INSERT INTO report(reportID, reporterID, reportedID)VALUES(109,13,5);INSERT INTO reported_article(reportID, articleID)VALUES(109,13);INSERT INTO reason(reportID, reasonID)VALUES(109,1);INSERT INTO user_report(reportID, reasonID)VALUES(110,1);INSERT INTO report(reportID, reporterID, reportedID)VALUES(110,13,5);INSERT INTO reported_article(reportID, articleID)VALUES(110,13);INSERT INTO reason(reportID, reasonID)VALUES(110,1);INSERT INTO user_report(reportID, reasonID)VALUES(111,2);INSERT INTO report(reportID, reporterID, reportedID)VALUES(111,8,5);INSERT INTO reported_article(reportID, articleID)VALUES(111,13);INSERT INTO reason(reportID, reasonID)VALUES(111,2);INSERT INTO user_report(reportID, reasonID)VALUES(112,1);INSERT INTO report(reportID, reporterID, reportedID)VALUES(112,14,5);INSERT INTO reported_article(reportID, articleID)VALUES(112,13);INSERT INTO reason(reportID, reasonID)VALUES(112,1);INSERT INTO user_report(reportID, reasonID)VALUES(113,2);INSERT INTO report(reportID, reporterID, reportedID)VALUES(113,4,5);INSERT INTO reported_article(reportID, articleID)VALUES(113,13);INSERT INTO reason(reportID, reasonID)VALUES(113,2);INSERT INTO user_report(reportID, reasonID)VALUES(114,3);INSERT INTO report(reportID, reporterID, reportedID)VALUES(114,2,5);INSERT INTO reported_article(reportID, articleID)VALUES(114,13);INSERT INTO reason(reportID, reasonID)VALUES(114,3);INSERT INTO user_report(reportID, reasonID)VALUES(115,5);INSERT INTO report(reportID, reporterID, reportedID)VALUES(115,13,5);INSERT INTO reported_article(reportID, articleID)VALUES(115,13);INSERT INTO reason(reportID, reasonID)VALUES(115,5);INSERT INTO user_report(reportID, reasonID)VALUES(116,5);INSERT INTO report(reportID, reporterID, reportedID)VALUES(116,3,5);INSERT INTO reported_article(reportID, articleID)VALUES(116,13);INSERT INTO reason(reportID, reasonID)VALUES(116,5);INSERT INTO user_report(reportID, reasonID)VALUES(117,3);INSERT INTO report(reportID, reporterID, reportedID)VALUES(117,4,5);INSERT INTO reported_article(reportID, articleID)VALUES(117,13);INSERT INTO reason(reportID, reasonID)VALUES(117,3);INSERT INTO user_report(reportID, reasonID)VALUES(118,2);INSERT INTO report(reportID, reporterID, reportedID)VALUES(118,12,5);INSERT INTO reported_article(reportID, articleID)VALUES(118,13);INSERT INTO reason(reportID, reasonID)VALUES(118,2);INSERT INTO user_report(reportID, reasonID)VALUES(119,5);INSERT INTO report(reportID, reporterID, reportedID)VALUES(119,3,5);INSERT INTO reported_article(reportID, articleID)VALUES(119,13);INSERT INTO reason(reportID, reasonID)VALUES(119,5);INSERT INTO user_report(reportID, reasonID)VALUES(120,5);INSERT INTO report(reportID, reporterID, reportedID)VALUES(120,19,5);INSERT INTO reported_article(reportID, articleID)VALUES(120,13);INSERT INTO reason(reportID, reasonID)VALUES(120,5);INSERT INTO user_report(reportID, reasonID)VALUES(121,3);INSERT INTO report(reportID, reporterID, reportedID)VALUES(121,17,5);INSERT INTO reported_article(reportID, articleID)VALUES(121,13);INSERT INTO reason(reportID, reasonID)VALUES(121,3);INSERT INTO user_report(reportID, reasonID)VALUES(122,1);INSERT INTO report(reportID, reporterID, reportedID)VALUES(122,16,5);INSERT INTO reported_article(reportID, articleID)VALUES(122,13);INSERT INTO reason(reportID, reasonID)VALUES(122,1);INSERT INTO user_report(reportID, reasonID)VALUES(123,4);INSERT INTO report(reportID, reporterID, reportedID)VALUES(123,20,5);INSERT INTO reported_article(reportID, articleID)VALUES(123,13);INSERT INTO reason(reportID, reasonID)VALUES(123,4);INSERT INTO user_report(reportID, reasonID)VALUES(124,5);INSERT INTO report(reportID, reporterID, reportedID)VALUES(124,11,5);INSERT INTO reported_article(reportID, articleID)VALUES(124,13);INSERT INTO reason(reportID, reasonID)VALUES(124,5);INSERT INTO user_report(reportID, reasonID)VALUES(125,1);INSERT INTO report(reportID, reporterID, reportedID)VALUES(125,1,5);INSERT INTO reported_article(reportID, articleID)VALUES(125,13);INSERT INTO reason(reportID, reasonID)VALUES(125,1);INSERT INTO user_report(reportID, reasonID)VALUES(126,3);INSERT INTO report(reportID, reporterID, reportedID)VALUES(126,16,5);INSERT INTO reported_article(reportID, articleID)VALUES(126,13);INSERT INTO reason(reportID, reasonID)VALUES(126,3);INSERT INTO user_report(reportID, reasonID)VALUES(127,1);INSERT INTO report(reportID, reporterID, reportedID)VALUES(127,11,5);INSERT INTO reported_article(reportID, articleID)VALUES(127,13);INSERT INTO reason(reportID, reasonID)VALUES(127,1);INSERT INTO user_report(reportID, reasonID)VALUES(128,2);INSERT INTO report(reportID, reporterID, reportedID)VALUES(128,1,5);INSERT INTO reported_article(reportID, articleID)VALUES(128,13);INSERT INTO reason(reportID, reasonID)VALUES(128,2);INSERT INTO user_report(reportID, reasonID)VALUES(129,2);INSERT INTO report(reportID, reporterID, reportedID)VALUES(129,13,5);INSERT INTO reported_article(reportID, articleID)VALUES(129,13);INSERT INTO reason(reportID, reasonID)VALUES(129,2);INSERT INTO user_report(reportID, reasonID)VALUES(130,3);INSERT INTO report(reportID, reporterID, reportedID)VALUES(130,12,5);INSERT INTO reported_article(reportID, articleID)VALUES(130,13);INSERT INTO reason(reportID, reasonID)VALUES(130,3);INSERT INTO user_report(reportID, reasonID)VALUES(131,5);INSERT INTO report(reportID, reporterID, reportedID)VALUES(131,11,5);INSERT INTO reported_article(reportID, articleID)VALUES(131,13);INSERT INTO reason(reportID, reasonID)VALUES(131,5);INSERT INTO user_report(reportID, reasonID)VALUES(132,3);INSERT INTO report(reportID, reporterID, reportedID)VALUES(132,18,5);INSERT INTO reported_article(reportID, articleID)VALUES(132,13);INSERT INTO reason(reportID, reasonID)VALUES(132,3);INSERT INTO user_report(reportID, reasonID)VALUES(133,5);INSERT INTO report(reportID, reporterID, reportedID)VALUES(133,19,5);INSERT INTO reported_article(reportID, articleID)VALUES(133,13);INSERT INTO reason(reportID, reasonID)VALUES(133,5);INSERT INTO user_report(reportID, reasonID)VALUES(134,3);INSERT INTO report(reportID, reporterID, reportedID)VALUES(134,5,5);INSERT INTO reported_article(reportID, articleID)VALUES(134,13);INSERT INTO reason(reportID, reasonID)VALUES(134,3);INSERT INTO user_report(reportID, reasonID)VALUES(135,4);INSERT INTO report(reportID, reporterID, reportedID)VALUES(135,11,5);INSERT INTO reported_article(reportID, articleID)VALUES(135,13);INSERT INTO reason(reportID, reasonID)VALUES(135,4);INSERT INTO user_report(reportID, reasonID)VALUES(136,2);INSERT INTO report(reportID, reporterID, reportedID)VALUES(136,1,5);INSERT INTO reported_article(reportID, articleID)VALUES(136,13);INSERT INTO reason(reportID, reasonID)VALUES(136,2);INSERT INTO user_report(reportID, reasonID)VALUES(137,1);INSERT INTO report(reportID, reporterID, reportedID)VALUES(137,17,5);INSERT INTO reported_article(reportID, articleID)VALUES(137,13);INSERT INTO reason(reportID, reasonID)VALUES(137,1);INSERT INTO user_report(reportID, reasonID)VALUES(138,5);INSERT INTO report(reportID, reporterID, reportedID)VALUES(138,16,5);INSERT INTO reported_article(reportID, articleID)VALUES(138,13);INSERT INTO reason(reportID, reasonID)VALUES(138,5);INSERT INTO user_report(reportID, reasonID)VALUES(139,2);INSERT INTO report(reportID, reporterID, reportedID)VALUES(139,19,5);INSERT INTO reported_article(reportID, articleID)VALUES(139,13);INSERT INTO reason(reportID, reasonID)VALUES(139,2);INSERT INTO user_report(reportID, reasonID)VALUES(140,3);INSERT INTO report(reportID, reporterID, reportedID)VALUES(140,18,5);INSERT INTO reported_article(reportID, articleID)VALUES(140,13);INSERT INTO reason(reportID, reasonID)VALUES(140,3);INSERT INTO user_report(reportID, reasonID)VALUES(141,2);INSERT INTO report(reportID, reporterID, reportedID)VALUES(141,12,5);INSERT INTO reported_article(reportID, articleID)VALUES(141,13);INSERT INTO reason(reportID, reasonID)VALUES(141,2);INSERT INTO user_report(reportID, reasonID)VALUES(142,3);INSERT INTO report(reportID, reporterID, reportedID)VALUES(142,2,5);INSERT INTO reported_article(reportID, articleID)VALUES(142,13);INSERT INTO reason(reportID, reasonID)VALUES(142,3);INSERT INTO user_report(reportID, reasonID)VALUES(143,1);INSERT INTO report(reportID, reporterID, reportedID)VALUES(143,19,5);INSERT INTO reported_article(reportID, articleID)VALUES(143,13);INSERT INTO reason(reportID, reasonID)VALUES(143,1);INSERT INTO user_report(reportID, reasonID)VALUES(144,4);INSERT INTO report(reportID, reporterID, reportedID)VALUES(144,3,5);INSERT INTO reported_article(reportID, articleID)VALUES(144,13);INSERT INTO reason(reportID, reasonID)VALUES(144,4);INSERT INTO user_report(reportID, reasonID)VALUES(145,1);INSERT INTO report(reportID, reporterID, reportedID)VALUES(145,1,5);INSERT INTO reported_article(reportID, articleID)VALUES(145,13);INSERT INTO reason(reportID, reasonID)VALUES(145,1);INSERT INTO user_report(reportID, reasonID)VALUES(146,4);INSERT INTO report(reportID, reporterID, reportedID)VALUES(146,6,5);INSERT INTO reported_article(reportID, articleID)VALUES(146,13);INSERT INTO reason(reportID, reasonID)VALUES(146,4);INSERT INTO user_report(reportID, reasonID)VALUES(147,3);INSERT INTO report(reportID, reporterID, reportedID)VALUES(147,2,5);INSERT INTO reported_article(reportID, articleID)VALUES(147,13);INSERT INTO reason(reportID, reasonID)VALUES(147,3);INSERT INTO user_report(reportID, reasonID)VALUES(148,5);INSERT INTO report(reportID, reporterID, reportedID)VALUES(148,4,5);INSERT INTO reported_article(reportID, articleID)VALUES(148,13);INSERT INTO reason(reportID, reasonID)VALUES(148,5);INSERT INTO user_report(reportID, reasonID)VALUES(149,1);INSERT INTO report(reportID, reporterID, reportedID)VALUES(149,1,5);INSERT INTO reported_article(reportID, articleID)VALUES(149,13);INSERT INTO reason(reportID, reasonID)VALUES(149,1);INSERT INTO user_report(reportID, reasonID)VALUES(150,5);INSERT INTO report(reportID, reporterID, reportedID)VALUES(150,18,5);INSERT INTO reported_article(reportID, articleID)VALUES(150,13);INSERT INTO reason(reportID, reasonID)VALUES(150,5);INSERT INTO user_report(reportID, reasonID)VALUES(151,5);INSERT INTO report(reportID, reporterID, reportedID)VALUES(151,15,18);INSERT INTO reported_article(reportID, articleID)VALUES(151,78);INSERT INTO reason(reportID, reasonID)VALUES(151,5);INSERT INTO user_report(reportID, reasonID)VALUES(152,1);INSERT INTO report(reportID, reporterID, reportedID)VALUES(152,16,18);INSERT INTO reported_article(reportID, articleID)VALUES(152,78);INSERT INTO reason(reportID, reasonID)VALUES(152,1);INSERT INTO user_report(reportID, reasonID)VALUES(153,2);INSERT INTO report(reportID, reporterID, reportedID)VALUES(153,12,18);INSERT INTO reported_article(reportID, articleID)VALUES(153,78);INSERT INTO reason(reportID, reasonID)VALUES(153,2);INSERT INTO user_report(reportID, reasonID)VALUES(154,3);INSERT INTO report(reportID, reporterID, reportedID)VALUES(154,6,18);INSERT INTO reported_article(reportID, articleID)VALUES(154,78);INSERT INTO reason(reportID, reasonID)VALUES(154,3);INSERT INTO user_report(reportID, reasonID)VALUES(155,4);INSERT INTO report(reportID, reporterID, reportedID)VALUES(155,1,18);INSERT INTO reported_article(reportID, articleID)VALUES(155,78);INSERT INTO reason(reportID, reasonID)VALUES(155,4);INSERT INTO user_report(reportID, reasonID)VALUES(156,1);INSERT INTO report(reportID, reporterID, reportedID)VALUES(156,19,18);INSERT INTO reported_article(reportID, articleID)VALUES(156,78);INSERT INTO reason(reportID, reasonID)VALUES(156,1);INSERT INTO user_report(reportID, reasonID)VALUES(157,1);INSERT INTO report(reportID, reporterID, reportedID)VALUES(157,13,18);INSERT INTO reported_article(reportID, articleID)VALUES(157,78);INSERT INTO reason(reportID, reasonID)VALUES(157,1);INSERT INTO user_report(reportID, reasonID)VALUES(158,1);INSERT INTO report(reportID, reporterID, reportedID)VALUES(158,11,18);INSERT INTO reported_article(reportID, articleID)VALUES(158,78);INSERT INTO reason(reportID, reasonID)VALUES(158,1);INSERT INTO user_report(reportID, reasonID)VALUES(159,1);INSERT INTO report(reportID, reporterID, reportedID)VALUES(159,18,18);INSERT INTO reported_article(reportID, articleID)VALUES(159,78);INSERT INTO reason(reportID, reasonID)VALUES(159,1);INSERT INTO user_report(reportID, reasonID)VALUES(160,3);INSERT INTO report(reportID, reporterID, reportedID)VALUES(160,8,18);INSERT INTO reported_article(reportID, articleID)VALUES(160,78);INSERT INTO reason(reportID, reasonID)VALUES(160,3);INSERT INTO user_report(reportID, reasonID)VALUES(161,4);INSERT INTO report(reportID, reporterID, reportedID)VALUES(161,1,18);INSERT INTO reported_article(reportID, articleID)VALUES(161,78);INSERT INTO reason(reportID, reasonID)VALUES(161,4);INSERT INTO user_report(reportID, reasonID)VALUES(162,2);INSERT INTO report(reportID, reporterID, reportedID)VALUES(162,7,18);INSERT INTO reported_article(reportID, articleID)VALUES(162,78);INSERT INTO reason(reportID, reasonID)VALUES(162,2);INSERT INTO user_report(reportID, reasonID)VALUES(163,2);INSERT INTO report(reportID, reporterID, reportedID)VALUES(163,12,18);INSERT INTO reported_article(reportID, articleID)VALUES(163,78);INSERT INTO reason(reportID, reasonID)VALUES(163,2);INSERT INTO user_report(reportID, reasonID)VALUES(164,3);INSERT INTO report(reportID, reporterID, reportedID)VALUES(164,13,18);INSERT INTO reported_article(reportID, articleID)VALUES(164,78);INSERT INTO reason(reportID, reasonID)VALUES(164,3);INSERT INTO user_report(reportID, reasonID)VALUES(165,4);INSERT INTO report(reportID, reporterID, reportedID)VALUES(165,1,18);INSERT INTO reported_article(reportID, articleID)VALUES(165,78);INSERT INTO reason(reportID, reasonID)VALUES(165,4);INSERT INTO user_report(reportID, reasonID)VALUES(166,2);INSERT INTO report(reportID, reporterID, reportedID)VALUES(166,13,18);INSERT INTO reported_article(reportID, articleID)VALUES(166,78);INSERT INTO reason(reportID, reasonID)VALUES(166,2);INSERT INTO user_report(reportID, reasonID)VALUES(167,2);INSERT INTO report(reportID, reporterID, reportedID)VALUES(167,5,18);INSERT INTO reported_article(reportID, articleID)VALUES(167,78);INSERT INTO reason(reportID, reasonID)VALUES(167,2);INSERT INTO user_report(reportID, reasonID)VALUES(168,4);INSERT INTO report(reportID, reporterID, reportedID)VALUES(168,13,18);INSERT INTO reported_article(reportID, articleID)VALUES(168,78);INSERT INTO reason(reportID, reasonID)VALUES(168,4);INSERT INTO user_report(reportID, reasonID)VALUES(169,1);INSERT INTO report(reportID, reporterID, reportedID)VALUES(169,1,18);INSERT INTO reported_article(reportID, articleID)VALUES(169,78);INSERT INTO reason(reportID, reasonID)VALUES(169,1);INSERT INTO user_report(reportID, reasonID)VALUES(170,4);INSERT INTO report(reportID, reporterID, reportedID)VALUES(170,15,18);INSERT INTO reported_article(reportID, articleID)VALUES(170,78);INSERT INTO reason(reportID, reasonID)VALUES(170,4);INSERT INTO user_report(reportID, reasonID)VALUES(171,4);INSERT INTO report(reportID, reporterID, reportedID)VALUES(171,14,18);INSERT INTO reported_article(reportID, articleID)VALUES(171,78);INSERT INTO reason(reportID, reasonID)VALUES(171,4);INSERT INTO user_report(reportID, reasonID)VALUES(172,5);INSERT INTO report(reportID, reporterID, reportedID)VALUES(172,9,18);INSERT INTO reported_article(reportID, articleID)VALUES(172,78);INSERT INTO reason(reportID, reasonID)VALUES(172,5);INSERT INTO user_report(reportID, reasonID)VALUES(173,2);INSERT INTO report(reportID, reporterID, reportedID)VALUES(173,20,18);INSERT INTO reported_article(reportID, articleID)VALUES(173,78);INSERT INTO reason(reportID, reasonID)VALUES(173,2);INSERT INTO user_report(reportID, reasonID)VALUES(174,3);INSERT INTO report(reportID, reporterID, reportedID)VALUES(174,15,18);INSERT INTO reported_article(reportID, articleID)VALUES(174,78);INSERT INTO reason(reportID, reasonID)VALUES(174,3);INSERT INTO user_report(reportID, reasonID)VALUES(175,2);INSERT INTO report(reportID, reporterID, reportedID)VALUES(175,14,18);INSERT INTO reported_article(reportID, articleID)VALUES(175,78);INSERT INTO reason(reportID, reasonID)VALUES(175,2);INSERT INTO user_report(reportID, reasonID)VALUES(176,4);INSERT INTO report(reportID, reporterID, reportedID)VALUES(176,18,18);INSERT INTO reported_article(reportID, articleID)VALUES(176,78);INSERT INTO reason(reportID, reasonID)VALUES(176,4);INSERT INTO user_report(reportID, reasonID)VALUES(177,4);INSERT INTO report(reportID, reporterID, reportedID)VALUES(177,19,18);INSERT INTO reported_article(reportID, articleID)VALUES(177,78);INSERT INTO reason(reportID, reasonID)VALUES(177,4);INSERT INTO user_report(reportID, reasonID)VALUES(178,5);INSERT INTO report(reportID, reporterID, reportedID)VALUES(178,11,18);INSERT INTO reported_article(reportID, articleID)VALUES(178,78);INSERT INTO reason(reportID, reasonID)VALUES(178,5);INSERT INTO user_report(reportID, reasonID)VALUES(179,3);INSERT INTO report(reportID, reporterID, reportedID)VALUES(179,19,18);INSERT INTO reported_article(reportID, articleID)VALUES(179,78);INSERT INTO reason(reportID, reasonID)VALUES(179,3);INSERT INTO user_report(reportID, reasonID)VALUES(180,1);INSERT INTO report(reportID, reporterID, reportedID)VALUES(180,17,18);INSERT INTO reported_article(reportID, articleID)VALUES(180,78);INSERT INTO reason(reportID, reasonID)VALUES(180,1);INSERT INTO user_report(reportID, reasonID)VALUES(181,2);INSERT INTO report(reportID, reporterID, reportedID)VALUES(181,19,18);INSERT INTO reported_article(reportID, articleID)VALUES(181,78);INSERT INTO reason(reportID, reasonID)VALUES(181,2);INSERT INTO user_report(reportID, reasonID)VALUES(182,4);INSERT INTO report(reportID, reporterID, reportedID)VALUES(182,19,18);INSERT INTO reported_article(reportID, articleID)VALUES(182,78);INSERT INTO reason(reportID, reasonID)VALUES(182,4);INSERT INTO user_report(reportID, reasonID)VALUES(183,3);INSERT INTO report(reportID, reporterID, reportedID)VALUES(183,8,18);INSERT INTO reported_article(reportID, articleID)VALUES(183,78);INSERT INTO reason(reportID, reasonID)VALUES(183,3);INSERT INTO user_report(reportID, reasonID)VALUES(184,4);INSERT INTO report(reportID, reporterID, reportedID)VALUES(184,13,18);INSERT INTO reported_article(reportID, articleID)VALUES(184,78);INSERT INTO reason(reportID, reasonID)VALUES(184,4);INSERT INTO user_report(reportID, reasonID)VALUES(185,2);INSERT INTO report(reportID, reporterID, reportedID)VALUES(185,13,18);INSERT INTO reported_article(reportID, articleID)VALUES(185,78);INSERT INTO reason(reportID, reasonID)VALUES(185,2);INSERT INTO user_report(reportID, reasonID)VALUES(186,1);INSERT INTO report(reportID, reporterID, reportedID)VALUES(186,7,18);INSERT INTO reported_article(reportID, articleID)VALUES(186,78);INSERT INTO reason(reportID, reasonID)VALUES(186,1);INSERT INTO user_report(reportID, reasonID)VALUES(187,4);INSERT INTO report(reportID, reporterID, reportedID)VALUES(187,8,18);INSERT INTO reported_article(reportID, articleID)VALUES(187,78);INSERT INTO reason(reportID, reasonID)VALUES(187,4);INSERT INTO user_report(reportID, reasonID)VALUES(188,4);INSERT INTO report(reportID, reporterID, reportedID)VALUES(188,9,18);INSERT INTO reported_article(reportID, articleID)VALUES(188,78);INSERT INTO reason(reportID, reasonID)VALUES(188,4);INSERT INTO user_report(reportID, reasonID)VALUES(189,5);INSERT INTO report(reportID, reporterID, reportedID)VALUES(189,16,18);INSERT INTO reported_article(reportID, articleID)VALUES(189,78);INSERT INTO reason(reportID, reasonID)VALUES(189,5);INSERT INTO user_report(reportID, reasonID)VALUES(190,2);INSERT INTO report(reportID, reporterID, reportedID)VALUES(190,12,18);INSERT INTO reported_article(reportID, articleID)VALUES(190,78);INSERT INTO reason(reportID, reasonID)VALUES(190,2);INSERT INTO user_report(reportID, reasonID)VALUES(191,4);INSERT INTO report(reportID, reporterID, reportedID)VALUES(191,4,18);INSERT INTO reported_article(reportID, articleID)VALUES(191,78);INSERT INTO reason(reportID, reasonID)VALUES(191,4);INSERT INTO user_report(reportID, reasonID)VALUES(192,1);INSERT INTO report(reportID, reporterID, reportedID)VALUES(192,1,18);INSERT INTO reported_article(reportID, articleID)VALUES(192,78);INSERT INTO reason(reportID, reasonID)VALUES(192,1);INSERT INTO user_report(reportID, reasonID)VALUES(193,2);INSERT INTO report(reportID, reporterID, reportedID)VALUES(193,3,18);INSERT INTO reported_article(reportID, articleID)VALUES(193,78);INSERT INTO reason(reportID, reasonID)VALUES(193,2);INSERT INTO user_report(reportID, reasonID)VALUES(194,2);INSERT INTO report(reportID, reporterID, reportedID)VALUES(194,13,18);INSERT INTO reported_article(reportID, articleID)VALUES(194,78);INSERT INTO reason(reportID, reasonID)VALUES(194,2);INSERT INTO user_report(reportID, reasonID)VALUES(195,2);INSERT INTO report(reportID, reporterID, reportedID)VALUES(195,13,18);INSERT INTO reported_article(reportID, articleID)VALUES(195,78);INSERT INTO reason(reportID, reasonID)VALUES(195,2);INSERT INTO user_report(reportID, reasonID)VALUES(196,4);INSERT INTO report(reportID, reporterID, reportedID)VALUES(196,3,18);INSERT INTO reported_article(reportID, articleID)VALUES(196,78);INSERT INTO reason(reportID, reasonID)VALUES(196,4);INSERT INTO user_report(reportID, reasonID)VALUES(197,5);INSERT INTO report(reportID, reporterID, reportedID)VALUES(197,2,18);INSERT INTO reported_article(reportID, articleID)VALUES(197,78);INSERT INTO reason(reportID, reasonID)VALUES(197,5);INSERT INTO user_report(reportID, reasonID)VALUES(198,4);INSERT INTO report(reportID, reporterID, reportedID)VALUES(198,3,18);INSERT INTO reported_article(reportID, articleID)VALUES(198,78);INSERT INTO reason(reportID, reasonID)VALUES(198,4);INSERT INTO user_report(reportID, reasonID)VALUES(199,5);INSERT INTO report(reportID, reporterID, reportedID)VALUES(199,1,18);INSERT INTO reported_article(reportID, articleID)VALUES(199,78);INSERT INTO reason(reportID, reasonID)VALUES(199,5);INSERT INTO user_report(reportID, reasonID)VALUES(200,1);INSERT INTO report(reportID, reporterID, reportedID)VALUES(200,5,18);INSERT INTO reported_article(reportID, articleID)VALUES(200,78);INSERT INTO reason(reportID, reasonID)VALUES(200,1);INSERT INTO user_report(reportID, reasonID)VALUES(201,1);INSERT INTO report(reportID, reporterID, reportedID)VALUES(201,15,11);INSERT INTO reported_article(reportID, articleID)VALUES(201,9);INSERT INTO reason(reportID, reasonID)VALUES(201,1);INSERT INTO user_report(reportID, reasonID)VALUES(202,4);INSERT INTO report(reportID, reporterID, reportedID)VALUES(202,9,11);INSERT INTO reported_article(reportID, articleID)VALUES(202,9);INSERT INTO reason(reportID, reasonID)VALUES(202,4);INSERT INTO user_report(reportID, reasonID)VALUES(203,5);INSERT INTO report(reportID, reporterID, reportedID)VALUES(203,15,11);INSERT INTO reported_article(reportID, articleID)VALUES(203,9);INSERT INTO reason(reportID, reasonID)VALUES(203,5);INSERT INTO user_report(reportID, reasonID)VALUES(204,5);INSERT INTO report(reportID, reporterID, reportedID)VALUES(204,7,11);INSERT INTO reported_article(reportID, articleID)VALUES(204,9);INSERT INTO reason(reportID, reasonID)VALUES(204,5);INSERT INTO user_report(reportID, reasonID)VALUES(205,2);INSERT INTO report(reportID, reporterID, reportedID)VALUES(205,12,11);INSERT INTO reported_article(reportID, articleID)VALUES(205,9);INSERT INTO reason(reportID, reasonID)VALUES(205,2);INSERT INTO user_report(reportID, reasonID)VALUES(206,4);INSERT INTO report(reportID, reporterID, reportedID)VALUES(206,18,11);INSERT INTO reported_article(reportID, articleID)VALUES(206,9);INSERT INTO reason(reportID, reasonID)VALUES(206,4);INSERT INTO user_report(reportID, reasonID)VALUES(207,1);INSERT INTO report(reportID, reporterID, reportedID)VALUES(207,4,11);INSERT INTO reported_article(reportID, articleID)VALUES(207,9);INSERT INTO reason(reportID, reasonID)VALUES(207,1);INSERT INTO user_report(reportID, reasonID)VALUES(208,4);INSERT INTO report(reportID, reporterID, reportedID)VALUES(208,5,11);INSERT INTO reported_article(reportID, articleID)VALUES(208,9);INSERT INTO reason(reportID, reasonID)VALUES(208,4);INSERT INTO user_report(reportID, reasonID)VALUES(209,5);INSERT INTO report(reportID, reporterID, reportedID)VALUES(209,1,11);INSERT INTO reported_article(reportID, articleID)VALUES(209,9);INSERT INTO reason(reportID, reasonID)VALUES(209,5);INSERT INTO user_report(reportID, reasonID)VALUES(210,2);INSERT INTO report(reportID, reporterID, reportedID)VALUES(210,13,11);INSERT INTO reported_article(reportID, articleID)VALUES(210,9);INSERT INTO reason(reportID, reasonID)VALUES(210,2);INSERT INTO user_report(reportID, reasonID)VALUES(211,2);INSERT INTO report(reportID, reporterID, reportedID)VALUES(211,18,11);INSERT INTO reported_article(reportID, articleID)VALUES(211,9);INSERT INTO reason(reportID, reasonID)VALUES(211,2);INSERT INTO user_report(reportID, reasonID)VALUES(212,1);INSERT INTO report(reportID, reporterID, reportedID)VALUES(212,18,11);INSERT INTO reported_article(reportID, articleID)VALUES(212,9);INSERT INTO reason(reportID, reasonID)VALUES(212,1);INSERT INTO user_report(reportID, reasonID)VALUES(213,5);INSERT INTO report(reportID, reporterID, reportedID)VALUES(213,15,11);INSERT INTO reported_article(reportID, articleID)VALUES(213,9);INSERT INTO reason(reportID, reasonID)VALUES(213,5);INSERT INTO user_report(reportID, reasonID)VALUES(214,1);INSERT INTO report(reportID, reporterID, reportedID)VALUES(214,20,11);INSERT INTO reported_article(reportID, articleID)VALUES(214,9);INSERT INTO reason(reportID, reasonID)VALUES(214,1);INSERT INTO user_report(reportID, reasonID)VALUES(215,3);INSERT INTO report(reportID, reporterID, reportedID)VALUES(215,9,11);INSERT INTO reported_article(reportID, articleID)VALUES(215,9);INSERT INTO reason(reportID, reasonID)VALUES(215,3);INSERT INTO user_report(reportID, reasonID)VALUES(216,4);INSERT INTO report(reportID, reporterID, reportedID)VALUES(216,13,11);INSERT INTO reported_article(reportID, articleID)VALUES(216,9);INSERT INTO reason(reportID, reasonID)VALUES(216,4);INSERT INTO user_report(reportID, reasonID)VALUES(217,1);INSERT INTO report(reportID, reporterID, reportedID)VALUES(217,2,11);INSERT INTO reported_article(reportID, articleID)VALUES(217,9);INSERT INTO reason(reportID, reasonID)VALUES(217,1);INSERT INTO user_report(reportID, reasonID)VALUES(218,1);INSERT INTO report(reportID, reporterID, reportedID)VALUES(218,18,11);INSERT INTO reported_article(reportID, articleID)VALUES(218,9);INSERT INTO reason(reportID, reasonID)VALUES(218,1);INSERT INTO user_report(reportID, reasonID)VALUES(219,4);INSERT INTO report(reportID, reporterID, reportedID)VALUES(219,16,11);INSERT INTO reported_article(reportID, articleID)VALUES(219,9);INSERT INTO reason(reportID, reasonID)VALUES(219,4);INSERT INTO user_report(reportID, reasonID)VALUES(220,3);INSERT INTO report(reportID, reporterID, reportedID)VALUES(220,7,11);INSERT INTO reported_article(reportID, articleID)VALUES(220,9);INSERT INTO reason(reportID, reasonID)VALUES(220,3);INSERT INTO user_report(reportID, reasonID)VALUES(221,3);INSERT INTO report(reportID, reporterID, reportedID)VALUES(221,10,11);INSERT INTO reported_article(reportID, articleID)VALUES(221,9);INSERT INTO reason(reportID, reasonID)VALUES(221,3);INSERT INTO user_report(reportID, reasonID)VALUES(222,4);INSERT INTO report(reportID, reporterID, reportedID)VALUES(222,19,11);INSERT INTO reported_article(reportID, articleID)VALUES(222,9);INSERT INTO reason(reportID, reasonID)VALUES(222,4);INSERT INTO user_report(reportID, reasonID)VALUES(223,4);INSERT INTO report(reportID, reporterID, reportedID)VALUES(223,20,11);INSERT INTO reported_article(reportID, articleID)VALUES(223,9);INSERT INTO reason(reportID, reasonID)VALUES(223,4);INSERT INTO user_report(reportID, reasonID)VALUES(224,5);INSERT INTO report(reportID, reporterID, reportedID)VALUES(224,20,11);INSERT INTO reported_article(reportID, articleID)VALUES(224,9);INSERT INTO reason(reportID, reasonID)VALUES(224,5);INSERT INTO user_report(reportID, reasonID)VALUES(225,2);INSERT INTO report(reportID, reporterID, reportedID)VALUES(225,17,11);INSERT INTO reported_article(reportID, articleID)VALUES(225,9);INSERT INTO reason(reportID, reasonID)VALUES(225,2);INSERT INTO user_report(reportID, reasonID)VALUES(226,1);INSERT INTO report(reportID, reporterID, reportedID)VALUES(226,3,11);INSERT INTO reported_article(reportID, articleID)VALUES(226,9);INSERT INTO reason(reportID, reasonID)VALUES(226,1);INSERT INTO user_report(reportID, reasonID)VALUES(227,3);INSERT INTO report(reportID, reporterID, reportedID)VALUES(227,18,11);INSERT INTO reported_article(reportID, articleID)VALUES(227,9);INSERT INTO reason(reportID, reasonID)VALUES(227,3);INSERT INTO user_report(reportID, reasonID)VALUES(228,1);INSERT INTO report(reportID, reporterID, reportedID)VALUES(228,13,11);INSERT INTO reported_article(reportID, articleID)VALUES(228,9);INSERT INTO reason(reportID, reasonID)VALUES(228,1);INSERT INTO user_report(reportID, reasonID)VALUES(229,2);INSERT INTO report(reportID, reporterID, reportedID)VALUES(229,12,11);INSERT INTO reported_article(reportID, articleID)VALUES(229,9);INSERT INTO reason(reportID, reasonID)VALUES(229,2);INSERT INTO user_report(reportID, reasonID)VALUES(230,5);INSERT INTO report(reportID, reporterID, reportedID)VALUES(230,5,11);INSERT INTO reported_article(reportID, articleID)VALUES(230,9);INSERT INTO reason(reportID, reasonID)VALUES(230,5);INSERT INTO user_report(reportID, reasonID)VALUES(231,2);INSERT INTO report(reportID, reporterID, reportedID)VALUES(231,4,11);INSERT INTO reported_article(reportID, articleID)VALUES(231,9);INSERT INTO reason(reportID, reasonID)VALUES(231,2);INSERT INTO user_report(reportID, reasonID)VALUES(232,2);INSERT INTO report(reportID, reporterID, reportedID)VALUES(232,3,11);INSERT INTO reported_article(reportID, articleID)VALUES(232,9);INSERT INTO reason(reportID, reasonID)VALUES(232,2);INSERT INTO user_report(reportID, reasonID)VALUES(233,3);INSERT INTO report(reportID, reporterID, reportedID)VALUES(233,12,11);INSERT INTO reported_article(reportID, articleID)VALUES(233,9);INSERT INTO reason(reportID, reasonID)VALUES(233,3);INSERT INTO user_report(reportID, reasonID)VALUES(234,5);INSERT INTO report(reportID, reporterID, reportedID)VALUES(234,20,11);INSERT INTO reported_article(reportID, articleID)VALUES(234,9);INSERT INTO reason(reportID, reasonID)VALUES(234,5);INSERT INTO user_report(reportID, reasonID)VALUES(235,1);INSERT INTO report(reportID, reporterID, reportedID)VALUES(235,14,11);INSERT INTO reported_article(reportID, articleID)VALUES(235,9);INSERT INTO reason(reportID, reasonID)VALUES(235,1);INSERT INTO user_report(reportID, reasonID)VALUES(236,1);INSERT INTO report(reportID, reporterID, reportedID)VALUES(236,14,11);INSERT INTO reported_article(reportID, articleID)VALUES(236,9);INSERT INTO reason(reportID, reasonID)VALUES(236,1);INSERT INTO user_report(reportID, reasonID)VALUES(237,5);INSERT INTO report(reportID, reporterID, reportedID)VALUES(237,18,11);INSERT INTO reported_article(reportID, articleID)VALUES(237,9);INSERT INTO reason(reportID, reasonID)VALUES(237,5);INSERT INTO user_report(reportID, reasonID)VALUES(238,5);INSERT INTO report(reportID, reporterID, reportedID)VALUES(238,6,11);INSERT INTO reported_article(reportID, articleID)VALUES(238,9);INSERT INTO reason(reportID, reasonID)VALUES(238,5);INSERT INTO user_report(reportID, reasonID)VALUES(239,2);INSERT INTO report(reportID, reporterID, reportedID)VALUES(239,18,11);INSERT INTO reported_article(reportID, articleID)VALUES(239,9);INSERT INTO reason(reportID, reasonID)VALUES(239,2);INSERT INTO user_report(reportID, reasonID)VALUES(240,5);INSERT INTO report(reportID, reporterID, reportedID)VALUES(240,16,11);INSERT INTO reported_article(reportID, articleID)VALUES(240,9);INSERT INTO reason(reportID, reasonID)VALUES(240,5);INSERT INTO user_report(reportID, reasonID)VALUES(241,3);INSERT INTO report(reportID, reporterID, reportedID)VALUES(241,13,11);INSERT INTO reported_article(reportID, articleID)VALUES(241,9);INSERT INTO reason(reportID, reasonID)VALUES(241,3);INSERT INTO user_report(reportID, reasonID)VALUES(242,2);INSERT INTO report(reportID, reporterID, reportedID)VALUES(242,17,11);INSERT INTO reported_article(reportID, articleID)VALUES(242,9);INSERT INTO reason(reportID, reasonID)VALUES(242,2);INSERT INTO user_report(reportID, reasonID)VALUES(243,5);INSERT INTO report(reportID, reporterID, reportedID)VALUES(243,8,11);INSERT INTO reported_article(reportID, articleID)VALUES(243,9);INSERT INTO reason(reportID, reasonID)VALUES(243,5);INSERT INTO user_report(reportID, reasonID)VALUES(244,3);INSERT INTO report(reportID, reporterID, reportedID)VALUES(244,1,11);INSERT INTO reported_article(reportID, articleID)VALUES(244,9);INSERT INTO reason(reportID, reasonID)VALUES(244,3);INSERT INTO user_report(reportID, reasonID)VALUES(245,1);INSERT INTO report(reportID, reporterID, reportedID)VALUES(245,19,11);INSERT INTO reported_article(reportID, articleID)VALUES(245,9);INSERT INTO reason(reportID, reasonID)VALUES(245,1);INSERT INTO user_report(reportID, reasonID)VALUES(246,1);INSERT INTO report(reportID, reporterID, reportedID)VALUES(246,18,11);INSERT INTO reported_article(reportID, articleID)VALUES(246,9);INSERT INTO reason(reportID, reasonID)VALUES(246,1);INSERT INTO user_report(reportID, reasonID)VALUES(247,2);INSERT INTO report(reportID, reporterID, reportedID)VALUES(247,7,11);INSERT INTO reported_article(reportID, articleID)VALUES(247,9);INSERT INTO reason(reportID, reasonID)VALUES(247,2);INSERT INTO user_report(reportID, reasonID)VALUES(248,5);INSERT INTO report(reportID, reporterID, reportedID)VALUES(248,6,11);INSERT INTO reported_article(reportID, articleID)VALUES(248,9);INSERT INTO reason(reportID, reasonID)VALUES(248,5);INSERT INTO user_report(reportID, reasonID)VALUES(249,1);INSERT INTO report(reportID, reporterID, reportedID)VALUES(249,13,11);INSERT INTO reported_article(reportID, articleID)VALUES(249,9);INSERT INTO reason(reportID, reasonID)VALUES(249,1);INSERT INTO user_report(reportID, reasonID)VALUES(250,2);INSERT INTO report(reportID, reporterID, reportedID)VALUES(250,16,11);INSERT INTO reported_article(reportID, articleID)VALUES(250,9);INSERT INTO reason(reportID, reasonID)VALUES(250,2);INSERT INTO user_report(reportID, reasonID)VALUES(251,3);INSERT INTO report(reportID, reporterID, reportedID)VALUES(251,10,10);INSERT INTO reported_article(reportID, articleID)VALUES(251,16);INSERT INTO reason(reportID, reasonID)VALUES(251,3);INSERT INTO user_report(reportID, reasonID)VALUES(252,1);INSERT INTO report(reportID, reporterID, reportedID)VALUES(252,6,10);INSERT INTO reported_article(reportID, articleID)VALUES(252,16);INSERT INTO reason(reportID, reasonID)VALUES(252,1);INSERT INTO user_report(reportID, reasonID)VALUES(253,1);INSERT INTO report(reportID, reporterID, reportedID)VALUES(253,17,10);INSERT INTO reported_article(reportID, articleID)VALUES(253,16);INSERT INTO reason(reportID, reasonID)VALUES(253,1);INSERT INTO user_report(reportID, reasonID)VALUES(254,3);INSERT INTO report(reportID, reporterID, reportedID)VALUES(254,3,10);INSERT INTO reported_article(reportID, articleID)VALUES(254,16);INSERT INTO reason(reportID, reasonID)VALUES(254,3);INSERT INTO user_report(reportID, reasonID)VALUES(255,3);INSERT INTO report(reportID, reporterID, reportedID)VALUES(255,1,10);INSERT INTO reported_article(reportID, articleID)VALUES(255,16);INSERT INTO reason(reportID, reasonID)VALUES(255,3);INSERT INTO user_report(reportID, reasonID)VALUES(256,1);INSERT INTO report(reportID, reporterID, reportedID)VALUES(256,13,10);INSERT INTO reported_article(reportID, articleID)VALUES(256,16);INSERT INTO reason(reportID, reasonID)VALUES(256,1);INSERT INTO user_report(reportID, reasonID)VALUES(257,2);INSERT INTO report(reportID, reporterID, reportedID)VALUES(257,9,10);INSERT INTO reported_article(reportID, articleID)VALUES(257,16);INSERT INTO reason(reportID, reasonID)VALUES(257,2);INSERT INTO user_report(reportID, reasonID)VALUES(258,1);INSERT INTO report(reportID, reporterID, reportedID)VALUES(258,19,10);INSERT INTO reported_article(reportID, articleID)VALUES(258,16);INSERT INTO reason(reportID, reasonID)VALUES(258,1);INSERT INTO user_report(reportID, reasonID)VALUES(259,3);INSERT INTO report(reportID, reporterID, reportedID)VALUES(259,18,10);INSERT INTO reported_article(reportID, articleID)VALUES(259,16);INSERT INTO reason(reportID, reasonID)VALUES(259,3);INSERT INTO user_report(reportID, reasonID)VALUES(260,4);INSERT INTO report(reportID, reporterID, reportedID)VALUES(260,20,10);INSERT INTO reported_article(reportID, articleID)VALUES(260,16);INSERT INTO reason(reportID, reasonID)VALUES(260,4);INSERT INTO user_report(reportID, reasonID)VALUES(261,2);INSERT INTO report(reportID, reporterID, reportedID)VALUES(261,4,10);INSERT INTO reported_article(reportID, articleID)VALUES(261,16);INSERT INTO reason(reportID, reasonID)VALUES(261,2);INSERT INTO user_report(reportID, reasonID)VALUES(262,5);INSERT INTO report(reportID, reporterID, reportedID)VALUES(262,19,10);INSERT INTO reported_article(reportID, articleID)VALUES(262,16);INSERT INTO reason(reportID, reasonID)VALUES(262,5);INSERT INTO user_report(reportID, reasonID)VALUES(263,4);INSERT INTO report(reportID, reporterID, reportedID)VALUES(263,14,10);INSERT INTO reported_article(reportID, articleID)VALUES(263,16);INSERT INTO reason(reportID, reasonID)VALUES(263,4);INSERT INTO user_report(reportID, reasonID)VALUES(264,5);INSERT INTO report(reportID, reporterID, reportedID)VALUES(264,3,10);INSERT INTO reported_article(reportID, articleID)VALUES(264,16);INSERT INTO reason(reportID, reasonID)VALUES(264,5);INSERT INTO user_report(reportID, reasonID)VALUES(265,2);INSERT INTO report(reportID, reporterID, reportedID)VALUES(265,17,10);INSERT INTO reported_article(reportID, articleID)VALUES(265,16);INSERT INTO reason(reportID, reasonID)VALUES(265,2);INSERT INTO user_report(reportID, reasonID)VALUES(266,5);INSERT INTO report(reportID, reporterID, reportedID)VALUES(266,19,10);INSERT INTO reported_article(reportID, articleID)VALUES(266,16);INSERT INTO reason(reportID, reasonID)VALUES(266,5);INSERT INTO user_report(reportID, reasonID)VALUES(267,3);INSERT INTO report(reportID, reporterID, reportedID)VALUES(267,15,10);INSERT INTO reported_article(reportID, articleID)VALUES(267,16);INSERT INTO reason(reportID, reasonID)VALUES(267,3);INSERT INTO user_report(reportID, reasonID)VALUES(268,2);INSERT INTO report(reportID, reporterID, reportedID)VALUES(268,8,10);INSERT INTO reported_article(reportID, articleID)VALUES(268,16);INSERT INTO reason(reportID, reasonID)VALUES(268,2);INSERT INTO user_report(reportID, reasonID)VALUES(269,4);INSERT INTO report(reportID, reporterID, reportedID)VALUES(269,6,10);INSERT INTO reported_article(reportID, articleID)VALUES(269,16);INSERT INTO reason(reportID, reasonID)VALUES(269,4);INSERT INTO user_report(reportID, reasonID)VALUES(270,1);INSERT INTO report(reportID, reporterID, reportedID)VALUES(270,4,10);INSERT INTO reported_article(reportID, articleID)VALUES(270,16);INSERT INTO reason(reportID, reasonID)VALUES(270,1);INSERT INTO user_report(reportID, reasonID)VALUES(271,4);INSERT INTO report(reportID, reporterID, reportedID)VALUES(271,8,10);INSERT INTO reported_article(reportID, articleID)VALUES(271,16);INSERT INTO reason(reportID, reasonID)VALUES(271,4);INSERT INTO user_report(reportID, reasonID)VALUES(272,4);INSERT INTO report(reportID, reporterID, reportedID)VALUES(272,19,10);INSERT INTO reported_article(reportID, articleID)VALUES(272,16);INSERT INTO reason(reportID, reasonID)VALUES(272,4);INSERT INTO user_report(reportID, reasonID)VALUES(273,4);INSERT INTO report(reportID, reporterID, reportedID)VALUES(273,19,10);INSERT INTO reported_article(reportID, articleID)VALUES(273,16);INSERT INTO reason(reportID, reasonID)VALUES(273,4);INSERT INTO user_report(reportID, reasonID)VALUES(274,4);INSERT INTO report(reportID, reporterID, reportedID)VALUES(274,8,10);INSERT INTO reported_article(reportID, articleID)VALUES(274,16);INSERT INTO reason(reportID, reasonID)VALUES(274,4);INSERT INTO user_report(reportID, reasonID)VALUES(275,5);INSERT INTO report(reportID, reporterID, reportedID)VALUES(275,10,10);INSERT INTO reported_article(reportID, articleID)VALUES(275,16);INSERT INTO reason(reportID, reasonID)VALUES(275,5);INSERT INTO user_report(reportID, reasonID)VALUES(276,4);INSERT INTO report(reportID, reporterID, reportedID)VALUES(276,2,10);INSERT INTO reported_article(reportID, articleID)VALUES(276,16);INSERT INTO reason(reportID, reasonID)VALUES(276,4);INSERT INTO user_report(reportID, reasonID)VALUES(277,1);INSERT INTO report(reportID, reporterID, reportedID)VALUES(277,15,10);INSERT INTO reported_article(reportID, articleID)VALUES(277,16);INSERT INTO reason(reportID, reasonID)VALUES(277,1);INSERT INTO user_report(reportID, reasonID)VALUES(278,3);INSERT INTO report(reportID, reporterID, reportedID)VALUES(278,18,10);INSERT INTO reported_article(reportID, articleID)VALUES(278,16);INSERT INTO reason(reportID, reasonID)VALUES(278,3);INSERT INTO user_report(reportID, reasonID)VALUES(279,5);INSERT INTO report(reportID, reporterID, reportedID)VALUES(279,15,10);INSERT INTO reported_article(reportID, articleID)VALUES(279,16);INSERT INTO reason(reportID, reasonID)VALUES(279,5);INSERT INTO user_report(reportID, reasonID)VALUES(280,5);INSERT INTO report(reportID, reporterID, reportedID)VALUES(280,17,10);INSERT INTO reported_article(reportID, articleID)VALUES(280,16);INSERT INTO reason(reportID, reasonID)VALUES(280,5);INSERT INTO user_report(reportID, reasonID)VALUES(281,5);INSERT INTO report(reportID, reporterID, reportedID)VALUES(281,17,10);INSERT INTO reported_article(reportID, articleID)VALUES(281,16);INSERT INTO reason(reportID, reasonID)VALUES(281,5);INSERT INTO user_report(reportID, reasonID)VALUES(282,4);INSERT INTO report(reportID, reporterID, reportedID)VALUES(282,17,10);INSERT INTO reported_article(reportID, articleID)VALUES(282,16);INSERT INTO reason(reportID, reasonID)VALUES(282,4);INSERT INTO user_report(reportID, reasonID)VALUES(283,5);INSERT INTO report(reportID, reporterID, reportedID)VALUES(283,20,10);INSERT INTO reported_article(reportID, articleID)VALUES(283,16);INSERT INTO reason(reportID, reasonID)VALUES(283,5);INSERT INTO user_report(reportID, reasonID)VALUES(284,5);INSERT INTO report(reportID, reporterID, reportedID)VALUES(284,4,10);INSERT INTO reported_article(reportID, articleID)VALUES(284,16);INSERT INTO reason(reportID, reasonID)VALUES(284,5);INSERT INTO user_report(reportID, reasonID)VALUES(285,1);INSERT INTO report(reportID, reporterID, reportedID)VALUES(285,4,10);INSERT INTO reported_article(reportID, articleID)VALUES(285,16);INSERT INTO reason(reportID, reasonID)VALUES(285,1);INSERT INTO user_report(reportID, reasonID)VALUES(286,5);INSERT INTO report(reportID, reporterID, reportedID)VALUES(286,2,10);INSERT INTO reported_article(reportID, articleID)VALUES(286,16);INSERT INTO reason(reportID, reasonID)VALUES(286,5);INSERT INTO user_report(reportID, reasonID)VALUES(287,4);INSERT INTO report(reportID, reporterID, reportedID)VALUES(287,19,10);INSERT INTO reported_article(reportID, articleID)VALUES(287,16);INSERT INTO reason(reportID, reasonID)VALUES(287,4);INSERT INTO user_report(reportID, reasonID)VALUES(288,1);INSERT INTO report(reportID, reporterID, reportedID)VALUES(288,8,10);INSERT INTO reported_article(reportID, articleID)VALUES(288,16);INSERT INTO reason(reportID, reasonID)VALUES(288,1);INSERT INTO user_report(reportID, reasonID)VALUES(289,2);INSERT INTO report(reportID, reporterID, reportedID)VALUES(289,5,10);INSERT INTO reported_article(reportID, articleID)VALUES(289,16);INSERT INTO reason(reportID, reasonID)VALUES(289,2);INSERT INTO user_report(reportID, reasonID)VALUES(290,3);INSERT INTO report(reportID, reporterID, reportedID)VALUES(290,9,10);INSERT INTO reported_article(reportID, articleID)VALUES(290,16);INSERT INTO reason(reportID, reasonID)VALUES(290,3);INSERT INTO user_report(reportID, reasonID)VALUES(291,3);INSERT INTO report(reportID, reporterID, reportedID)VALUES(291,18,10);INSERT INTO reported_article(reportID, articleID)VALUES(291,16);INSERT INTO reason(reportID, reasonID)VALUES(291,3);INSERT INTO user_report(reportID, reasonID)VALUES(292,4);INSERT INTO report(reportID, reporterID, reportedID)VALUES(292,3,10);INSERT INTO reported_article(reportID, articleID)VALUES(292,16);INSERT INTO reason(reportID, reasonID)VALUES(292,4);INSERT INTO user_report(reportID, reasonID)VALUES(293,3);INSERT INTO report(reportID, reporterID, reportedID)VALUES(293,16,10);INSERT INTO reported_article(reportID, articleID)VALUES(293,16);INSERT INTO reason(reportID, reasonID)VALUES(293,3);INSERT INTO user_report(reportID, reasonID)VALUES(294,4);INSERT INTO report(reportID, reporterID, reportedID)VALUES(294,10,10);INSERT INTO reported_article(reportID, articleID)VALUES(294,16);INSERT INTO reason(reportID, reasonID)VALUES(294,4);INSERT INTO user_report(reportID, reasonID)VALUES(295,3);INSERT INTO report(reportID, reporterID, reportedID)VALUES(295,9,10);INSERT INTO reported_article(reportID, articleID)VALUES(295,16);INSERT INTO reason(reportID, reasonID)VALUES(295,3);INSERT INTO user_report(reportID, reasonID)VALUES(296,2);INSERT INTO report(reportID, reporterID, reportedID)VALUES(296,18,10);INSERT INTO reported_article(reportID, articleID)VALUES(296,16);INSERT INTO reason(reportID, reasonID)VALUES(296,2);INSERT INTO user_report(reportID, reasonID)VALUES(297,4);INSERT INTO report(reportID, reporterID, reportedID)VALUES(297,2,10);INSERT INTO reported_article(reportID, articleID)VALUES(297,16);INSERT INTO reason(reportID, reasonID)VALUES(297,4);INSERT INTO user_report(reportID, reasonID)VALUES(298,2);INSERT INTO report(reportID, reporterID, reportedID)VALUES(298,16,10);INSERT INTO reported_article(reportID, articleID)VALUES(298,16);INSERT INTO reason(reportID, reasonID)VALUES(298,2);INSERT INTO user_report(reportID, reasonID)VALUES(299,3);INSERT INTO report(reportID, reporterID, reportedID)VALUES(299,2,10);INSERT INTO reported_article(reportID, articleID)VALUES(299,16);INSERT INTO reason(reportID, reasonID)VALUES(299,3);INSERT INTO user_report(reportID, reasonID)VALUES(300,2);INSERT INTO report(reportID, reporterID, reportedID)VALUES(300,20,10);INSERT INTO reported_article(reportID, articleID)VALUES(300,16);INSERT INTO reason(reportID, reasonID)VALUES(300,2);INSERT INTO user_report(reportID, reasonID)VALUES(301,2);INSERT INTO report(reportID, reporterID, reportedID)VALUES(301,13,4);INSERT INTO report_comment(reportID, commentID)VALUES(301,44);INSERT INTO reason(reportID, reasonID)VALUES(301,2);INSERT INTO user_report(reportID, reasonID)VALUES(302,4);INSERT INTO report(reportID, reporterID, reportedID)VALUES(302,6,4);INSERT INTO report_comment(reportID, commentID)VALUES(302,44);INSERT INTO reason(reportID, reasonID)VALUES(302,4);INSERT INTO user_report(reportID, reasonID)VALUES(303,4);INSERT INTO report(reportID, reporterID, reportedID)VALUES(303,15,4);INSERT INTO report_comment(reportID, commentID)VALUES(303,44);INSERT INTO reason(reportID, reasonID)VALUES(303,4);INSERT INTO user_report(reportID, reasonID)VALUES(304,1);INSERT INTO report(reportID, reporterID, reportedID)VALUES(304,9,4);INSERT INTO report_comment(reportID, commentID)VALUES(304,44);INSERT INTO reason(reportID, reasonID)VALUES(304,1);INSERT INTO user_report(reportID, reasonID)VALUES(305,4);INSERT INTO report(reportID, reporterID, reportedID)VALUES(305,3,4);INSERT INTO report_comment(reportID, commentID)VALUES(305,44);INSERT INTO reason(reportID, reasonID)VALUES(305,4);INSERT INTO user_report(reportID, reasonID)VALUES(306,5);INSERT INTO report(reportID, reporterID, reportedID)VALUES(306,13,4);INSERT INTO report_comment(reportID, commentID)VALUES(306,44);INSERT INTO reason(reportID, reasonID)VALUES(306,5);INSERT INTO user_report(reportID, reasonID)VALUES(307,4);INSERT INTO report(reportID, reporterID, reportedID)VALUES(307,12,4);INSERT INTO report_comment(reportID, commentID)VALUES(307,44);INSERT INTO reason(reportID, reasonID)VALUES(307,4);INSERT INTO user_report(reportID, reasonID)VALUES(308,1);INSERT INTO report(reportID, reporterID, reportedID)VALUES(308,17,4);INSERT INTO report_comment(reportID, commentID)VALUES(308,44);INSERT INTO reason(reportID, reasonID)VALUES(308,1);INSERT INTO user_report(reportID, reasonID)VALUES(309,4);INSERT INTO report(reportID, reporterID, reportedID)VALUES(309,9,4);INSERT INTO report_comment(reportID, commentID)VALUES(309,44);INSERT INTO reason(reportID, reasonID)VALUES(309,4);INSERT INTO user_report(reportID, reasonID)VALUES(310,1);INSERT INTO report(reportID, reporterID, reportedID)VALUES(310,13,4);INSERT INTO report_comment(reportID, commentID)VALUES(310,44);INSERT INTO reason(reportID, reasonID)VALUES(310,1);INSERT INTO user_report(reportID, reasonID)VALUES(311,1);INSERT INTO report(reportID, reporterID, reportedID)VALUES(311,15,4);INSERT INTO report_comment(reportID, commentID)VALUES(311,44);INSERT INTO reason(reportID, reasonID)VALUES(311,1);INSERT INTO user_report(reportID, reasonID)VALUES(312,1);INSERT INTO report(reportID, reporterID, reportedID)VALUES(312,7,4);INSERT INTO report_comment(reportID, commentID)VALUES(312,44);INSERT INTO reason(reportID, reasonID)VALUES(312,1);INSERT INTO user_report(reportID, reasonID)VALUES(313,4);INSERT INTO report(reportID, reporterID, reportedID)VALUES(313,11,4);INSERT INTO report_comment(reportID, commentID)VALUES(313,44);INSERT INTO reason(reportID, reasonID)VALUES(313,4);INSERT INTO user_report(reportID, reasonID)VALUES(314,4);INSERT INTO report(reportID, reporterID, reportedID)VALUES(314,13,4);INSERT INTO report_comment(reportID, commentID)VALUES(314,44);INSERT INTO reason(reportID, reasonID)VALUES(314,4);INSERT INTO user_report(reportID, reasonID)VALUES(315,5);INSERT INTO report(reportID, reporterID, reportedID)VALUES(315,16,4);INSERT INTO report_comment(reportID, commentID)VALUES(315,44);INSERT INTO reason(reportID, reasonID)VALUES(315,5);INSERT INTO user_report(reportID, reasonID)VALUES(316,2);INSERT INTO report(reportID, reporterID, reportedID)VALUES(316,13,4);INSERT INTO report_comment(reportID, commentID)VALUES(316,44);INSERT INTO reason(reportID, reasonID)VALUES(316,2);INSERT INTO user_report(reportID, reasonID)VALUES(317,5);INSERT INTO report(reportID, reporterID, reportedID)VALUES(317,3,4);INSERT INTO report_comment(reportID, commentID)VALUES(317,44);INSERT INTO reason(reportID, reasonID)VALUES(317,5);INSERT INTO user_report(reportID, reasonID)VALUES(318,2);INSERT INTO report(reportID, reporterID, reportedID)VALUES(318,17,4);INSERT INTO report_comment(reportID, commentID)VALUES(318,44);INSERT INTO reason(reportID, reasonID)VALUES(318,2);INSERT INTO user_report(reportID, reasonID)VALUES(319,1);INSERT INTO report(reportID, reporterID, reportedID)VALUES(319,15,4);INSERT INTO report_comment(reportID, commentID)VALUES(319,44);INSERT INTO reason(reportID, reasonID)VALUES(319,1);INSERT INTO user_report(reportID, reasonID)VALUES(320,1);INSERT INTO report(reportID, reporterID, reportedID)VALUES(320,11,4);INSERT INTO report_comment(reportID, commentID)VALUES(320,44);INSERT INTO reason(reportID, reasonID)VALUES(320,1);INSERT INTO user_report(reportID, reasonID)VALUES(321,4);INSERT INTO report(reportID, reporterID, reportedID)VALUES(321,20,4);INSERT INTO report_comment(reportID, commentID)VALUES(321,44);INSERT INTO reason(reportID, reasonID)VALUES(321,4);INSERT INTO user_report(reportID, reasonID)VALUES(322,3);INSERT INTO report(reportID, reporterID, reportedID)VALUES(322,3,4);INSERT INTO report_comment(reportID, commentID)VALUES(322,44);INSERT INTO reason(reportID, reasonID)VALUES(322,3);INSERT INTO user_report(reportID, reasonID)VALUES(323,4);INSERT INTO report(reportID, reporterID, reportedID)VALUES(323,7,4);INSERT INTO report_comment(reportID, commentID)VALUES(323,44);INSERT INTO reason(reportID, reasonID)VALUES(323,4);INSERT INTO user_report(reportID, reasonID)VALUES(324,2);INSERT INTO report(reportID, reporterID, reportedID)VALUES(324,3,4);INSERT INTO report_comment(reportID, commentID)VALUES(324,44);INSERT INTO reason(reportID, reasonID)VALUES(324,2);INSERT INTO user_report(reportID, reasonID)VALUES(325,5);INSERT INTO report(reportID, reporterID, reportedID)VALUES(325,1,4);INSERT INTO report_comment(reportID, commentID)VALUES(325,44);INSERT INTO reason(reportID, reasonID)VALUES(325,5);INSERT INTO user_report(reportID, reasonID)VALUES(326,5);INSERT INTO report(reportID, reporterID, reportedID)VALUES(326,19,4);INSERT INTO report_comment(reportID, commentID)VALUES(326,44);INSERT INTO reason(reportID, reasonID)VALUES(326,5);INSERT INTO user_report(reportID, reasonID)VALUES(327,2);INSERT INTO report(reportID, reporterID, reportedID)VALUES(327,2,4);INSERT INTO report_comment(reportID, commentID)VALUES(327,44);INSERT INTO reason(reportID, reasonID)VALUES(327,2);INSERT INTO user_report(reportID, reasonID)VALUES(328,5);INSERT INTO report(reportID, reporterID, reportedID)VALUES(328,6,4);INSERT INTO report_comment(reportID, commentID)VALUES(328,44);INSERT INTO reason(reportID, reasonID)VALUES(328,5);INSERT INTO user_report(reportID, reasonID)VALUES(329,2);INSERT INTO report(reportID, reporterID, reportedID)VALUES(329,16,4);INSERT INTO report_comment(reportID, commentID)VALUES(329,44);INSERT INTO reason(reportID, reasonID)VALUES(329,2);INSERT INTO user_report(reportID, reasonID)VALUES(330,2);INSERT INTO report(reportID, reporterID, reportedID)VALUES(330,1,4);INSERT INTO report_comment(reportID, commentID)VALUES(330,44);INSERT INTO reason(reportID, reasonID)VALUES(330,2);INSERT INTO user_report(reportID, reasonID)VALUES(331,1);INSERT INTO report(reportID, reporterID, reportedID)VALUES(331,9,4);INSERT INTO report_comment(reportID, commentID)VALUES(331,44);INSERT INTO reason(reportID, reasonID)VALUES(331,1);INSERT INTO user_report(reportID, reasonID)VALUES(332,2);INSERT INTO report(reportID, reporterID, reportedID)VALUES(332,17,4);INSERT INTO report_comment(reportID, commentID)VALUES(332,44);INSERT INTO reason(reportID, reasonID)VALUES(332,2);INSERT INTO user_report(reportID, reasonID)VALUES(333,5);INSERT INTO report(reportID, reporterID, reportedID)VALUES(333,19,4);INSERT INTO report_comment(reportID, commentID)VALUES(333,44);INSERT INTO reason(reportID, reasonID)VALUES(333,5);INSERT INTO user_report(reportID, reasonID)VALUES(334,5);INSERT INTO report(reportID, reporterID, reportedID)VALUES(334,5,4);INSERT INTO report_comment(reportID, commentID)VALUES(334,44);INSERT INTO reason(reportID, reasonID)VALUES(334,5);INSERT INTO user_report(reportID, reasonID)VALUES(335,2);INSERT INTO report(reportID, reporterID, reportedID)VALUES(335,1,4);INSERT INTO report_comment(reportID, commentID)VALUES(335,44);INSERT INTO reason(reportID, reasonID)VALUES(335,2);INSERT INTO user_report(reportID, reasonID)VALUES(336,3);INSERT INTO report(reportID, reporterID, reportedID)VALUES(336,14,4);INSERT INTO report_comment(reportID, commentID)VALUES(336,44);INSERT INTO reason(reportID, reasonID)VALUES(336,3);INSERT INTO user_report(reportID, reasonID)VALUES(337,1);INSERT INTO report(reportID, reporterID, reportedID)VALUES(337,18,4);INSERT INTO report_comment(reportID, commentID)VALUES(337,44);INSERT INTO reason(reportID, reasonID)VALUES(337,1);INSERT INTO user_report(reportID, reasonID)VALUES(338,1);INSERT INTO report(reportID, reporterID, reportedID)VALUES(338,13,4);INSERT INTO report_comment(reportID, commentID)VALUES(338,44);INSERT INTO reason(reportID, reasonID)VALUES(338,1);INSERT INTO user_report(reportID, reasonID)VALUES(339,3);INSERT INTO report(reportID, reporterID, reportedID)VALUES(339,1,4);INSERT INTO report_comment(reportID, commentID)VALUES(339,44);INSERT INTO reason(reportID, reasonID)VALUES(339,3);INSERT INTO user_report(reportID, reasonID)VALUES(340,5);INSERT INTO report(reportID, reporterID, reportedID)VALUES(340,17,4);INSERT INTO report_comment(reportID, commentID)VALUES(340,44);INSERT INTO reason(reportID, reasonID)VALUES(340,5);INSERT INTO user_report(reportID, reasonID)VALUES(341,1);INSERT INTO report(reportID, reporterID, reportedID)VALUES(341,12,4);INSERT INTO report_comment(reportID, commentID)VALUES(341,44);INSERT INTO reason(reportID, reasonID)VALUES(341,1);INSERT INTO user_report(reportID, reasonID)VALUES(342,2);INSERT INTO report(reportID, reporterID, reportedID)VALUES(342,7,4);INSERT INTO report_comment(reportID, commentID)VALUES(342,44);INSERT INTO reason(reportID, reasonID)VALUES(342,2);INSERT INTO user_report(reportID, reasonID)VALUES(343,4);INSERT INTO report(reportID, reporterID, reportedID)VALUES(343,12,4);INSERT INTO report_comment(reportID, commentID)VALUES(343,44);INSERT INTO reason(reportID, reasonID)VALUES(343,4);INSERT INTO user_report(reportID, reasonID)VALUES(344,3);INSERT INTO report(reportID, reporterID, reportedID)VALUES(344,4,4);INSERT INTO report_comment(reportID, commentID)VALUES(344,44);INSERT INTO reason(reportID, reasonID)VALUES(344,3);INSERT INTO user_report(reportID, reasonID)VALUES(345,2);INSERT INTO report(reportID, reporterID, reportedID)VALUES(345,7,4);INSERT INTO report_comment(reportID, commentID)VALUES(345,44);INSERT INTO reason(reportID, reasonID)VALUES(345,2);INSERT INTO user_report(reportID, reasonID)VALUES(346,1);INSERT INTO report(reportID, reporterID, reportedID)VALUES(346,19,4);INSERT INTO report_comment(reportID, commentID)VALUES(346,44);INSERT INTO reason(reportID, reasonID)VALUES(346,1);INSERT INTO user_report(reportID, reasonID)VALUES(347,3);INSERT INTO report(reportID, reporterID, reportedID)VALUES(347,11,4);INSERT INTO report_comment(reportID, commentID)VALUES(347,44);INSERT INTO reason(reportID, reasonID)VALUES(347,3);INSERT INTO user_report(reportID, reasonID)VALUES(348,3);INSERT INTO report(reportID, reporterID, reportedID)VALUES(348,9,4);INSERT INTO report_comment(reportID, commentID)VALUES(348,44);INSERT INTO reason(reportID, reasonID)VALUES(348,3);INSERT INTO user_report(reportID, reasonID)VALUES(349,4);INSERT INTO report(reportID, reporterID, reportedID)VALUES(349,19,4);INSERT INTO report_comment(reportID, commentID)VALUES(349,44);INSERT INTO reason(reportID, reasonID)VALUES(349,4);INSERT INTO user_report(reportID, reasonID)VALUES(350,4);INSERT INTO report(reportID, reporterID, reportedID)VALUES(350,16,4);INSERT INTO report_comment(reportID, commentID)VALUES(350,44);INSERT INTO reason(reportID, reasonID)VALUES(350,4);INSERT INTO user_report(reportID, reasonID)VALUES(351,5);INSERT INTO report(reportID, reporterID, reportedID)VALUES(351,14,10);INSERT INTO reported_article(reportID, articleID)VALUES(351,61);INSERT INTO reason(reportID, reasonID)VALUES(351,5);INSERT INTO user_report(reportID, reasonID)VALUES(352,5);INSERT INTO report(reportID, reporterID, reportedID)VALUES(352,13,10);INSERT INTO reported_article(reportID, articleID)VALUES(352,61);INSERT INTO reason(reportID, reasonID)VALUES(352,5);INSERT INTO user_report(reportID, reasonID)VALUES(353,2);INSERT INTO report(reportID, reporterID, reportedID)VALUES(353,14,10);INSERT INTO reported_article(reportID, articleID)VALUES(353,61);INSERT INTO reason(reportID, reasonID)VALUES(353,2);INSERT INTO user_report(reportID, reasonID)VALUES(354,5);INSERT INTO report(reportID, reporterID, reportedID)VALUES(354,6,10);INSERT INTO reported_article(reportID, articleID)VALUES(354,61);INSERT INTO reason(reportID, reasonID)VALUES(354,5);INSERT INTO user_report(reportID, reasonID)VALUES(355,2);INSERT INTO report(reportID, reporterID, reportedID)VALUES(355,9,10);INSERT INTO reported_article(reportID, articleID)VALUES(355,61);INSERT INTO reason(reportID, reasonID)VALUES(355,2);INSERT INTO user_report(reportID, reasonID)VALUES(356,2);INSERT INTO report(reportID, reporterID, reportedID)VALUES(356,18,10);INSERT INTO reported_article(reportID, articleID)VALUES(356,61);INSERT INTO reason(reportID, reasonID)VALUES(356,2);INSERT INTO user_report(reportID, reasonID)VALUES(357,2);INSERT INTO report(reportID, reporterID, reportedID)VALUES(357,14,10);INSERT INTO reported_article(reportID, articleID)VALUES(357,61);INSERT INTO reason(reportID, reasonID)VALUES(357,2);INSERT INTO user_report(reportID, reasonID)VALUES(358,3);INSERT INTO report(reportID, reporterID, reportedID)VALUES(358,11,10);INSERT INTO reported_article(reportID, articleID)VALUES(358,61);INSERT INTO reason(reportID, reasonID)VALUES(358,3);INSERT INTO user_report(reportID, reasonID)VALUES(359,2);INSERT INTO report(reportID, reporterID, reportedID)VALUES(359,18,10);INSERT INTO reported_article(reportID, articleID)VALUES(359,61);INSERT INTO reason(reportID, reasonID)VALUES(359,2);INSERT INTO user_report(reportID, reasonID)VALUES(360,3);INSERT INTO report(reportID, reporterID, reportedID)VALUES(360,18,10);INSERT INTO reported_article(reportID, articleID)VALUES(360,61);INSERT INTO reason(reportID, reasonID)VALUES(360,3);INSERT INTO user_report(reportID, reasonID)VALUES(361,3);INSERT INTO report(reportID, reporterID, reportedID)VALUES(361,15,10);INSERT INTO reported_article(reportID, articleID)VALUES(361,61);INSERT INTO reason(reportID, reasonID)VALUES(361,3);INSERT INTO user_report(reportID, reasonID)VALUES(362,1);INSERT INTO report(reportID, reporterID, reportedID)VALUES(362,13,10);INSERT INTO reported_article(reportID, articleID)VALUES(362,61);INSERT INTO reason(reportID, reasonID)VALUES(362,1);INSERT INTO user_report(reportID, reasonID)VALUES(363,5);INSERT INTO report(reportID, reporterID, reportedID)VALUES(363,12,10);INSERT INTO reported_article(reportID, articleID)VALUES(363,61);INSERT INTO reason(reportID, reasonID)VALUES(363,5);INSERT INTO user_report(reportID, reasonID)VALUES(364,3);INSERT INTO report(reportID, reporterID, reportedID)VALUES(364,2,10);INSERT INTO reported_article(reportID, articleID)VALUES(364,61);INSERT INTO reason(reportID, reasonID)VALUES(364,3);INSERT INTO user_report(reportID, reasonID)VALUES(365,1);INSERT INTO report(reportID, reporterID, reportedID)VALUES(365,16,10);INSERT INTO reported_article(reportID, articleID)VALUES(365,61);INSERT INTO reason(reportID, reasonID)VALUES(365,1);INSERT INTO user_report(reportID, reasonID)VALUES(366,3);INSERT INTO report(reportID, reporterID, reportedID)VALUES(366,9,10);INSERT INTO reported_article(reportID, articleID)VALUES(366,61);INSERT INTO reason(reportID, reasonID)VALUES(366,3);INSERT INTO user_report(reportID, reasonID)VALUES(367,3);INSERT INTO report(reportID, reporterID, reportedID)VALUES(367,14,10);INSERT INTO reported_article(reportID, articleID)VALUES(367,61);INSERT INTO reason(reportID, reasonID)VALUES(367,3);INSERT INTO user_report(reportID, reasonID)VALUES(368,5);INSERT INTO report(reportID, reporterID, reportedID)VALUES(368,11,10);INSERT INTO reported_article(reportID, articleID)VALUES(368,61);INSERT INTO reason(reportID, reasonID)VALUES(368,5);INSERT INTO user_report(reportID, reasonID)VALUES(369,1);INSERT INTO report(reportID, reporterID, reportedID)VALUES(369,6,10);INSERT INTO reported_article(reportID, articleID)VALUES(369,61);INSERT INTO reason(reportID, reasonID)VALUES(369,1);INSERT INTO user_report(reportID, reasonID)VALUES(370,2);INSERT INTO report(reportID, reporterID, reportedID)VALUES(370,15,10);INSERT INTO reported_article(reportID, articleID)VALUES(370,61);INSERT INTO reason(reportID, reasonID)VALUES(370,2);INSERT INTO user_report(reportID, reasonID)VALUES(371,3);INSERT INTO report(reportID, reporterID, reportedID)VALUES(371,11,10);INSERT INTO reported_article(reportID, articleID)VALUES(371,61);INSERT INTO reason(reportID, reasonID)VALUES(371,3);INSERT INTO user_report(reportID, reasonID)VALUES(372,4);INSERT INTO report(reportID, reporterID, reportedID)VALUES(372,11,10);INSERT INTO reported_article(reportID, articleID)VALUES(372,61);INSERT INTO reason(reportID, reasonID)VALUES(372,4);INSERT INTO user_report(reportID, reasonID)VALUES(373,5);INSERT INTO report(reportID, reporterID, reportedID)VALUES(373,6,10);INSERT INTO reported_article(reportID, articleID)VALUES(373,61);INSERT INTO reason(reportID, reasonID)VALUES(373,5);INSERT INTO user_report(reportID, reasonID)VALUES(374,1);INSERT INTO report(reportID, reporterID, reportedID)VALUES(374,7,10);INSERT INTO reported_article(reportID, articleID)VALUES(374,61);INSERT INTO reason(reportID, reasonID)VALUES(374,1);INSERT INTO user_report(reportID, reasonID)VALUES(375,1);INSERT INTO report(reportID, reporterID, reportedID)VALUES(375,6,10);INSERT INTO reported_article(reportID, articleID)VALUES(375,61);INSERT INTO reason(reportID, reasonID)VALUES(375,1);INSERT INTO user_report(reportID, reasonID)VALUES(376,5);INSERT INTO report(reportID, reporterID, reportedID)VALUES(376,13,10);INSERT INTO reported_article(reportID, articleID)VALUES(376,61);INSERT INTO reason(reportID, reasonID)VALUES(376,5);INSERT INTO user_report(reportID, reasonID)VALUES(377,5);INSERT INTO report(reportID, reporterID, reportedID)VALUES(377,6,10);INSERT INTO reported_article(reportID, articleID)VALUES(377,61);INSERT INTO reason(reportID, reasonID)VALUES(377,5);INSERT INTO user_report(reportID, reasonID)VALUES(378,2);INSERT INTO report(reportID, reporterID, reportedID)VALUES(378,16,10);INSERT INTO reported_article(reportID, articleID)VALUES(378,61);INSERT INTO reason(reportID, reasonID)VALUES(378,2);INSERT INTO user_report(reportID, reasonID)VALUES(379,4);INSERT INTO report(reportID, reporterID, reportedID)VALUES(379,16,10);INSERT INTO reported_article(reportID, articleID)VALUES(379,61);INSERT INTO reason(reportID, reasonID)VALUES(379,4);INSERT INTO user_report(reportID, reasonID)VALUES(380,2);INSERT INTO report(reportID, reporterID, reportedID)VALUES(380,12,10);INSERT INTO reported_article(reportID, articleID)VALUES(380,61);INSERT INTO reason(reportID, reasonID)VALUES(380,2);INSERT INTO user_report(reportID, reasonID)VALUES(381,3);INSERT INTO report(reportID, reporterID, reportedID)VALUES(381,7,10);INSERT INTO reported_article(reportID, articleID)VALUES(381,61);INSERT INTO reason(reportID, reasonID)VALUES(381,3);INSERT INTO user_report(reportID, reasonID)VALUES(382,4);INSERT INTO report(reportID, reporterID, reportedID)VALUES(382,14,10);INSERT INTO reported_article(reportID, articleID)VALUES(382,61);INSERT INTO reason(reportID, reasonID)VALUES(382,4);INSERT INTO user_report(reportID, reasonID)VALUES(383,5);INSERT INTO report(reportID, reporterID, reportedID)VALUES(383,16,10);INSERT INTO reported_article(reportID, articleID)VALUES(383,61);INSERT INTO reason(reportID, reasonID)VALUES(383,5);INSERT INTO user_report(reportID, reasonID)VALUES(384,2);INSERT INTO report(reportID, reporterID, reportedID)VALUES(384,20,10);INSERT INTO reported_article(reportID, articleID)VALUES(384,61);INSERT INTO reason(reportID, reasonID)VALUES(384,2);INSERT INTO user_report(reportID, reasonID)VALUES(385,1);INSERT INTO report(reportID, reporterID, reportedID)VALUES(385,11,10);INSERT INTO reported_article(reportID, articleID)VALUES(385,61);INSERT INTO reason(reportID, reasonID)VALUES(385,1);INSERT INTO user_report(reportID, reasonID)VALUES(386,5);INSERT INTO report(reportID, reporterID, reportedID)VALUES(386,5,10);INSERT INTO reported_article(reportID, articleID)VALUES(386,61);INSERT INTO reason(reportID, reasonID)VALUES(386,5);INSERT INTO user_report(reportID, reasonID)VALUES(387,3);INSERT INTO report(reportID, reporterID, reportedID)VALUES(387,11,10);INSERT INTO reported_article(reportID, articleID)VALUES(387,61);INSERT INTO reason(reportID, reasonID)VALUES(387,3);INSERT INTO user_report(reportID, reasonID)VALUES(388,1);INSERT INTO report(reportID, reporterID, reportedID)VALUES(388,12,10);INSERT INTO reported_article(reportID, articleID)VALUES(388,61);INSERT INTO reason(reportID, reasonID)VALUES(388,1);INSERT INTO user_report(reportID, reasonID)VALUES(389,1);INSERT INTO report(reportID, reporterID, reportedID)VALUES(389,18,10);INSERT INTO reported_article(reportID, articleID)VALUES(389,61);INSERT INTO reason(reportID, reasonID)VALUES(389,1);INSERT INTO user_report(reportID, reasonID)VALUES(390,4);INSERT INTO report(reportID, reporterID, reportedID)VALUES(390,11,10);INSERT INTO reported_article(reportID, articleID)VALUES(390,61);INSERT INTO reason(reportID, reasonID)VALUES(390,4);INSERT INTO user_report(reportID, reasonID)VALUES(391,1);INSERT INTO report(reportID, reporterID, reportedID)VALUES(391,13,10);INSERT INTO reported_article(reportID, articleID)VALUES(391,61);INSERT INTO reason(reportID, reasonID)VALUES(391,1);INSERT INTO user_report(reportID, reasonID)VALUES(392,4);INSERT INTO report(reportID, reporterID, reportedID)VALUES(392,18,10);INSERT INTO reported_article(reportID, articleID)VALUES(392,61);INSERT INTO reason(reportID, reasonID)VALUES(392,4);INSERT INTO user_report(reportID, reasonID)VALUES(393,3);INSERT INTO report(reportID, reporterID, reportedID)VALUES(393,2,10);INSERT INTO reported_article(reportID, articleID)VALUES(393,61);INSERT INTO reason(reportID, reasonID)VALUES(393,3);INSERT INTO user_report(reportID, reasonID)VALUES(394,3);INSERT INTO report(reportID, reporterID, reportedID)VALUES(394,7,10);INSERT INTO reported_article(reportID, articleID)VALUES(394,61);INSERT INTO reason(reportID, reasonID)VALUES(394,3);INSERT INTO user_report(reportID, reasonID)VALUES(395,5);INSERT INTO report(reportID, reporterID, reportedID)VALUES(395,9,10);INSERT INTO reported_article(reportID, articleID)VALUES(395,61);INSERT INTO reason(reportID, reasonID)VALUES(395,5);INSERT INTO user_report(reportID, reasonID)VALUES(396,1);INSERT INTO report(reportID, reporterID, reportedID)VALUES(396,8,10);INSERT INTO reported_article(reportID, articleID)VALUES(396,61);INSERT INTO reason(reportID, reasonID)VALUES(396,1);INSERT INTO user_report(reportID, reasonID)VALUES(397,5);INSERT INTO report(reportID, reporterID, reportedID)VALUES(397,12,10);INSERT INTO reported_article(reportID, articleID)VALUES(397,61);INSERT INTO reason(reportID, reasonID)VALUES(397,5);INSERT INTO user_report(reportID, reasonID)VALUES(398,3);INSERT INTO report(reportID, reporterID, reportedID)VALUES(398,6,10);INSERT INTO reported_article(reportID, articleID)VALUES(398,61);INSERT INTO reason(reportID, reasonID)VALUES(398,3);INSERT INTO user_report(reportID, reasonID)VALUES(399,1);INSERT INTO report(reportID, reporterID, reportedID)VALUES(399,15,10);INSERT INTO reported_article(reportID, articleID)VALUES(399,61);INSERT INTO reason(reportID, reasonID)VALUES(399,1);INSERT INTO user_report(reportID, reasonID)VALUES(400,3);INSERT INTO report(reportID, reporterID, reportedID)VALUES(400,10,10);INSERT INTO reported_article(reportID, articleID)VALUES(400,61);INSERT INTO reason(reportID, reasonID)VALUES(400,3);INSERT INTO user_report(reportID, reasonID)VALUES(401,1);INSERT INTO report(reportID, reporterID, reportedID)VALUES(401,19,17);INSERT INTO report_comment(reportID, commentID)VALUES(401,55);INSERT INTO reason(reportID, reasonID)VALUES(401,1);INSERT INTO user_report(reportID, reasonID)VALUES(402,2);INSERT INTO report(reportID, reporterID, reportedID)VALUES(402,5,17);INSERT INTO report_comment(reportID, commentID)VALUES(402,55);INSERT INTO reason(reportID, reasonID)VALUES(402,2);INSERT INTO user_report(reportID, reasonID)VALUES(403,1);INSERT INTO report(reportID, reporterID, reportedID)VALUES(403,14,17);INSERT INTO report_comment(reportID, commentID)VALUES(403,55);INSERT INTO reason(reportID, reasonID)VALUES(403,1);INSERT INTO user_report(reportID, reasonID)VALUES(404,3);INSERT INTO report(reportID, reporterID, reportedID)VALUES(404,18,17);INSERT INTO report_comment(reportID, commentID)VALUES(404,55);INSERT INTO reason(reportID, reasonID)VALUES(404,3);INSERT INTO user_report(reportID, reasonID)VALUES(405,1);INSERT INTO report(reportID, reporterID, reportedID)VALUES(405,14,17);INSERT INTO report_comment(reportID, commentID)VALUES(405,55);INSERT INTO reason(reportID, reasonID)VALUES(405,1);INSERT INTO user_report(reportID, reasonID)VALUES(406,3);INSERT INTO report(reportID, reporterID, reportedID)VALUES(406,4,17);INSERT INTO report_comment(reportID, commentID)VALUES(406,55);INSERT INTO reason(reportID, reasonID)VALUES(406,3);INSERT INTO user_report(reportID, reasonID)VALUES(407,1);INSERT INTO report(reportID, reporterID, reportedID)VALUES(407,3,17);INSERT INTO report_comment(reportID, commentID)VALUES(407,55);INSERT INTO reason(reportID, reasonID)VALUES(407,1);INSERT INTO user_report(reportID, reasonID)VALUES(408,2);INSERT INTO report(reportID, reporterID, reportedID)VALUES(408,8,17);INSERT INTO report_comment(reportID, commentID)VALUES(408,55);INSERT INTO reason(reportID, reasonID)VALUES(408,2);INSERT INTO user_report(reportID, reasonID)VALUES(409,4);INSERT INTO report(reportID, reporterID, reportedID)VALUES(409,3,17);INSERT INTO report_comment(reportID, commentID)VALUES(409,55);INSERT INTO reason(reportID, reasonID)VALUES(409,4);INSERT INTO user_report(reportID, reasonID)VALUES(410,4);INSERT INTO report(reportID, reporterID, reportedID)VALUES(410,15,17);INSERT INTO report_comment(reportID, commentID)VALUES(410,55);INSERT INTO reason(reportID, reasonID)VALUES(410,4);INSERT INTO user_report(reportID, reasonID)VALUES(411,3);INSERT INTO report(reportID, reporterID, reportedID)VALUES(411,4,17);INSERT INTO report_comment(reportID, commentID)VALUES(411,55);INSERT INTO reason(reportID, reasonID)VALUES(411,3);INSERT INTO user_report(reportID, reasonID)VALUES(412,1);INSERT INTO report(reportID, reporterID, reportedID)VALUES(412,20,17);INSERT INTO report_comment(reportID, commentID)VALUES(412,55);INSERT INTO reason(reportID, reasonID)VALUES(412,1);INSERT INTO user_report(reportID, reasonID)VALUES(413,2);INSERT INTO report(reportID, reporterID, reportedID)VALUES(413,14,17);INSERT INTO report_comment(reportID, commentID)VALUES(413,55);INSERT INTO reason(reportID, reasonID)VALUES(413,2);INSERT INTO user_report(reportID, reasonID)VALUES(414,2);INSERT INTO report(reportID, reporterID, reportedID)VALUES(414,11,17);INSERT INTO report_comment(reportID, commentID)VALUES(414,55);INSERT INTO reason(reportID, reasonID)VALUES(414,2);INSERT INTO user_report(reportID, reasonID)VALUES(415,2);INSERT INTO report(reportID, reporterID, reportedID)VALUES(415,11,17);INSERT INTO report_comment(reportID, commentID)VALUES(415,55);INSERT INTO reason(reportID, reasonID)VALUES(415,2);INSERT INTO user_report(reportID, reasonID)VALUES(416,1);INSERT INTO report(reportID, reporterID, reportedID)VALUES(416,5,17);INSERT INTO report_comment(reportID, commentID)VALUES(416,55);INSERT INTO reason(reportID, reasonID)VALUES(416,1);INSERT INTO user_report(reportID, reasonID)VALUES(417,5);INSERT INTO report(reportID, reporterID, reportedID)VALUES(417,7,17);INSERT INTO report_comment(reportID, commentID)VALUES(417,55);INSERT INTO reason(reportID, reasonID)VALUES(417,5);INSERT INTO user_report(reportID, reasonID)VALUES(418,4);INSERT INTO report(reportID, reporterID, reportedID)VALUES(418,9,17);INSERT INTO report_comment(reportID, commentID)VALUES(418,55);INSERT INTO reason(reportID, reasonID)VALUES(418,4);INSERT INTO user_report(reportID, reasonID)VALUES(419,2);INSERT INTO report(reportID, reporterID, reportedID)VALUES(419,5,17);INSERT INTO report_comment(reportID, commentID)VALUES(419,55);INSERT INTO reason(reportID, reasonID)VALUES(419,2);INSERT INTO user_report(reportID, reasonID)VALUES(420,3);INSERT INTO report(reportID, reporterID, reportedID)VALUES(420,3,17);INSERT INTO report_comment(reportID, commentID)VALUES(420,55);INSERT INTO reason(reportID, reasonID)VALUES(420,3);INSERT INTO user_report(reportID, reasonID)VALUES(421,5);INSERT INTO report(reportID, reporterID, reportedID)VALUES(421,1,17);INSERT INTO report_comment(reportID, commentID)VALUES(421,55);INSERT INTO reason(reportID, reasonID)VALUES(421,5);INSERT INTO user_report(reportID, reasonID)VALUES(422,2);INSERT INTO report(reportID, reporterID, reportedID)VALUES(422,19,17);INSERT INTO report_comment(reportID, commentID)VALUES(422,55);INSERT INTO reason(reportID, reasonID)VALUES(422,2);INSERT INTO user_report(reportID, reasonID)VALUES(423,2);INSERT INTO report(reportID, reporterID, reportedID)VALUES(423,2,17);INSERT INTO report_comment(reportID, commentID)VALUES(423,55);INSERT INTO reason(reportID, reasonID)VALUES(423,2);INSERT INTO user_report(reportID, reasonID)VALUES(424,4);INSERT INTO report(reportID, reporterID, reportedID)VALUES(424,14,17);INSERT INTO report_comment(reportID, commentID)VALUES(424,55);INSERT INTO reason(reportID, reasonID)VALUES(424,4);INSERT INTO user_report(reportID, reasonID)VALUES(425,4);INSERT INTO report(reportID, reporterID, reportedID)VALUES(425,10,17);INSERT INTO report_comment(reportID, commentID)VALUES(425,55);INSERT INTO reason(reportID, reasonID)VALUES(425,4);INSERT INTO user_report(reportID, reasonID)VALUES(426,1);INSERT INTO report(reportID, reporterID, reportedID)VALUES(426,6,17);INSERT INTO report_comment(reportID, commentID)VALUES(426,55);INSERT INTO reason(reportID, reasonID)VALUES(426,1);INSERT INTO user_report(reportID, reasonID)VALUES(427,2);INSERT INTO report(reportID, reporterID, reportedID)VALUES(427,16,17);INSERT INTO report_comment(reportID, commentID)VALUES(427,55);INSERT INTO reason(reportID, reasonID)VALUES(427,2);INSERT INTO user_report(reportID, reasonID)VALUES(428,3);INSERT INTO report(reportID, reporterID, reportedID)VALUES(428,19,17);INSERT INTO report_comment(reportID, commentID)VALUES(428,55);INSERT INTO reason(reportID, reasonID)VALUES(428,3);INSERT INTO user_report(reportID, reasonID)VALUES(429,2);INSERT INTO report(reportID, reporterID, reportedID)VALUES(429,5,17);INSERT INTO report_comment(reportID, commentID)VALUES(429,55);INSERT INTO reason(reportID, reasonID)VALUES(429,2);INSERT INTO user_report(reportID, reasonID)VALUES(430,4);INSERT INTO report(reportID, reporterID, reportedID)VALUES(430,8,17);INSERT INTO report_comment(reportID, commentID)VALUES(430,55);INSERT INTO reason(reportID, reasonID)VALUES(430,4);INSERT INTO user_report(reportID, reasonID)VALUES(431,5);INSERT INTO report(reportID, reporterID, reportedID)VALUES(431,11,17);INSERT INTO report_comment(reportID, commentID)VALUES(431,55);INSERT INTO reason(reportID, reasonID)VALUES(431,5);INSERT INTO user_report(reportID, reasonID)VALUES(432,4);INSERT INTO report(reportID, reporterID, reportedID)VALUES(432,1,17);INSERT INTO report_comment(reportID, commentID)VALUES(432,55);INSERT INTO reason(reportID, reasonID)VALUES(432,4);INSERT INTO user_report(reportID, reasonID)VALUES(433,1);INSERT INTO report(reportID, reporterID, reportedID)VALUES(433,10,17);INSERT INTO report_comment(reportID, commentID)VALUES(433,55);INSERT INTO reason(reportID, reasonID)VALUES(433,1);INSERT INTO user_report(reportID, reasonID)VALUES(434,4);INSERT INTO report(reportID, reporterID, reportedID)VALUES(434,1,17);INSERT INTO report_comment(reportID, commentID)VALUES(434,55);INSERT INTO reason(reportID, reasonID)VALUES(434,4);INSERT INTO user_report(reportID, reasonID)VALUES(435,4);INSERT INTO report(reportID, reporterID, reportedID)VALUES(435,1,17);INSERT INTO report_comment(reportID, commentID)VALUES(435,55);INSERT INTO reason(reportID, reasonID)VALUES(435,4);INSERT INTO user_report(reportID, reasonID)VALUES(436,1);INSERT INTO report(reportID, reporterID, reportedID)VALUES(436,15,17);INSERT INTO report_comment(reportID, commentID)VALUES(436,55);INSERT INTO reason(reportID, reasonID)VALUES(436,1);INSERT INTO user_report(reportID, reasonID)VALUES(437,4);INSERT INTO report(reportID, reporterID, reportedID)VALUES(437,7,17);INSERT INTO report_comment(reportID, commentID)VALUES(437,55);INSERT INTO reason(reportID, reasonID)VALUES(437,4);INSERT INTO user_report(reportID, reasonID)VALUES(438,3);INSERT INTO report(reportID, reporterID, reportedID)VALUES(438,13,17);INSERT INTO report_comment(reportID, commentID)VALUES(438,55);INSERT INTO reason(reportID, reasonID)VALUES(438,3);INSERT INTO user_report(reportID, reasonID)VALUES(439,2);INSERT INTO report(reportID, reporterID, reportedID)VALUES(439,9,17);INSERT INTO report_comment(reportID, commentID)VALUES(439,55);INSERT INTO reason(reportID, reasonID)VALUES(439,2);INSERT INTO user_report(reportID, reasonID)VALUES(440,3);INSERT INTO report(reportID, reporterID, reportedID)VALUES(440,11,17);INSERT INTO report_comment(reportID, commentID)VALUES(440,55);INSERT INTO reason(reportID, reasonID)VALUES(440,3);INSERT INTO user_report(reportID, reasonID)VALUES(441,3);INSERT INTO report(reportID, reporterID, reportedID)VALUES(441,9,17);INSERT INTO report_comment(reportID, commentID)VALUES(441,55);INSERT INTO reason(reportID, reasonID)VALUES(441,3);INSERT INTO user_report(reportID, reasonID)VALUES(442,3);INSERT INTO report(reportID, reporterID, reportedID)VALUES(442,20,17);INSERT INTO report_comment(reportID, commentID)VALUES(442,55);INSERT INTO reason(reportID, reasonID)VALUES(442,3);INSERT INTO user_report(reportID, reasonID)VALUES(443,5);INSERT INTO report(reportID, reporterID, reportedID)VALUES(443,1,17);INSERT INTO report_comment(reportID, commentID)VALUES(443,55);INSERT INTO reason(reportID, reasonID)VALUES(443,5);INSERT INTO user_report(reportID, reasonID)VALUES(444,1);INSERT INTO report(reportID, reporterID, reportedID)VALUES(444,18,17);INSERT INTO report_comment(reportID, commentID)VALUES(444,55);INSERT INTO reason(reportID, reasonID)VALUES(444,1);INSERT INTO user_report(reportID, reasonID)VALUES(445,1);INSERT INTO report(reportID, reporterID, reportedID)VALUES(445,13,17);INSERT INTO report_comment(reportID, commentID)VALUES(445,55);INSERT INTO reason(reportID, reasonID)VALUES(445,1);INSERT INTO user_report(reportID, reasonID)VALUES(446,2);INSERT INTO report(reportID, reporterID, reportedID)VALUES(446,12,17);INSERT INTO report_comment(reportID, commentID)VALUES(446,55);INSERT INTO reason(reportID, reasonID)VALUES(446,2);INSERT INTO user_report(reportID, reasonID)VALUES(447,4);INSERT INTO report(reportID, reporterID, reportedID)VALUES(447,2,17);INSERT INTO report_comment(reportID, commentID)VALUES(447,55);INSERT INTO reason(reportID, reasonID)VALUES(447,4);INSERT INTO user_report(reportID, reasonID)VALUES(448,5);INSERT INTO report(reportID, reporterID, reportedID)VALUES(448,12,17);INSERT INTO report_comment(reportID, commentID)VALUES(448,55);INSERT INTO reason(reportID, reasonID)VALUES(448,5);INSERT INTO user_report(reportID, reasonID)VALUES(449,4);INSERT INTO report(reportID, reporterID, reportedID)VALUES(449,15,17);INSERT INTO report_comment(reportID, commentID)VALUES(449,55);INSERT INTO reason(reportID, reasonID)VALUES(449,4);INSERT INTO user_report(reportID, reasonID)VALUES(450,5);INSERT INTO report(reportID, reporterID, reportedID)VALUES(450,10,17);INSERT INTO report_comment(reportID, commentID)VALUES(450,55);INSERT INTO reason(reportID, reasonID)VALUES(450,5);INSERT INTO user_report(reportID, reasonID)VALUES(451,3);INSERT INTO report(reportID, reporterID, reportedID)VALUES(451,13,17);INSERT INTO report_comment(reportID, commentID)VALUES(451,6);INSERT INTO reason(reportID, reasonID)VALUES(451,3);INSERT INTO user_report(reportID, reasonID)VALUES(452,5);INSERT INTO report(reportID, reporterID, reportedID)VALUES(452,19,17);INSERT INTO report_comment(reportID, commentID)VALUES(452,6);INSERT INTO reason(reportID, reasonID)VALUES(452,5);INSERT INTO user_report(reportID, reasonID)VALUES(453,5);INSERT INTO report(reportID, reporterID, reportedID)VALUES(453,11,17);INSERT INTO report_comment(reportID, commentID)VALUES(453,6);INSERT INTO reason(reportID, reasonID)VALUES(453,5);INSERT INTO user_report(reportID, reasonID)VALUES(454,3);INSERT INTO report(reportID, reporterID, reportedID)VALUES(454,7,17);INSERT INTO report_comment(reportID, commentID)VALUES(454,6);INSERT INTO reason(reportID, reasonID)VALUES(454,3);INSERT INTO user_report(reportID, reasonID)VALUES(455,4);INSERT INTO report(reportID, reporterID, reportedID)VALUES(455,3,17);INSERT INTO report_comment(reportID, commentID)VALUES(455,6);INSERT INTO reason(reportID, reasonID)VALUES(455,4);INSERT INTO user_report(reportID, reasonID)VALUES(456,4);INSERT INTO report(reportID, reporterID, reportedID)VALUES(456,19,17);INSERT INTO report_comment(reportID, commentID)VALUES(456,6);INSERT INTO reason(reportID, reasonID)VALUES(456,4);INSERT INTO user_report(reportID, reasonID)VALUES(457,5);INSERT INTO report(reportID, reporterID, reportedID)VALUES(457,18,17);INSERT INTO report_comment(reportID, commentID)VALUES(457,6);INSERT INTO reason(reportID, reasonID)VALUES(457,5);INSERT INTO user_report(reportID, reasonID)VALUES(458,5);INSERT INTO report(reportID, reporterID, reportedID)VALUES(458,3,17);INSERT INTO report_comment(reportID, commentID)VALUES(458,6);INSERT INTO reason(reportID, reasonID)VALUES(458,5);INSERT INTO user_report(reportID, reasonID)VALUES(459,4);INSERT INTO report(reportID, reporterID, reportedID)VALUES(459,7,17);INSERT INTO report_comment(reportID, commentID)VALUES(459,6);INSERT INTO reason(reportID, reasonID)VALUES(459,4);INSERT INTO user_report(reportID, reasonID)VALUES(460,3);INSERT INTO report(reportID, reporterID, reportedID)VALUES(460,1,17);INSERT INTO report_comment(reportID, commentID)VALUES(460,6);INSERT INTO reason(reportID, reasonID)VALUES(460,3);INSERT INTO user_report(reportID, reasonID)VALUES(461,5);INSERT INTO report(reportID, reporterID, reportedID)VALUES(461,2,17);INSERT INTO report_comment(reportID, commentID)VALUES(461,6);INSERT INTO reason(reportID, reasonID)VALUES(461,5);INSERT INTO user_report(reportID, reasonID)VALUES(462,2);INSERT INTO report(reportID, reporterID, reportedID)VALUES(462,14,17);INSERT INTO report_comment(reportID, commentID)VALUES(462,6);INSERT INTO reason(reportID, reasonID)VALUES(462,2);INSERT INTO user_report(reportID, reasonID)VALUES(463,1);INSERT INTO report(reportID, reporterID, reportedID)VALUES(463,6,17);INSERT INTO report_comment(reportID, commentID)VALUES(463,6);INSERT INTO reason(reportID, reasonID)VALUES(463,1);INSERT INTO user_report(reportID, reasonID)VALUES(464,2);INSERT INTO report(reportID, reporterID, reportedID)VALUES(464,14,17);INSERT INTO report_comment(reportID, commentID)VALUES(464,6);INSERT INTO reason(reportID, reasonID)VALUES(464,2);INSERT INTO user_report(reportID, reasonID)VALUES(465,4);INSERT INTO report(reportID, reporterID, reportedID)VALUES(465,10,17);INSERT INTO report_comment(reportID, commentID)VALUES(465,6);INSERT INTO reason(reportID, reasonID)VALUES(465,4);INSERT INTO user_report(reportID, reasonID)VALUES(466,4);INSERT INTO report(reportID, reporterID, reportedID)VALUES(466,12,17);INSERT INTO report_comment(reportID, commentID)VALUES(466,6);INSERT INTO reason(reportID, reasonID)VALUES(466,4);INSERT INTO user_report(reportID, reasonID)VALUES(467,2);INSERT INTO report(reportID, reporterID, reportedID)VALUES(467,17,17);INSERT INTO report_comment(reportID, commentID)VALUES(467,6);INSERT INTO reason(reportID, reasonID)VALUES(467,2);INSERT INTO user_report(reportID, reasonID)VALUES(468,5);INSERT INTO report(reportID, reporterID, reportedID)VALUES(468,16,17);INSERT INTO report_comment(reportID, commentID)VALUES(468,6);INSERT INTO reason(reportID, reasonID)VALUES(468,5);INSERT INTO user_report(reportID, reasonID)VALUES(469,5);INSERT INTO report(reportID, reporterID, reportedID)VALUES(469,18,17);INSERT INTO report_comment(reportID, commentID)VALUES(469,6);INSERT INTO reason(reportID, reasonID)VALUES(469,5);INSERT INTO user_report(reportID, reasonID)VALUES(470,5);INSERT INTO report(reportID, reporterID, reportedID)VALUES(470,2,17);INSERT INTO report_comment(reportID, commentID)VALUES(470,6);INSERT INTO reason(reportID, reasonID)VALUES(470,5);INSERT INTO user_report(reportID, reasonID)VALUES(471,1);INSERT INTO report(reportID, reporterID, reportedID)VALUES(471,2,17);INSERT INTO report_comment(reportID, commentID)VALUES(471,6);INSERT INTO reason(reportID, reasonID)VALUES(471,1);INSERT INTO user_report(reportID, reasonID)VALUES(472,5);INSERT INTO report(reportID, reporterID, reportedID)VALUES(472,3,17);INSERT INTO report_comment(reportID, commentID)VALUES(472,6);INSERT INTO reason(reportID, reasonID)VALUES(472,5);INSERT INTO user_report(reportID, reasonID)VALUES(473,4);INSERT INTO report(reportID, reporterID, reportedID)VALUES(473,17,17);INSERT INTO report_comment(reportID, commentID)VALUES(473,6);INSERT INTO reason(reportID, reasonID)VALUES(473,4);INSERT INTO user_report(reportID, reasonID)VALUES(474,4);INSERT INTO report(reportID, reporterID, reportedID)VALUES(474,10,17);INSERT INTO report_comment(reportID, commentID)VALUES(474,6);INSERT INTO reason(reportID, reasonID)VALUES(474,4);INSERT INTO user_report(reportID, reasonID)VALUES(475,4);INSERT INTO report(reportID, reporterID, reportedID)VALUES(475,4,17);INSERT INTO report_comment(reportID, commentID)VALUES(475,6);INSERT INTO reason(reportID, reasonID)VALUES(475,4);INSERT INTO user_report(reportID, reasonID)VALUES(476,1);INSERT INTO report(reportID, reporterID, reportedID)VALUES(476,7,17);INSERT INTO report_comment(reportID, commentID)VALUES(476,6);INSERT INTO reason(reportID, reasonID)VALUES(476,1);INSERT INTO user_report(reportID, reasonID)VALUES(477,5);INSERT INTO report(reportID, reporterID, reportedID)VALUES(477,19,17);INSERT INTO report_comment(reportID, commentID)VALUES(477,6);INSERT INTO reason(reportID, reasonID)VALUES(477,5);INSERT INTO user_report(reportID, reasonID)VALUES(478,4);INSERT INTO report(reportID, reporterID, reportedID)VALUES(478,20,17);INSERT INTO report_comment(reportID, commentID)VALUES(478,6);INSERT INTO reason(reportID, reasonID)VALUES(478,4);INSERT INTO user_report(reportID, reasonID)VALUES(479,5);INSERT INTO report(reportID, reporterID, reportedID)VALUES(479,6,17);INSERT INTO report_comment(reportID, commentID)VALUES(479,6);INSERT INTO reason(reportID, reasonID)VALUES(479,5);INSERT INTO user_report(reportID, reasonID)VALUES(480,1);INSERT INTO report(reportID, reporterID, reportedID)VALUES(480,12,17);INSERT INTO report_comment(reportID, commentID)VALUES(480,6);INSERT INTO reason(reportID, reasonID)VALUES(480,1);INSERT INTO user_report(reportID, reasonID)VALUES(481,4);INSERT INTO report(reportID, reporterID, reportedID)VALUES(481,6,17);INSERT INTO report_comment(reportID, commentID)VALUES(481,6);INSERT INTO reason(reportID, reasonID)VALUES(481,4);INSERT INTO user_report(reportID, reasonID)VALUES(482,2);INSERT INTO report(reportID, reporterID, reportedID)VALUES(482,5,17);INSERT INTO report_comment(reportID, commentID)VALUES(482,6);INSERT INTO reason(reportID, reasonID)VALUES(482,2);INSERT INTO user_report(reportID, reasonID)VALUES(483,4);INSERT INTO report(reportID, reporterID, reportedID)VALUES(483,20,17);INSERT INTO report_comment(reportID, commentID)VALUES(483,6);INSERT INTO reason(reportID, reasonID)VALUES(483,4);INSERT INTO user_report(reportID, reasonID)VALUES(484,3);INSERT INTO report(reportID, reporterID, reportedID)VALUES(484,5,17);INSERT INTO report_comment(reportID, commentID)VALUES(484,6);INSERT INTO reason(reportID, reasonID)VALUES(484,3);INSERT INTO user_report(reportID, reasonID)VALUES(485,3);INSERT INTO report(reportID, reporterID, reportedID)VALUES(485,20,17);INSERT INTO report_comment(reportID, commentID)VALUES(485,6);INSERT INTO reason(reportID, reasonID)VALUES(485,3);INSERT INTO user_report(reportID, reasonID)VALUES(486,2);INSERT INTO report(reportID, reporterID, reportedID)VALUES(486,9,17);INSERT INTO report_comment(reportID, commentID)VALUES(486,6);INSERT INTO reason(reportID, reasonID)VALUES(486,2);INSERT INTO user_report(reportID, reasonID)VALUES(487,4);INSERT INTO report(reportID, reporterID, reportedID)VALUES(487,11,17);INSERT INTO report_comment(reportID, commentID)VALUES(487,6);INSERT INTO reason(reportID, reasonID)VALUES(487,4);INSERT INTO user_report(reportID, reasonID)VALUES(488,4);INSERT INTO report(reportID, reporterID, reportedID)VALUES(488,20,17);INSERT INTO report_comment(reportID, commentID)VALUES(488,6);INSERT INTO reason(reportID, reasonID)VALUES(488,4);INSERT INTO user_report(reportID, reasonID)VALUES(489,5);INSERT INTO report(reportID, reporterID, reportedID)VALUES(489,12,17);INSERT INTO report_comment(reportID, commentID)VALUES(489,6);INSERT INTO reason(reportID, reasonID)VALUES(489,5);INSERT INTO user_report(reportID, reasonID)VALUES(490,3);INSERT INTO report(reportID, reporterID, reportedID)VALUES(490,5,17);INSERT INTO report_comment(reportID, commentID)VALUES(490,6);INSERT INTO reason(reportID, reasonID)VALUES(490,3);INSERT INTO user_report(reportID, reasonID)VALUES(491,1);INSERT INTO report(reportID, reporterID, reportedID)VALUES(491,17,17);INSERT INTO report_comment(reportID, commentID)VALUES(491,6);INSERT INTO reason(reportID, reasonID)VALUES(491,1);INSERT INTO user_report(reportID, reasonID)VALUES(492,2);INSERT INTO report(reportID, reporterID, reportedID)VALUES(492,10,17);INSERT INTO report_comment(reportID, commentID)VALUES(492,6);INSERT INTO reason(reportID, reasonID)VALUES(492,2);INSERT INTO user_report(reportID, reasonID)VALUES(493,2);INSERT INTO report(reportID, reporterID, reportedID)VALUES(493,14,17);INSERT INTO report_comment(reportID, commentID)VALUES(493,6);INSERT INTO reason(reportID, reasonID)VALUES(493,2);INSERT INTO user_report(reportID, reasonID)VALUES(494,4);INSERT INTO report(reportID, reporterID, reportedID)VALUES(494,4,17);INSERT INTO report_comment(reportID, commentID)VALUES(494,6);INSERT INTO reason(reportID, reasonID)VALUES(494,4);INSERT INTO user_report(reportID, reasonID)VALUES(495,4);INSERT INTO report(reportID, reporterID, reportedID)VALUES(495,6,17);INSERT INTO report_comment(reportID, commentID)VALUES(495,6);INSERT INTO reason(reportID, reasonID)VALUES(495,4);INSERT INTO user_report(reportID, reasonID)VALUES(496,5);INSERT INTO report(reportID, reporterID, reportedID)VALUES(496,6,17);INSERT INTO report_comment(reportID, commentID)VALUES(496,6);INSERT INTO reason(reportID, reasonID)VALUES(496,5);INSERT INTO user_report(reportID, reasonID)VALUES(497,4);INSERT INTO report(reportID, reporterID, reportedID)VALUES(497,14,17);INSERT INTO report_comment(reportID, commentID)VALUES(497,6);INSERT INTO reason(reportID, reasonID)VALUES(497,4);INSERT INTO user_report(reportID, reasonID)VALUES(498,4);INSERT INTO report(reportID, reporterID, reportedID)VALUES(498,5,17);INSERT INTO report_comment(reportID, commentID)VALUES(498,6);INSERT INTO reason(reportID, reasonID)VALUES(498,4);INSERT INTO user_report(reportID, reasonID)VALUES(499,4);INSERT INTO report(reportID, reporterID, reportedID)VALUES(499,14,17);INSERT INTO report_comment(reportID, commentID)VALUES(499,6);INSERT INTO reason(reportID, reasonID)VALUES(499,4);INSERT INTO user_report(reportID, reasonID)VALUES(500,3);INSERT INTO report(reportID, reporterID, reportedID)VALUES(500,18,17);INSERT INTO report_comment(reportID, commentID)VALUES(500,6);INSERT INTO reason(reportID, reasonID)VALUES(500,3);INSERT INTO favorites(publisherID, articleID)VALUES(1,40);INSERT INTO favorites(publisherID, articleID)VALUES(2,58);INSERT INTO favorites(publisherID, articleID)VALUES(3,38);INSERT INTO favorites(publisherID, articleID)VALUES(4,59);INSERT INTO favorites(publisherID, articleID)VALUES(5,8);INSERT INTO favorites(publisherID, articleID)VALUES(6,4);INSERT INTO favorites(publisherID, articleID)VALUES(1,22);INSERT INTO favorites(publisherID, articleID)VALUES(1,53);INSERT INTO favorites(publisherID, articleID)VALUES(2,52);INSERT INTO favorites(publisherID, articleID)VALUES(3,20);INSERT INTO favorites(publisherID, articleID)VALUES(4,38);INSERT INTO favorites(publisherID, articleID)VALUES(5,20);INSERT INTO favorites(publisherID, articleID)VALUES(6,33);INSERT INTO favorites(publisherID, articleID)VALUES(7,18);INSERT INTO favorites(publisherID, articleID)VALUES(8,5);INSERT INTO favorites(publisherID, articleID)VALUES(1,23);INSERT INTO favorites(publisherID, articleID)VALUES(2,29);INSERT INTO favorites(publisherID, articleID)VALUES(3,49);INSERT INTO favorites(publisherID, articleID)VALUES(4,11);INSERT INTO favorites(publisherID, articleID)VALUES(5,54);INSERT INTO favorites(publisherID, articleID)VALUES(6,35);INSERT INTO favorites(publisherID, articleID)VALUES(1,11);INSERT INTO favorites(publisherID, articleID)VALUES(2,45);INSERT INTO favorites(publisherID, articleID)VALUES(3,6);INSERT INTO favorites(publisherID, articleID)VALUES(4,59);INSERT INTO favorites(publisherID, articleID)VALUES(5,43);INSERT INTO favorites(publisherID, articleID)VALUES(6,30);INSERT INTO favorites(publisherID, articleID)VALUES(1,31);INSERT INTO favorites(publisherID, articleID)VALUES(1,35);INSERT INTO favorites(publisherID, articleID)VALUES(2,32);INSERT INTO favorites(publisherID, articleID)VALUES(3,59);INSERT INTO favorites(publisherID, articleID)VALUES(4,5);INSERT INTO favorites(publisherID, articleID)VALUES(5,16);INSERT INTO favorites(publisherID, articleID)VALUES(6,50);INSERT INTO favorites(publisherID, articleID)VALUES(7,37);INSERT INTO favorites(publisherID, articleID)VALUES(1,10);INSERT INTO favorites(publisherID, articleID)VALUES(2,15);INSERT INTO favorites(publisherID, articleID)VALUES(1,23);INSERT INTO favorites(publisherID, articleID)VALUES(2,41);INSERT INTO favorites(publisherID, articleID)VALUES(3,46);INSERT INTO favorites(publisherID, articleID)VALUES(4,31);INSERT INTO favorites(publisherID, articleID)VALUES(5,53);INSERT INTO favorites(publisherID, articleID)VALUES(6,14);INSERT INTO favorites(publisherID, articleID)VALUES(1,44);INSERT INTO favorites(publisherID, articleID)VALUES(2,6);INSERT INTO favorites(publisherID, articleID)VALUES(3,3);INSERT INTO favorites(publisherID, articleID)VALUES(4,38);INSERT INTO favorites(publisherID, articleID)VALUES(5,33);INSERT INTO favorites(publisherID, articleID)VALUES(6,17);INSERT INTO favorites(publisherID, articleID)VALUES(7,33);INSERT INTO favorites(publisherID, articleID)VALUES(1,20);INSERT INTO favorites(publisherID, articleID)VALUES(2,60);INSERT INTO favorites(publisherID, articleID)VALUES(1,8);INSERT INTO favorites(publisherID, articleID)VALUES(2,46);INSERT INTO favorites(publisherID, articleID)VALUES(3,15);INSERT INTO favorites(publisherID, articleID)VALUES(4,45);INSERT INTO favorites(publisherID, articleID)VALUES(1,14);INSERT INTO favorites(publisherID, articleID)VALUES(1,55);INSERT INTO favorites(publisherID, articleID)VALUES(2,28);INSERT INTO favorites(publisherID, articleID)VALUES(3,60);INSERT INTO favorites(publisherID, articleID)VALUES(1,38);INSERT INTO favorites(publisherID, articleID)VALUES(2,58);INSERT INTO favorites(publisherID, articleID)VALUES(3,47);INSERT INTO favorites(publisherID, articleID)VALUES(4,41);INSERT INTO favorites(publisherID, articleID)VALUES(5,30);INSERT INTO favorites(publisherID, articleID)VALUES(6,58);INSERT INTO favorites(publisherID, articleID)VALUES(7,5);INSERT INTO favorites(publisherID, articleID)VALUES(8,29);INSERT INTO favorites(publisherID, articleID)VALUES(1,16);INSERT INTO favorites(publisherID, articleID)VALUES(2,9);INSERT INTO favorites(publisherID, articleID)VALUES(3,39);INSERT INTO favorites(publisherID, articleID)VALUES(4,25);INSERT INTO favorites(publisherID, articleID)VALUES(1,16);INSERT INTO favorites(publisherID, articleID)VALUES(2,41);INSERT INTO favorites(publisherID, articleID)VALUES(3,1);INSERT INTO favorites(publisherID, articleID)VALUES(4,19);INSERT INTO favorites(publisherID, articleID)VALUES(1,23);INSERT INTO favorites(publisherID, articleID)VALUES(2,40);INSERT INTO favorites(publisherID, articleID)VALUES(3,25);INSERT INTO favorites(publisherID, articleID)VALUES(4,19);INSERT INTO favorites(publisherID, articleID)VALUES(1,21);INSERT INTO favorites(publisherID, articleID)VALUES(2,33);INSERT INTO favorites(publisherID, articleID)VALUES(3,58);INSERT INTO favorites(publisherID, articleID)VALUES(4,44);INSERT INTO favorites(publisherID, articleID)VALUES(5,9);INSERT INTO favorites(publisherID, articleID)VALUES(6,9);INSERT INTO favorites(publisherID, articleID)VALUES(7,27);INSERT INTO favorites(publisherID, articleID)VALUES(8,46);